sample	contig	qlen	ref	sstart	send	host_genus	host_species
B1_6_months	k141_11987_phage171_86355_120697_42_0.74	34343	B1_6_months__137838_Clostridium_neonatale__k141_11987	86356	120698	Clostridium	Clostridium neonatale
B1_6_months	k141_13615	38994	B1_6_months__1128111_Veillonella_atypica__k141_13615	1	38994	Veillonella	Veillonella atypica
B1_6_months	k141_14552_phage68_4456_17370_14_0.54	12915	B1_6_months__137838_Clostridium_neonatale__k141_14552	4457	17371	Clostridium	Clostridium neonatale
B1_6_months	k141_15974	15974	B1_6_months__249061_uncultured_Actinomyces_sp.__k141_15974	1	15974	Actinomyces	uncultured Actinomyces sp.
B1_6_months	k141_17860_phage197_58439_81251_35_0.77	22813	B1_6_months__137838_Clostridium_neonatale__k141_17860	58440	81252	Clostridium	Clostridium neonatale
B1_6_months	k141_19027_phage276_23624_51078_32_0.62	27455	B1_6_months__137838_Clostridium_neonatale__k141_19027	23625	51079	Clostridium	Clostridium neonatale
B1_6_months	k141_19721	10603	B1_6_months__137838_Clostridium_neonatale__k141_19721	1	10603	Clostridium	Clostridium neonatale
B1_6_months	k141_19998	12797	B1_6_months__39777_Veillonella_atypica__k141_19998	1	12797	Veillonella	Veillonella atypica
B1_6_months	k141_21719_phage230_2_10051_16_0.86	10049	B1_6_months__137838_Clostridium_neonatale__k141_21719	3	10051	Clostridium	Clostridium neonatale
B1_6_months	k141_23339	17874	B1_6_months__249061_uncultured_Actinomyces_sp.__k141_23339	1	17874	Actinomyces	uncultured Actinomyces sp.
B1_6_months	k141_23448	31262	B1_6_months__137838_Clostridium_neonatale__k141_23448	1	31262	Clostridium	Clostridium neonatale
B1_6_months	k141_23667_1_checkv_155211-200248/225330	45038	B1_6_months__1311_Streptococcus_agalactiae__k141_23667	155211	200248	Streptococcus	Streptococcus agalactiae
B1_6_months	k141_24128	19798	B1_6_months__249061_uncultured_Actinomyces_sp.__k141_24128	1	19798	Actinomyces	uncultured Actinomyces sp.
B1_6_months	k141_2516_phage272_201023_221544_32_0.75	20522	B1_6_months__1311_Streptococcus_agalactiae__k141_2516	201024	221545	Streptococcus	Streptococcus agalactiae
B1_6_months	k141_28566_phage130_3003_21785_23_0.56	18783	B1_6_months__1311_Streptococcus_agalactiae__k141_28566	3004	21786	Streptococcus	Streptococcus agalactiae
B1_6_months	k141_30228	20863	B1_6_months__729_Haemophilus_parainfluenzae__k141_30228	1	20863	Haemophilus	Haemophilus parainfluenzae
B1_6_months	k141_30303_phage0_1_15226_17_0.78	15226	B1_6_months__137838_Clostridium_neonatale__k141_30303	2	15227	Clostridium	Clostridium neonatale
B1_6_months	k141_30945_phage44_4527_22491_13_0.53	17965	B1_6_months__249061_uncultured_Actinomyces_sp.__k141_30945	4528	22492	Actinomyces	uncultured Actinomyces sp.
B1_6_months	k141_31064_1_checkv_135200-184364/184364	49165	B1_6_months__3015964_Streptococcus_agalactiae__k141_31064	135200	184364	Streptococcus	Streptococcus agalactiae
B1_6_months	k141_31740_phage146_17911_45831_33_0.63	27921	B1_6_months__137838_Clostridium_neonatale__k141_31740	17912	45832	Clostridium	Clostridium neonatale
B1_6_months	k141_32001_phage192_155734_173990_20_0.62	18257	B1_6_months__137838_Clostridium_neonatale__k141_32001	155735	173991	Clostridium	Clostridium neonatale
B1_6_months	k141_33836_phage119_8644_23347_18_0.55	14704	B1_6_months__137838_Clostridium_neonatale__k141_33836	8645	23348	Clostridium	Clostridium neonatale
B1_6_months	k141_34373_phage188_63128_75541_10_0.56	12414	B1_6_months__137838_Clostridium_neonatale__k141_34373	63129	75542	Clostridium	Clostridium neonatale
B1_6_months	k141_35867	15551	B1_6_months__137838_Clostridium_neonatale__k141_35867	1	15551	Clostridium	Clostridium neonatale
B1_6_months	k141_36275	21581	B1_6_months__137838_Clostridium_neonatale__k141_36275	1	21581	Clostridium	Clostridium neonatale
B1_6_months	k141_36494_phage102_139111_155655_16_0.77	16545	B1_6_months__1311_Streptococcus_agalactiae__k141_36494	139112	155656	Streptococcus	Streptococcus agalactiae
B1_6_months	k141_36603_phage121_119_33802_49_0.81	33683	B1_6_months__137838_Clostridium_neonatale__k141_36603	120	33802	Clostridium	Clostridium neonatale
B1_6_months	k141_38470	15284	B1_6_months__249061_uncultured_Actinomyces_sp.__k141_38470	1	15284	Actinomyces	uncultured Actinomyces sp.
B1_6_months	k141_38785_phage54_8890_22237_11_0.74	13348	B1_6_months__137838_Clostridium_neonatale__k141_38785	8891	22238	Clostridium	Clostridium neonatale
B1_6_months	k141_39395_phage123_3343_27612_18_0.6	24270	B1_6_months__137838_Clostridium_neonatale__k141_39395	3344	27613	Clostridium	Clostridium neonatale
B1_6_months	k141_39540_phage142_2_19489_25_0.85	19488	B1_6_months__137838_Clostridium_neonatale__k141_39540	3	19490	Clostridium	Clostridium neonatale
B1_6_months	k141_39742	29092	B1_6_months__1309_Streptococcus_mutans__k141_39742	1	29092	Streptococcus	Streptococcus mutans
B1_6_months	k141_4032	15971	B1_6_months__249061_uncultured_Actinomyces_sp.__k141_4032	1	15971	Actinomyces	uncultured Actinomyces sp.
B1_6_months	k141_41895_phage92_4175_34475_33_0.66	30301	B1_6_months__137838_Clostridium_neonatale__k141_41895	4176	34476	Clostridium	Clostridium neonatale
B1_6_months	k141_4684_phage234_1673_16198_14_0.61	14526	B1_6_months__137838_Clostridium_neonatale__k141_4684	1674	16199	Clostridium	Clostridium neonatale
B1_6_months	k141_5494	15863	B1_6_months__1280_Staphylococcus_aureus__k141_5494	1	15863	Staphylococcus	Staphylococcus aureus
B1_6_months	k141_6833_phage141_1_22098_33_0.86	22098	B1_6_months__137838_Clostridium_neonatale__k141_6833	2	22099	Clostridium	Clostridium neonatale
B1_6_months	k141_7468_phage213_8839_21380_12_0.65	12542	B1_6_months__249061_uncultured_Actinomyces_sp.__k141_7468	8840	21381	Actinomyces	uncultured Actinomyces sp.
B1_6_months	k141_7560	12708	B1_6_months__39777_Veillonella_atypica__k141_7560	1	12708	Veillonella	Veillonella atypica
B1_6_months	k141_7754_phage238_550_15163_20_0.74	14614	B1_6_months__729_Haemophilus_parainfluenzae__k141_7754	551	15164	Haemophilus	Haemophilus parainfluenzae
B1_6_months	k141_7890_phage249_245_33153_49_0.83	32909	B1_6_months__137838_Clostridium_neonatale__k141_7890	246	33154	Clostridium	Clostridium neonatale
B1_6_months	k141_8058	21708	B1_6_months__137838_Clostridium_neonatale__k141_8058	1	21708	Clostridium	Clostridium neonatale
B1_6_months	k141_8452_phage17_3_23585_29_0.76	23583	B1_6_months__137838_Clostridium_neonatale__k141_8452	4	23586	Clostridium	Clostridium neonatale
B1_6_months	k141_9164	31102	B1_6_months__249061_uncultured_Actinomyces_sp.__k141_9164	1	31102	Actinomyces	uncultured Actinomyces sp.
B1_6_months	k141_925_phage73_292_23927_23_0.61	23636	B1_6_months__137838_Clostridium_neonatale__k141_925	293	23928	Clostridium	Clostridium neonatale
B2_1_month	k141_10139	16222	B2_1_month__395631_Phytobacter_diazotrophicus__k141_10139	1	16222	Phytobacter	Phytobacter diazotrophicus
B2_1_month	k141_10364_phage596_4035_21129_20_0.78	17095	B2_1_month__137838_Clostridium_neonatale__k141_10364	4036	21130	Clostridium	Clostridium neonatale
B2_1_month	k141_10479	14146	B2_1_month__395631_Phytobacter_diazotrophicus__k141_10479	1	14146	Phytobacter	Phytobacter diazotrophicus
B2_1_month	k141_10692_phage656_11923_24891_11_0.6	12969	B2_1_month__137838_Clostridium_neonatale__k141_10692	11924	24892	Clostridium	Clostridium neonatale
B2_1_month	k141_10704_1_checkv_14688-49057/62139	34370	B2_1_month__395631_Phytobacter_diazotrophicus__k141_10704	14688	49057	Phytobacter	Phytobacter diazotrophicus
B2_1_month	k141_11453_1_checkv_32661-64538/72513	31878	B2_1_month__278064_uncultured_Dialister_sp.__k141_11453	32661	64538	Dialister	uncultured Dialister sp.
B2_1_month	k141_11506	77874	B2_1_month__371601_Bacteroides_xylanisolvens__k141_11506	1	77874	Bacteroides	Bacteroides xylanisolvens
B2_1_month	k141_11694_phage329_80931_94344_15_0.6	13414	B2_1_month__1465756_Peptoniphilus_grossensis__k141_11694	80932	94345	Peptoniphilus	Peptoniphilus grossensis
B2_1_month	k141_11772_1_checkv_18295-44035/44035	25741	B2_1_month__278064_uncultured_Dialister_sp.__k141_11772	18295	44035	Dialister	uncultured Dialister sp.
B2_1_month	k141_11819	22734	B2_1_month__820_Bacteroides_uniformis__k141_11819	1	22734	Bacteroides	Bacteroides uniformis
B2_1_month	k141_11855	14724	B2_1_month__395631_Phytobacter_diazotrophicus__k141_11855	1	14724	Phytobacter	Phytobacter diazotrophicus
B2_1_month	k141_11882	19325	B2_1_month__395631_Phytobacter_diazotrophicus__k141_11882	1	19325	Phytobacter	Phytobacter diazotrophicus
B2_1_month	k141_11966	51627	B2_1_month__371601_Bacteroides_xylanisolvens__k141_11966	1	51627	Bacteroides	Bacteroides xylanisolvens
B2_1_month	k141_12123	42519	B2_1_month__137838_Clostridium_neonatale__k141_12123	1	42519	Clostridium	Clostridium neonatale
B2_1_month	k141_12224_phage516_85165_98334_11_0.54	13170	B2_1_month__1597_Lacticaseibacillus_paracasei__k141_12224	85166	98335	Lacticaseibacillus	Lacticaseibacillus paracasei
B2_1_month	k141_1263_1_checkv_119032-159457/179212	40426	B2_1_month__48296_Acinetobacter_pittii__k141_1263	119032	159457	Acinetobacter	Acinetobacter pittii
B2_1_month	k141_12707	11383	B2_1_month__68891_Streptococcus_peroris__k141_12707	1	11383	Streptococcus	Streptococcus peroris
B2_1_month	k141_13184_phage703_185883_212839_33_0.73	26957	B2_1_month__820_Bacteroides_uniformis__k141_13184	185884	212840	Bacteroides	Bacteroides uniformis
B2_1_month	k141_13298_1_checkv_1-56920/59114	56920	B2_1_month__48296_Acinetobacter_pittii__k141_13298	1	56920	Acinetobacter	Acinetobacter pittii
B2_1_month	k141_13913	35518	B2_1_month__28116_Bacteroides_ovatus__k141_13913	1	35518	Bacteroides	Bacteroides ovatus
B2_1_month	k141_14391_1_checkv_1-14446/21017	14446	B2_1_month__1280_Staphylococcus_aureus__k141_14391	1	14446	Staphylococcus	Staphylococcus aureus
B2_1_month	k141_14573_phage530_91901_129854_43_0.74	37954	B2_1_month__1502_Clostridium_perfringens__k141_14573	91902	129855	Clostridium	Clostridium perfringens
B2_1_month	k141_14632_phage553_1_26920_39_0.68	26920	B2_1_month__573_Klebsiella_pneumoniae__k141_14632	2	26921	Klebsiella	Klebsiella pneumoniae
B2_1_month	k141_14934_phage639_1087_11678_12_0.66	10592	B2_1_month__1290_Staphylococcus_hominis__k141_14934	1088	11679	Staphylococcus	Staphylococcus hominis
B2_1_month	k141_15102	10350	B2_1_month__37637_Corynebacterium_pseudodiphtheriticum__k141_15102	1	10350	Corynebacterium	Corynebacterium pseudodiphtheriticum
B2_1_month	k141_15145_1_checkv_11944-34095/73780	22152	B2_1_month__395631_Phytobacter_diazotrophicus__k141_15145	11944	34095	Phytobacter	Phytobacter diazotrophicus
B2_1_month	k141_15719_phage88_74842_91046_21_0.55	16205	B2_1_month__137838_Clostridium_neonatale__k141_15719	74843	91047	Clostridium	Clostridium neonatale
B2_1_month	k141_15815_phage157_2_23981_36_0.88	23979	B2_1_month__1260_Finegoldia_magna__k141_15815	3	23981	Finegoldia	Finegoldia magna
B2_1_month	k141_15880	17225	B2_1_month__395631_Phytobacter_diazotrophicus__k141_15880	1	17225	Phytobacter	Phytobacter diazotrophicus
B2_1_month	k141_15896_1_checkv_7645-44814/80302	37170	B2_1_month__395631_Phytobacter_diazotrophicus__k141_15896	7645	44814	Phytobacter	Phytobacter diazotrophicus
B2_1_month	k141_16376	11508	B2_1_month__1241616_Staphylococcus_aureus__k141_16376	1	11508	Staphylococcus	Staphylococcus aureus
B2_1_month	k141_16783_phage570_8715_23193_22_0.75	14479	B2_1_month__137838_Clostridium_neonatale__k141_16783	8716	23194	Clostridium	Clostridium neonatale
B2_1_month	k141_17374	19415	B2_1_month__28125_Prevotella_bivia__k141_17374	1	19415	Prevotella	Prevotella bivia
B2_1_month	k141_17440_1_checkv_6117-41963/77017	35847	B2_1_month__48296_Acinetobacter_pittii__k141_17440	6117	41963	Acinetobacter	Acinetobacter pittii
B2_1_month	k141_17839_1_checkv_1-22529/44342	22529	B2_1_month__28116_Bacteroides_ovatus__k141_17839	1	22529	Bacteroides	Bacteroides ovatus
B2_1_month	k141_17898_phage55_243_13450_12_0.75	13208	B2_1_month__137838_Clostridium_neonatale__k141_17898	244	13451	Clostridium	Clostridium neonatale
B2_1_month	k141_1807	14288	B2_1_month__1280_Staphylococcus_aureus__k141_1807	1	14288	Staphylococcus	Staphylococcus aureus
B2_1_month	k141_1867	14789	B2_1_month__1597_Lacticaseibacillus_paracasei__k141_1867	1	14789	Lacticaseibacillus	Lacticaseibacillus paracasei
B2_1_month	k141_19974	24624	B2_1_month__1280_Staphylococcus_aureus__k141_19974	1	24624	Staphylococcus	Staphylococcus aureus
B2_1_month	k141_19992_1_checkv_94215-132363/138906	38149	B2_1_month__28116_Bacteroides_ovatus__k141_19992	94215	132363	Bacteroides	Bacteroides ovatus
B2_1_month	k141_20514_1_checkv_178285-208770/208770	30486	B2_1_month__573_Klebsiella_pneumoniae__k141_20514	178285	208770	Klebsiella	Klebsiella pneumoniae
B2_1_month	k141_21169	34114	B2_1_month__1328_Streptococcus_anginosus__k141_21169	1	34114	Streptococcus	Streptococcus anginosus
B2_1_month	k141_21438	17996	B2_1_month__37637_Corynebacterium_pseudodiphtheriticum__k141_21438	1	17996	Corynebacterium	Corynebacterium pseudodiphtheriticum
B2_1_month	k141_21526_phage554_51473_64616_20_0.68	13144	B2_1_month__1597_Lacticaseibacillus_paracasei__k141_21526	51474	64617	Lacticaseibacillus	Lacticaseibacillus paracasei
B2_1_month	k141_2153_phage635_240151_250735_14_0.54	10585	B2_1_month__131110_Schaalia_radingae__k141_2153	240152	250736	Schaalia	Schaalia radingae
B2_1_month	k141_21783_1_checkv_14665-40546/40546	25882	B2_1_month__395631_Phytobacter_diazotrophicus__k141_21783	14665	40546	Phytobacter	Phytobacter diazotrophicus
B2_1_month	k141_2236_1_checkv_1-36904/39527	36904	B2_1_month__395631_Phytobacter_diazotrophicus__k141_2236	1	36904	Phytobacter	Phytobacter diazotrophicus
B2_1_month	k141_22525_1_checkv_1-13488/17338	13488	B2_1_month__1280_Staphylococcus_aureus__k141_22525	1	13488	Staphylococcus	Staphylococcus aureus
B2_1_month	k141_23108_phage344_28193_50337_24_0.75	22145	B2_1_month__137838_Clostridium_neonatale__k141_23108	28194	50338	Clostridium	Clostridium neonatale
B2_1_month	k141_23108_phage345_51087_62576_10_0.66	11490	B2_1_month__137838_Clostridium_neonatale__k141_23108	51088	62577	Clostridium	Clostridium neonatale
B2_1_month	k141_2317_phage41_9033_19834_18_0.51	10802	B2_1_month__395631_Phytobacter_diazotrophicus__k141_2317	9034	19835	Phytobacter	Phytobacter diazotrophicus
B2_1_month	k141_23566_phage488_145293_174721_26_0.58	29429	B2_1_month__1502_Clostridium_perfringens__k141_23566	145294	174722	Clostridium	Clostridium perfringens
B2_1_month	k141_23732_phage565_121228_142732_15_0.51	21505	B2_1_month__1502_Clostridium_perfringens__k141_23732	121229	142733	Clostridium	Clostridium perfringens
B2_1_month	k141_23743_phage582_74533_87183_15_0.64	12651	B2_1_month__1465756_Peptoniphilus_grossensis__k141_23743	74534	87184	Peptoniphilus	Peptoniphilus grossensis
B2_1_month	k141_24383_1_checkv_115153-149794/149794	34642	B2_1_month__28035_Staphylococcus_lugdunensis__k141_24383	115153	149794	Staphylococcus	Staphylococcus lugdunensis
B2_1_month	k141_24747	18798	B2_1_month__28125_Prevotella_bivia__k141_24747	1	18798	Prevotella	Prevotella bivia
B2_1_month	k141_24832_phage260_1546_19282_18_0.77	17737	B2_1_month__820_Bacteroides_uniformis__k141_24832	1547	19283	Bacteroides	Bacteroides uniformis
B2_1_month	k141_2510	25012	B2_1_month__137838_Clostridium_neonatale__k141_2510	1	25012	Clostridium	Clostridium neonatale
B2_1_month	k141_26052_1_checkv_1-25396/29892	25396	B2_1_month__278064_uncultured_Dialister_sp.__k141_26052	1	25396	Dialister	uncultured Dialister sp.
B2_1_month	k141_26129	13988	B2_1_month__1351_Enterococcus_faecalis__k141_26129	1	13988	Enterococcus	Enterococcus faecalis
B2_1_month	k141_2619	13387	B2_1_month__37637_Corynebacterium_pseudodiphtheriticum__k141_2619	1	13387	Corynebacterium	Corynebacterium pseudodiphtheriticum
B2_1_month	k141_26394_1_checkv_5482-16272/47451	10791	B2_1_month__28035_Staphylococcus_lugdunensis__k141_26394	5482	16272	Staphylococcus	Staphylococcus lugdunensis
B2_1_month	k141_26884_1_checkv_1-35168/47942	35168	B2_1_month__48296_Acinetobacter_pittii__k141_26884	1	35168	Acinetobacter	Acinetobacter pittii
B2_1_month	k141_27269	15384	B2_1_month__37637_Corynebacterium_pseudodiphtheriticum__k141_27269	1	15384	Corynebacterium	Corynebacterium pseudodiphtheriticum
B2_1_month	k141_27766_phage567_68748_85940_25_0.59	17193	B2_1_month__1328_Streptococcus_anginosus__k141_27766	68749	85941	Streptococcus	Streptococcus anginosus
B2_1_month	k141_27957_1_checkv_73713-118622/309286	44910	B2_1_month__1328_Streptococcus_anginosus__k141_27957	73713	118622	Streptococcus	Streptococcus anginosus
B2_1_month	k141_28297_1_checkv_1-12734/17306	12734	B2_1_month__1280_Staphylococcus_aureus__k141_28297	1	12734	Staphylococcus	Staphylococcus aureus
B2_1_month	k141_28351_phage691_12388_26356_17_0.62	13969	B2_1_month__1502_Clostridium_perfringens__k141_28351	12389	26357	Clostridium	Clostridium perfringens
B2_1_month	k141_28536	11857	B2_1_month__48296_Acinetobacter_pittii__k141_28536	1	11857	Acinetobacter	Acinetobacter pittii
B2_1_month	k141_28887	21389	B2_1_month__28125_Prevotella_bivia__k141_28887	1	21389	Prevotella	Prevotella bivia
B2_1_month	k141_28894_1_checkv_1-10961/14162	10961	B2_1_month__1280_Staphylococcus_aureus__k141_28894	1	10961	Staphylococcus	Staphylococcus aureus
B2_1_month	k141_28925	44169	B2_1_month__37637_Corynebacterium_pseudodiphtheriticum__k141_28925	1	44169	Corynebacterium	Corynebacterium pseudodiphtheriticum
B2_1_month	k141_294_phage38_2_12931_17_0.69	12930	B2_1_month__137838_Clostridium_neonatale__k141_294	3	12932	Clostridium	Clostridium neonatale
B2_1_month	k141_29864	44234	B2_1_month__28125_Prevotella_bivia__k141_29864	1	44234	Prevotella	Prevotella bivia
B2_1_month	k141_3073_phage370_81313_126830_42_0.61	45518	B2_1_month__1502_Clostridium_perfringens__k141_3073	81314	126831	Clostridium	Clostridium perfringens
B2_1_month	k141_3073_phage373_188494_204293_11_0.59	15800	B2_1_month__1502_Clostridium_perfringens__k141_3073	188495	204294	Clostridium	Clostridium perfringens
B2_1_month	k141_31077_phage62_75405_97255_24_0.63	21851	B2_1_month__28116_Bacteroides_ovatus__k141_31077	75406	97256	Bacteroides	Bacteroides ovatus
B2_1_month	k141_31490	31182	B2_1_month__48296_Acinetobacter_pittii__k141_31490	1	31182	Acinetobacter	Acinetobacter pittii
B2_1_month	k141_31525	14388	B2_1_month__573_Klebsiella_pneumoniae__k141_31525	1	14388	Klebsiella	Klebsiella pneumoniae
B2_1_month	k141_3197_1_checkv_73846-108679/121090	34834	B2_1_month__1328_Streptococcus_anginosus__k141_3197	73846	108679	Streptococcus	Streptococcus anginosus
B2_1_month	k141_32099	20835	B2_1_month__37637_Corynebacterium_pseudodiphtheriticum__k141_32099	1	20835	Corynebacterium	Corynebacterium pseudodiphtheriticum
B2_1_month	k141_32220_phage469_3534_14504_11_0.68	10971	B2_1_month__48296_Acinetobacter_pittii__k141_32220	3535	14505	Acinetobacter	Acinetobacter pittii
B2_1_month	k141_32387	42464	B2_1_month__28125_Prevotella_bivia__k141_32387	1	42464	Prevotella	Prevotella bivia
B2_1_month	k141_33169_1_checkv_19029-33104/59996	14076	B2_1_month__1343_Streptococcus_vestibularis__k141_33169	19029	33104	Streptococcus	Streptococcus vestibularis
B2_1_month	k141_33738_phage148_36312_49619_22_0.55	13308	B2_1_month__1328_Streptococcus_anginosus__k141_33738	36313	49620	Streptococcus	Streptococcus anginosus
B2_1_month	k141_33810	22329	B2_1_month__1351_Enterococcus_faecalis__k141_33810	1	22329	Enterococcus	Enterococcus faecalis
B2_1_month	k141_34004_phage229_3_11242_13_0.71	11240	B2_1_month__1465756_Peptoniphilus_grossensis__k141_34004	4	11243	Peptoniphilus	Peptoniphilus grossensis
B2_1_month	k141_34446	19585	B2_1_month__68891_Streptococcus_peroris__k141_34446	1	19585	Streptococcus	Streptococcus peroris
B2_1_month	k141_35403	10546	B2_1_month__37637_Corynebacterium_pseudodiphtheriticum__k141_35403	1	10546	Corynebacterium	Corynebacterium pseudodiphtheriticum
B2_1_month	k141_35674	39711	B2_1_month__48296_Acinetobacter_pittii__k141_35674	1	39711	Acinetobacter	Acinetobacter pittii
B2_1_month	k141_36027	23375	B2_1_month__137838_Clostridium_neonatale__k141_36027	1	23375	Clostridium	Clostridium neonatale
B2_1_month	k141_36539_1_checkv_117661-145389/145389	27729	B2_1_month__1465756_Peptoniphilus_grossensis__k141_36539	117661	145389	Peptoniphilus	Peptoniphilus grossensis
B2_1_month	k141_36979	27981	B2_1_month__68891_Streptococcus_peroris__k141_36979	1	27981	Streptococcus	Streptococcus peroris
B2_1_month	k141_38025	29086	B2_1_month__1328_Streptococcus_anginosus__k141_38025	1	29086	Streptococcus	Streptococcus anginosus
B2_1_month	k141_38669_phage343_3_27364_31_0.77	27362	B2_1_month__137838_Clostridium_neonatale__k141_38669	4	27365	Clostridium	Clostridium neonatale
B2_1_month	k141_3868_1_checkv_674986-710898/710898	35913	B2_1_month__573_Klebsiella_pneumoniae__k141_3868	674986	710898	Klebsiella	Klebsiella pneumoniae
B2_1_month	k141_3974_1_checkv_49102-59671/59671	10570	B2_1_month__28125_Prevotella_bivia__k141_3974	49102	59671	Prevotella	Prevotella bivia
B2_1_month	k141_40103_1_checkv_22721-55847/110088	33127	B2_1_month__28125_Prevotella_bivia__k141_40103	22721	55847	Prevotella	Prevotella bivia
B2_1_month	k141_40384_1_checkv_34490-50846/50846	16357	B2_1_month__48296_Acinetobacter_pittii__k141_40384	34490	50846	Acinetobacter	Acinetobacter pittii
B2_1_month	k141_40483_phage164_2561_29471_22_0.69	26911	B2_1_month__371601_Bacteroides_xylanisolvens__k141_40483	2562	29472	Bacteroides	Bacteroides xylanisolvens
B2_1_month	k141_40593_1_checkv_49949-89428/119499	39480	B2_1_month__1384081_Veillonella_sp._DNF00869__k141_40593	49949	89428	Veillonella	Veillonella sp. DNF00869
B2_1_month	k141_40715	24813	B2_1_month__137838_Clostridium_neonatale__k141_40715	1	24813	Clostridium	Clostridium neonatale
B2_1_month	k141_41174_phage334_28137_54755_21_0.63	26619	B2_1_month__137838_Clostridium_neonatale__k141_41174	28138	54756	Clostridium	Clostridium neonatale
B2_1_month	k141_41930	58279	B2_1_month__1343_Streptococcus_vestibularis__k141_41930	1	58279	Streptococcus	Streptococcus vestibularis
B2_1_month	k141_42010_phage65_159671_181937_25_0.59	22267	B2_1_month__1260_Finegoldia_magna__k141_42010	159672	181938	Finegoldia	Finegoldia magna
B2_1_month	k141_42010_phage66_195804_210818_12_0.68	15015	B2_1_month__1260_Finegoldia_magna__k141_42010	195805	210819	Finegoldia	Finegoldia magna
B2_1_month	k141_42341_phage146_40_17441_29_0.87	17401	B2_1_month__137838_Clostridium_neonatale__k141_42341	41	17441	Clostridium	Clostridium neonatale
B2_1_month	k141_42445_phage183_3_17471_24_0.8	17469	B2_1_month__137838_Clostridium_neonatale__k141_42445	4	17472	Clostridium	Clostridium neonatale
B2_1_month	k141_42634_phage402_1_36621_29_0.55	36621	B2_1_month__1502_Clostridium_perfringens__k141_42634	2	36622	Clostridium	Clostridium perfringens
B2_1_month	k141_42634_phage405_120232_143562_22_0.58	23331	B2_1_month__1502_Clostridium_perfringens__k141_42634	120233	143563	Clostridium	Clostridium perfringens
B2_1_month	k141_42634_phage414_368420_382660_12_0.66	14241	B2_1_month__1502_Clostridium_perfringens__k141_42634	368421	382661	Clostridium	Clostridium perfringens
B2_1_month	k141_42634_phage421_616523_633106_15_0.63	16584	B2_1_month__1502_Clostridium_perfringens__k141_42634	616524	633107	Clostridium	Clostridium perfringens
B2_1_month	k141_42634_phage424_702488_733836_26_0.64	31349	B2_1_month__1502_Clostridium_perfringens__k141_42634	702489	733837	Clostridium	Clostridium perfringens
B2_1_month	k141_43510_1_checkv_86590-128146/239539	41557	B2_1_month__1502_Clostridium_perfringens__k141_43510	86590	128146	Clostridium	Clostridium perfringens
B2_1_month	k141_43731	57410	B2_1_month__1384081_Veillonella_sp._DNF00869__k141_43731	1	57410	Veillonella	Veillonella sp. DNF00869
B2_1_month	k141_43995_phage726_19853_35269_20_0.69	15417	B2_1_month__137838_Clostridium_neonatale__k141_43995	19854	35270	Clostridium	Clostridium neonatale
B2_1_month	k141_4898_phage196_29222_40491_14_0.9	11270	B2_1_month__137838_Clostridium_neonatale__k141_4898	29223	40492	Clostridium	Clostridium neonatale
B2_1_month	k141_5649	72181	B2_1_month__28116_Bacteroides_ovatus__k141_5649	1	72181	Bacteroides	Bacteroides ovatus
B2_1_month	k141_5655	21937	B2_1_month__137838_Clostridium_neonatale__k141_5655	1	21937	Clostridium	Clostridium neonatale
B2_1_month	k141_6321	75448	B2_1_month__820_Bacteroides_uniformis__k141_6321	1	75448	Bacteroides	Bacteroides uniformis
B2_1_month	k141_6564_phage621_17240_28874_13_0.6	11635	B2_1_month__137838_Clostridium_neonatale__k141_6564	17241	28875	Clostridium	Clostridium neonatale
B2_1_month	k141_6965_1_checkv_65452-103315/130619	37864	B2_1_month__573_Klebsiella_pneumoniae__k141_6965	65452	103315	Klebsiella	Klebsiella pneumoniae
B2_1_month	k141_7460	27470	B2_1_month__395631_Phytobacter_diazotrophicus__k141_7460	1	27470	Phytobacter	Phytobacter diazotrophicus
B2_1_month	k141_7677	15543	B2_1_month__395631_Phytobacter_diazotrophicus__k141_7677	1	15543	Phytobacter	Phytobacter diazotrophicus
B2_1_month	k141_8398_phage549_4621_16142_22_0.75	11522	B2_1_month__137838_Clostridium_neonatale__k141_8398	4622	16143	Clostridium	Clostridium neonatale
B2_1_month	k141_8670_phage613_158595_172452_16_0.59	13858	B2_1_month__1260_Finegoldia_magna__k141_8670	158596	172453	Finegoldia	Finegoldia magna
B2_1_month	k141_9078	38871	B2_1_month__216816_Bifidobacterium_longum__k141_9078	1	38871	Bifidobacterium	Bifidobacterium longum
B2_1_month	k141_9096_phage105_72168_105070_32_0.56	32903	B2_1_month__1465756_Peptoniphilus_grossensis__k141_9096	72169	105071	Peptoniphilus	Peptoniphilus grossensis
B2_1_month	k141_9115_phage135_77211_106709_29_0.7	29499	B2_1_month__820_Bacteroides_uniformis__k141_9115	77212	106710	Bacteroides	Bacteroides uniformis
B2_1_month	k141_9320_phage228_23326_40045_17_0.63	16720	B2_1_month__137838_Clostridium_neonatale__k141_9320	23327	40046	Clostridium	Clostridium neonatale
B2_1_month	k141_9427_1_checkv_19663-55881/267338	36219	B2_1_month__48296_Acinetobacter_pittii__k141_9427	19663	55881	Acinetobacter	Acinetobacter pittii
B2_1_month	k141_9470_phage323_1_11935_14_0.59	11935	B2_1_month__278064_uncultured_Dialister_sp.__k141_9470	2	11936	Dialister	uncultured Dialister sp.
B2_1_month	k141_9851_phage451_135_10955_15_0.9	10820	B2_1_month__137838_Clostridium_neonatale__k141_9851	136	10955	Clostridium	Clostridium neonatale
B2_1_month	k141_991_phage242_24636_58429_28_0.57	33794	B2_1_month__1343_Streptococcus_vestibularis__k141_991	24637	58430	Streptococcus	Streptococcus vestibularis
B2_6_months	k141_13958	24607	B2_6_months__435842_Streptococcus_sp._C150__k141_13958	1	24607	Streptococcus	Streptococcus sp. C150
B2_6_months	k141_14548	38246	B2_6_months__48296_Acinetobacter_pittii__k141_14548	1	38246	Acinetobacter	Acinetobacter pittii
B2_6_months	k141_14711_1_checkv_20716-38370/38370	17655	B2_6_months__216816_Bifidobacterium_longum__k141_14711	20716	38370	Bifidobacterium	Bifidobacterium longum
B2_6_months	k141_16628	14562	B2_6_months__68891_Streptococcus_peroris__k141_16628	1	14562	Streptococcus	Streptococcus peroris
B2_6_months	k141_17435_1_checkv_1-15545/21566	15545	B2_6_months__548_Klebsiella_aerogenes__k141_17435	1	15545	Klebsiella	Klebsiella aerogenes
B2_6_months	k141_17635_phage389_79429_90225_12_0.55	10797	B2_6_months__216816_Bifidobacterium_longum__k141_17635	79430	90226	Bifidobacterium	Bifidobacterium longum
B2_6_months	k141_17635_phage390_98189_122462_18_0.63	24274	B2_6_months__216816_Bifidobacterium_longum__k141_17635	98190	122463	Bifidobacterium	Bifidobacterium longum
B2_6_months	k141_17720_phage5_1369_14108_15_0.66	12740	B2_6_months__39778_Veillonella_dispar__k141_17720	1370	14109	Veillonella	Veillonella dispar
B2_6_months	k141_18801_1_checkv_1-10333/19514	10333	B2_6_months__548_Klebsiella_aerogenes__k141_18801	1	10333	Klebsiella	Klebsiella aerogenes
B2_6_months	k141_19264	10915	B2_6_months__548_Klebsiella_aerogenes__k141_19264	1	10915	Klebsiella	Klebsiella aerogenes
B2_6_months	k141_19631_1_checkv_443942-457794/457794	13853	B2_6_months__1280_Staphylococcus_aureus__k141_19631	443942	457794	Staphylococcus	Staphylococcus aureus
B2_6_months	k141_21044	34795	B2_6_months__28025_Bifidobacterium_animalis__k141_21044	1	34795	Bifidobacterium	Bifidobacterium animalis
B2_6_months	k141_21848_1_checkv_39382-73901/80123	34520	B2_6_months__48296_Acinetobacter_pittii__k141_21848	39382	73901	Acinetobacter	Acinetobacter pittii
B2_6_months	k141_22283_1_checkv_4680-42039/80225	37360	B2_6_months__83427_uncultured_Streptococcus_sp.__k141_22283	4680	42039	Streptococcus	uncultured Streptococcus sp.
B2_6_months	k141_22644	82127	B2_6_months__1203556_Actinomyces_sp._HPA0247__k141_22644	1	82127	Actinomyces	Actinomyces sp. HPA0247
B2_6_months	k141_23650_phage306_114191_144877_20_0.61	30687	B2_6_months__1203556_Actinomyces_sp._HPA0247__k141_23650	114192	144878	Actinomyces	Actinomyces sp. HPA0247
B2_6_months	k141_24845_2_checkv_45454-76867/106444	31414	B2_6_months__1311774_Acinetobacter_pittii__k141_24845	45454	76867	Acinetobacter	Acinetobacter pittii
B2_6_months	k141_25885	30544	B2_6_months__39777_Veillonella_atypica__k141_25885	1	30544	Veillonella	Veillonella atypica
B2_6_months	k141_26394	22618	B2_6_months__39777_Veillonella_atypica__k141_26394	1	22618	Veillonella	Veillonella atypica
B2_6_months	k141_26590_1_checkv_96481-110408/110408	13928	B2_6_months__216816_Bifidobacterium_longum__k141_26590	96481	110408	Bifidobacterium	Bifidobacterium longum
B2_6_months	k141_29568_1_checkv_2496-39408/94153	36913	B2_6_months__83427_uncultured_Streptococcus_sp.__k141_29568	2496	39408	Streptococcus	uncultured Streptococcus sp.
B2_6_months	k141_29695_1_checkv_1-40002/108037	40002	B2_6_months__548_Klebsiella_aerogenes__k141_29695	1	40002	Klebsiella	Klebsiella aerogenes
B2_6_months	k141_31129_phage314_23903_37262_12_0.55	13360	B2_6_months__1190620_Atopobium_sp._ICM42b__k141_31129	23904	37263	Atopobium	Atopobium sp. ICM42b
B2_6_months	k141_31926_phage11_8_19016_22_0.59	19009	B2_6_months__216816_Bifidobacterium_longum__k141_31926	9	19017	Bifidobacterium	Bifidobacterium longum
B2_6_months	k141_33935_phage249_37229_59569_19_0.7	22341	B2_6_months__1280_Staphylococcus_aureus__k141_33935	37230	59570	Staphylococcus	Staphylococcus aureus
B2_6_months	k141_37709_phage212_340_12539_18_0.67	12200	B2_6_months__1203556_Actinomyces_sp._HPA0247__k141_37709	341	12540	Actinomyces	Actinomyces sp. HPA0247
B2_6_months	k141_37744_1_checkv_1560-54097/95595	52538	B2_6_months__548_Klebsiella_aerogenes__k141_37744	1560	54097	Klebsiella	Klebsiella aerogenes
B2_6_months	k141_37746_1_checkv_60971-93878/93878	32908	B2_6_months__47715_Lacticaseibacillus_rhamnosus__k141_37746	60971	93878	Lacticaseibacillus	Lacticaseibacillus rhamnosus
B2_6_months	k141_38799_phage345_123347_138643_15_0.63	15297	B2_6_months__216816_Bifidobacterium_longum__k141_38799	123348	138644	Bifidobacterium	Bifidobacterium longum
B2_6_months	k141_40867_1_checkv_1-56919/59740	56919	B2_6_months__48296_Acinetobacter_pittii__k141_40867	1	56919	Acinetobacter	Acinetobacter pittii
B2_6_months	k141_42708	33278	B2_6_months__83427_uncultured_Streptococcus_sp.__k141_42708	1	33278	Streptococcus	uncultured Streptococcus sp.
B2_6_months	k141_43092	28413	B2_6_months__1203556_Actinomyces_sp._HPA0247__k141_43092	1	28413	Actinomyces	Actinomyces sp. HPA0247
B2_6_months	k141_46200	23069	B2_6_months__1203556_Actinomyces_sp._HPA0247__k141_46200	1	23069	Actinomyces	Actinomyces sp. HPA0247
B2_6_months	k141_47564_phage152_1894_18609_14_0.69	16716	B2_6_months__39778_Veillonella_dispar__k141_47564	1895	18610	Veillonella	Veillonella dispar
B2_6_months	k141_48623_phage285_118066_137932_29_0.72	19867	B2_6_months__1203556_Actinomyces_sp._HPA0247__k141_48623	118067	137933	Actinomyces	Actinomyces sp. HPA0247
B2_6_months	k141_4920_1_checkv_25653-67695/199730	42043	B2_6_months__1311774_Acinetobacter_pittii__k141_4920	25653	67695	Acinetobacter	Acinetobacter pittii
B2_6_months	k141_51043_1_checkv_9394-49540/378837	40147	B2_6_months__573_Klebsiella_pneumoniae__k141_51043	9394	49540	Klebsiella	Klebsiella pneumoniae
B2_6_months	k141_53348	17007	B2_6_months__1190620_Atopobium_sp._ICM42b__k141_53348	1	17007	Atopobium	Atopobium sp. ICM42b
B2_6_months	k141_53889	40164	B2_6_months__39777_Veillonella_atypica__k141_53889	1	40164	Veillonella	Veillonella atypica
B2_6_months	k141_5439	18601	B2_6_months__83427_uncultured_Streptococcus_sp.__k141_5439	1	18601	Streptococcus	uncultured Streptococcus sp.
B2_6_months	k141_54733_1_checkv_8317-28227/92383	19911	B2_6_months__47715_Lacticaseibacillus_rhamnosus__k141_54733	8317	28227	Lacticaseibacillus	Lacticaseibacillus rhamnosus
B2_6_months	k141_56513	18692	B2_6_months__83427_uncultured_Streptococcus_sp.__k141_56513	1	18692	Streptococcus	uncultured Streptococcus sp.
B2_6_months	k141_58037	11817	B2_6_months__48296_Acinetobacter_pittii__k141_58037	1	11817	Acinetobacter	Acinetobacter pittii
B2_6_months	k141_58384	26465	B2_6_months__548_Klebsiella_aerogenes__k141_58384	1	26465	Klebsiella	Klebsiella aerogenes
B2_6_months	k141_59232_phage334_35378_57001_17_0.51	21624	B2_6_months__1280_Staphylococcus_aureus__k141_59232	35379	57002	Staphylococcus	Staphylococcus aureus
B2_6_months	k141_60228_1_checkv_46796-63161/63161	16366	B2_6_months__48296_Acinetobacter_pittii__k141_60228	46796	63161	Acinetobacter	Acinetobacter pittii
B2_6_months	k141_60469_1_checkv_21082-46608/106075	25527	B2_6_months__39778_Veillonella_dispar__k141_60469	21082	46608	Veillonella	Veillonella dispar
B2_6_months	k141_60835	10142	B2_6_months__888746_Streptococcus_peroris__k141_60835	1	10142	Streptococcus	Streptococcus peroris
B2_6_months	k141_62401_phage267_138_17090_17_0.73	16953	B2_6_months__47715_Lacticaseibacillus_rhamnosus__k141_62401	139	17091	Lacticaseibacillus	Lacticaseibacillus rhamnosus
B2_6_months	k141_65078_phage95_2_10695_20_0.87	10694	B2_6_months__28037_Streptococcus_mitis__k141_65078	3	10696	Streptococcus	Streptococcus mitis
B2_6_months	k141_67068_1_checkv_1-35221/47995	35221	B2_6_months__48296_Acinetobacter_pittii__k141_67068	1	35221	Acinetobacter	Acinetobacter pittii
B2_6_months	k141_67648_1_checkv_5814-20003/47321	14190	B2_6_months__1280_Staphylococcus_aureus__k141_67648	5814	20003	Staphylococcus	Staphylococcus aureus
B3_12_months	k141_10281_1_checkv_59129-69511/69511	10383	B3_12_months__820_Bacteroides_uniformis__k141_10281	59129	69511	Bacteroides	Bacteroides uniformis
B3_12_months	k141_11574	40330	B3_12_months__626929_Bacteroides_clarus__k141_11574	1	40330	Bacteroides	Bacteroides clarus
B3_12_months	k141_11711	17715	B3_12_months__571_Klebsiella_oxytoca__k141_11711	1	17715	Klebsiella	Klebsiella oxytoca
B3_12_months	k141_12288	36071	B3_12_months__418240_Blautia_wexlerae__k141_12288	1	36071	Blautia	Blautia wexlerae
B3_12_months	k141_12302	62951	B3_12_months__820_Bacteroides_uniformis__k141_12302	1	62951	Bacteroides	Bacteroides uniformis
B3_12_months	k141_12979	31998	B3_12_months__562_Escherichia_coli__k141_12979	1	31998	Escherichia	Escherichia coli
B3_12_months	k141_1325	12173	B3_12_months__820_Bacteroides_uniformis__k141_1325	1	12173	Bacteroides	Bacteroides uniformis
B3_12_months	k141_13822	16200	B3_12_months__571_Klebsiella_oxytoca__k141_13822	1	16200	Klebsiella	Klebsiella oxytoca
B3_12_months	k141_14153	16429	B3_12_months__626929_Bacteroides_clarus__k141_14153	1	16429	Bacteroides	Bacteroides clarus
B3_12_months	k141_14561_1_checkv_146618-178541/575564	31924	B3_12_months__1736_Eubacterium_limosum__k141_14561	146618	178541	Eubacterium	Eubacterium limosum
B3_12_months	k141_15335	11442	B3_12_months__47715_Lacticaseibacillus_rhamnosus__k141_15335	1	11442	Lacticaseibacillus	Lacticaseibacillus rhamnosus
B3_12_months	k141_17595_1_checkv_28131-66644/150301	38514	B3_12_months__150055_Streptococcus_lutetiensis__k141_17595	28131	66644	Streptococcus	Streptococcus lutetiensis
B3_12_months	k141_18633_phage523_3_10908_13_0.69	10906	B3_12_months__562_Escherichia_coli__k141_18633	4	10909	Escherichia	Escherichia coli
B3_12_months	k141_18922_phage556_88_11928_17_0.79	11841	B3_12_months__1547_Erysipelatoclostridium_ramosum__k141_18922	89	11929	Erysipelatoclostridium	Erysipelatoclostridium ramosum
B3_12_months	k141_2016	130972	B3_12_months__820_Bacteroides_uniformis__k141_2016	1	130972	Bacteroides	Bacteroides uniformis
B3_12_months	k141_21079_phage86_283_12507_14_0.72	12225	B3_12_months__418240_Blautia_wexlerae__k141_21079	284	12508	Blautia	Blautia wexlerae
B3_12_months	k141_2159	40813	B3_12_months__674529_Bacteroides_faecis__k141_2159	1	40813	Bacteroides	Bacteroides faecis
B3_12_months	k141_21609_phage166_5513_21106_17_0.56	15594	B3_12_months__1547_Erysipelatoclostridium_ramosum__k141_21609	5514	21107	Erysipelatoclostridium	Erysipelatoclostridium ramosum
B3_12_months	k141_21771	26916	B3_12_months__1736_Eubacterium_limosum__k141_21771	1	26916	Eubacterium	Eubacterium limosum
B3_12_months	k141_23035	53290	B3_12_months__1628085_Agathobaculum_butyriciproducens__k141_23035	1	53290	Agathobaculum	Agathobaculum butyriciproducens
B3_12_months	k141_23367	14931	B3_12_months__674529_Bacteroides_faecis__k141_23367	1	14931	Bacteroides	Bacteroides faecis
B3_12_months	k141_24158_phage662_2_32608_50_0.75	32607	B3_12_months__729_Haemophilus_parainfluenzae__k141_24158	3	32609	Haemophilus	Haemophilus parainfluenzae
B3_12_months	k141_28172	18311	B3_12_months__626929_Bacteroides_clarus__k141_28172	1	18311	Bacteroides	Bacteroides clarus
B3_12_months	k141_28224_phage575_143_15158_18_0.8	15016	B3_12_months__674529_Bacteroides_faecis__k141_28224	144	15159	Bacteroides	Bacteroides faecis
B3_12_months	k141_29526	10550	B3_12_months__729_Haemophilus_parainfluenzae__k141_29526	1	10550	Haemophilus	Haemophilus parainfluenzae
B3_12_months	k141_2964_1_checkv_12371-22910/22910	10540	B3_12_months__626929_Bacteroides_clarus__k141_2964	12371	22910	Bacteroides	Bacteroides clarus
B3_12_months	k141_30432_1_checkv_22848-49816/82410	26969	B3_12_months__292800_Flavonifractor_plautii__k141_30432	22848	49816	Flavonifractor	Flavonifractor plautii
B3_12_months	k141_30998	43101	B3_12_months__626929_Bacteroides_clarus__k141_30998	1	43101	Bacteroides	Bacteroides clarus
B3_12_months	k141_32394_phage320_8075_36919_44_0.61	28845	B3_12_months__1628085_Agathobaculum_butyriciproducens__k141_32394	8076	36920	Agathobaculum	Agathobaculum butyriciproducens
B3_12_months	k141_3307	29242	B3_12_months__562_Escherichia_coli__k141_3307	1	29242	Escherichia	Escherichia coli
B3_12_months	k141_3378_1_checkv_1-11463/28518	11463	B3_12_months__1547_Erysipelatoclostridium_ramosum__k141_3378	1	11463	Erysipelatoclostridium	Erysipelatoclostridium ramosum
B3_12_months	k141_34127	28464	B3_12_months__216816_Bifidobacterium_longum__k141_34127	1	28464	Bifidobacterium	Bifidobacterium longum
B3_12_months	k141_36129	22143	B3_12_months__292800_Flavonifractor_plautii__k141_36129	1	22143	Flavonifractor	Flavonifractor plautii
B3_12_months	k141_36158	10275	B3_12_months__562_Escherichia_coli__k141_36158	1	10275	Escherichia	Escherichia coli
B3_12_months	k141_3697_1_checkv_57959-90634/90634	32676	B3_12_months__1628085_Agathobaculum_butyriciproducens__k141_3697	57959	90634	Agathobaculum	Agathobaculum butyriciproducens
B3_12_months	k141_39220	24406	B3_12_months__1547_Erysipelatoclostridium_ramosum__k141_39220	1	24406	Erysipelatoclostridium	Erysipelatoclostridium ramosum
B3_12_months	k141_40036_1_checkv_9666-83064/89824	73399	B3_12_months__674529_Bacteroides_faecis__k141_40036	9666	83064	Bacteroides	Bacteroides faecis
B3_12_months	k141_40985_phage42_154_17049_22_0.61	16896	B3_12_months__1308_Streptococcus_thermophilus__k141_40985	155	17050	Streptococcus	Streptococcus thermophilus
B3_12_months	k141_41343	31620	B3_12_months__674529_Bacteroides_faecis__k141_41343	1	31620	Bacteroides	Bacteroides faecis
B3_12_months	k141_4179	32787	B3_12_months__674529_Bacteroides_faecis__k141_4179	1	32787	Bacteroides	Bacteroides faecis
B3_12_months	k141_42099	35955	B3_12_months__562_Escherichia_coli__k141_42099	1	35955	Escherichia	Escherichia coli
B3_12_months	k141_43059	36667	B3_12_months__626929_Bacteroides_clarus__k141_43059	1	36667	Bacteroides	Bacteroides clarus
B3_12_months	k141_43184_phage402_3690_17308_13_0.61	13619	B3_12_months__292800_Flavonifractor_plautii__k141_43184	3691	17309	Flavonifractor	Flavonifractor plautii
B3_12_months	k141_44119	55161	B3_12_months__674529_Bacteroides_faecis__k141_44119	1	55161	Bacteroides	Bacteroides faecis
B3_12_months	k141_44425	10178	B3_12_months__28025_Bifidobacterium_animalis__k141_44425	1	10178	Bifidobacterium	Bifidobacterium animalis
B3_12_months	k141_44509_phage591_36059_50401_11_0.69	14343	B3_12_months__39777_Veillonella_atypica__k141_44509	36060	50402	Veillonella	Veillonella atypica
B3_12_months	k141_44828_1_checkv_7599-33154/60607	25556	B3_12_months__1628085_Agathobaculum_butyriciproducens__k141_44828	7599	33154	Agathobaculum	Agathobaculum butyriciproducens
B3_12_months	k141_46010_phage18_16983_27692_12_0.63	10710	B3_12_months__418240_Blautia_wexlerae__k141_46010	16984	27693	Blautia	Blautia wexlerae
B3_12_months	k141_46518_1_checkv_15970-52004/120470	36035	B3_12_months__46228_[Ruminococcus]_lactaris__k141_46518	15970	52004	Mediterraneibacter	[Ruminococcus] lactaris
B3_12_months	k141_46544_phage149_276380_292864_20_0.72	16485	B3_12_months__2292349_Eubacterium_sp._AM28-29__k141_46544	276381	292865	Eubacterium	Eubacterium sp. AM28-29
B3_12_months	k141_46903_phage232_3422_27290_14_0.66	23869	B3_12_months__2292349_Eubacterium_sp._AM28-29__k141_46903	3423	27291	Eubacterium	Eubacterium sp. AM28-29
B3_12_months	k141_46933_1_checkv_1-30397/59174	30397	B3_12_months__571_Klebsiella_oxytoca__k141_46933	1	30397	Klebsiella	Klebsiella oxytoca
B3_12_months	k141_47394	34823	B3_12_months__84112_Eggerthella_lenta__k141_47394	1	34823	Eggerthella	Eggerthella lenta
B3_12_months	k141_48051	22058	B3_12_months__626929_Bacteroides_clarus__k141_48051	1	22058	Bacteroides	Bacteroides clarus
B3_12_months	k141_48517_1_checkv_11522-21995/49233	10474	B3_12_months__150055_Streptococcus_lutetiensis__k141_48517	11522	21995	Streptococcus	Streptococcus lutetiensis
B3_12_months	k141_49587	12526	B3_12_months__674529_Bacteroides_faecis__k141_49587	1	12526	Bacteroides	Bacteroides faecis
B3_12_months	k141_49724_1_checkv_5994-47338/47338	41345	B3_12_months__1318_Streptococcus_parasanguinis__k141_49724	5994	47338	Streptococcus	Streptococcus parasanguinis
B3_12_months	k141_49785_1_checkv_62382-76363/76363	13982	B3_12_months__674529_Bacteroides_faecis__k141_49785	62382	76363	Bacteroides	Bacteroides faecis
B3_12_months	k141_50505	28320	B3_12_months__292800_Flavonifractor_plautii__k141_50505	1	28320	Flavonifractor	Flavonifractor plautii
B3_12_months	k141_50649_1_checkv_11438-45212/65596	33775	B3_12_months__562_Escherichia_coli__k141_50649	11438	45212	Escherichia	Escherichia coli
B3_12_months	k141_50698	29814	B3_12_months__820_Bacteroides_uniformis__k141_50698	1	29814	Bacteroides	Bacteroides uniformis
B3_12_months	k141_51508_phage78_2_10497_10_0.57	10496	B3_12_months__418240_Blautia_wexlerae__k141_51508	3	10498	Blautia	Blautia wexlerae
B3_12_months	k141_51723_phage147_58790_70197_10_0.53	11408	B3_12_months__292800_Flavonifractor_plautii__k141_51723	58791	70198	Flavonifractor	Flavonifractor plautii
B3_12_months	k141_5236	53638	B3_12_months__39777_Veillonella_atypica__k141_5236	1	53638	Veillonella	Veillonella atypica
B3_12_months	k141_52698_phage416_1257_25626_24_0.61	24370	B3_12_months__1547_Erysipelatoclostridium_ramosum__k141_52698	1258	25627	Erysipelatoclostridium	Erysipelatoclostridium ramosum
B3_12_months	k141_52847_phage479_46063_90923_39_0.78	44861	B3_12_months__1547_Erysipelatoclostridium_ramosum__k141_52847	46064	90924	Erysipelatoclostridium	Erysipelatoclostridium ramosum
B3_12_months	k141_53318	35638	B3_12_months__729_Haemophilus_parainfluenzae__k141_53318	1	35638	Haemophilus	Haemophilus parainfluenzae
B3_12_months	k141_53389_phage577_75199_89402_23_0.59	14204	B3_12_months__1522_[Clostridium]_innocuum__k141_53389	75200	89403	Erysipelatoclostridium	[Clostridium] innocuum
B3_12_months	k141_55102	82752	B3_12_months__1628085_Agathobaculum_butyriciproducens__k141_55102	1	82752	Agathobaculum	Agathobaculum butyriciproducens
B3_12_months	k141_55486_phage810_179_15741_18_0.57	15563	B3_12_months__1366_Lactococcus_raffinolactis__k141_55486	180	15742	Lactococcus	Lactococcus raffinolactis
B3_12_months	k141_56247	38255	B3_12_months__626929_Bacteroides_clarus__k141_56247	1	38255	Bacteroides	Bacteroides clarus
B3_12_months	k141_57370	29412	B3_12_months__626929_Bacteroides_clarus__k141_57370	1	29412	Bacteroides	Bacteroides clarus
B3_12_months	k141_57618	45035	B3_12_months__216816_Bifidobacterium_longum__k141_57618	1	45035	Bifidobacterium	Bifidobacterium longum
B3_12_months	k141_58164_1_checkv_35602-78694/78694	43093	B3_12_months__47715_Lacticaseibacillus_rhamnosus__k141_58164	35602	78694	Lacticaseibacillus	Lacticaseibacillus rhamnosus
B3_12_months	k141_5866	36770	B3_12_months__571_Klebsiella_oxytoca__k141_5866	1	36770	Klebsiella	Klebsiella oxytoca
B3_12_months	k141_59831	44694	B3_12_months__626929_Bacteroides_clarus__k141_59831	1	44694	Bacteroides	Bacteroides clarus
B3_12_months	k141_60430_1_checkv_20859-38019/38019	17161	B3_12_months__1547_Erysipelatoclostridium_ramosum__k141_60430	20859	38019	Erysipelatoclostridium	Erysipelatoclostridium ramosum
B3_12_months	k141_63143	22069	B3_12_months__46228_[Ruminococcus]_lactaris__k141_63143	1	22069	Mediterraneibacter	[Ruminococcus] lactaris
B3_12_months	k141_63443_phage508_2_31620_40_0.67	31618	B3_12_months__562_Escherichia_coli__k141_63443	3	31620	Escherichia	Escherichia coli
B3_12_months	k141_63530_phage525_29164_40400_10_0.59	11237	B3_12_months__1547_Erysipelatoclostridium_ramosum__k141_63530	29165	40401	Erysipelatoclostridium	Erysipelatoclostridium ramosum
B3_12_months	k141_64758	27450	B3_12_months__28025_Bifidobacterium_animalis__k141_64758	1	27450	Bifidobacterium	Bifidobacterium animalis
B3_12_months	k141_64956	53686	B3_12_months__1736_Eubacterium_limosum__k141_64956	1	53686	Eubacterium	Eubacterium limosum
B3_12_months	k141_65961	45068	B3_12_months__1736_Eubacterium_limosum__k141_65961	1	45068	Eubacterium	Eubacterium limosum
B3_12_months	k141_6602	11501	B3_12_months__1628085_Agathobaculum_butyriciproducens__k141_6602	1	11501	Agathobaculum	Agathobaculum butyriciproducens
B3_12_months	k141_67548_phage314_109943_149078_43_0.65	39136	B3_12_months__1547_Erysipelatoclostridium_ramosum__k141_67548	109944	149079	Erysipelatoclostridium	Erysipelatoclostridium ramosum
B3_12_months	k141_6777_1_checkv_37171-61781/73525	24611	B3_12_months__46228_[Ruminococcus]_lactaris__k141_6777	37171	61781	Mediterraneibacter	[Ruminococcus] lactaris
B3_12_months	k141_6780	20656	B3_12_months__562_Escherichia_coli__k141_6780	1	20656	Escherichia	Escherichia coli
B3_12_months	k141_6879	31135	B3_12_months__571_Klebsiella_oxytoca__k141_6879	1	31135	Klebsiella	Klebsiella oxytoca
B3_12_months	k141_68898	53754	B3_12_months__46228_[Ruminococcus]_lactaris__k141_68898	1	53754	Mediterraneibacter	[Ruminococcus] lactaris
B3_12_months	k141_69222_1_checkv_10185-44271/71414	34087	B3_12_months__820_Bacteroides_uniformis__k141_69222	10185	44271	Bacteroides	Bacteroides uniformis
B3_12_months	k141_69652_phage688_2_17269_26_0.8	17268	B3_12_months__261299_Intestinibacter_bartlettii__k141_69652	3	17270	Intestinibacter	Intestinibacter bartlettii
B3_12_months	k141_7000_phage379_13868_24652_18_0.68	10785	B3_12_months__150055_Streptococcus_lutetiensis__k141_7000	13869	24653	Streptococcus	Streptococcus lutetiensis
B3_12_months	k141_70831_phage808_7186_19822_11_0.58	12637	B3_12_months__418240_Blautia_wexlerae__k141_70831	7187	19823	Blautia	Blautia wexlerae
B3_12_months	k141_70934	77267	B3_12_months__674529_Bacteroides_faecis__k141_70934	1	77267	Bacteroides	Bacteroides faecis
B3_12_months	k141_71207_phage837_25173_49225_21_0.62	24053	B3_12_months__1547_Erysipelatoclostridium_ramosum__k141_71207	25174	49226	Erysipelatoclostridium	Erysipelatoclostridium ramosum
B3_12_months	k141_71207_phage839_78654_119008_38_0.65	40355	B3_12_months__1547_Erysipelatoclostridium_ramosum__k141_71207	78655	119009	Erysipelatoclostridium	Erysipelatoclostridium ramosum
B3_12_months	k141_71376_phage848_53935_64950_17_0.65	11016	B3_12_months__28025_Bifidobacterium_animalis__k141_71376	53936	64951	Bifidobacterium	Bifidobacterium animalis
B3_12_months	k141_71446	24514	B3_12_months__626929_Bacteroides_clarus__k141_71446	1	24514	Bacteroides	Bacteroides clarus
B3_12_months	k141_7162	11976	B3_12_months__571_Klebsiella_oxytoca__k141_7162	1	11976	Klebsiella	Klebsiella oxytoca
B3_12_months	k141_72942_1_checkv_27528-41818/41818	14291	B3_12_months__571_Klebsiella_oxytoca__k141_72942	27528	41818	Klebsiella	Klebsiella oxytoca
B3_12_months	k141_7308_1_checkv_42505-54340/54340	11836	B3_12_months__562_Escherichia_coli__k141_7308	42505	54340	Escherichia	Escherichia coli
B3_12_months	k141_7333	38761	B3_12_months__28025_Bifidobacterium_animalis__k141_7333	1	38761	Bifidobacterium	Bifidobacterium animalis
B3_12_months	k141_73928	43375	B3_12_months__2292349_Eubacterium_sp._AM28-29__k141_73928	1	43375	Eubacterium	Eubacterium sp. AM28-29
B3_12_months	k141_74231	19552	B3_12_months__626929_Bacteroides_clarus__k141_74231	1	19552	Bacteroides	Bacteroides clarus
B3_12_months	k141_74413_phage455_233_10973_15_0.86	10741	B3_12_months__39777_Veillonella_atypica__k141_74413	234	10974	Veillonella	Veillonella atypica
B3_12_months	k141_74413_phage456_11695_39117_34_0.75	27423	B3_12_months__39777_Veillonella_atypica__k141_74413	11696	39118	Veillonella	Veillonella atypica
B3_12_months	k141_76572_phage6_2_12361_16_0.52	12360	B3_12_months__292800_Flavonifractor_plautii__k141_76572	3	12362	Flavonifractor	Flavonifractor plautii
B3_12_months	k141_78690_1_checkv_1-11919/50277	11919	B3_12_months__1522_[Clostridium]_innocuum__k141_78690	1	11919	Erysipelatoclostridium	[Clostridium] innocuum
B3_12_months	k141_80949_phage615_116072_137016_15_0.65	20945	B3_12_months__39777_Veillonella_atypica__k141_80949	116073	137017	Veillonella	Veillonella atypica
B3_12_months	k141_81300	13873	B3_12_months__418240_Blautia_wexlerae__k141_81300	1	13873	Blautia	Blautia wexlerae
B3_12_months	k141_81466_phage793_13496_31297_24_0.65	17802	B3_12_months__418240_Blautia_wexlerae__k141_81466	13497	31298	Blautia	Blautia wexlerae
B3_12_months	k141_8194	10042	B3_12_months__3017874_Enterococcus_gilvus__k141_8194	1	10042	Enterococcus	Enterococcus gilvus
B3_12_months	k141_8329_1_checkv_55174-89260/104332	34087	B3_12_months__33038_[Ruminococcus]_gnavus__k141_8329	55174	89260	Mediterraneibacter	[Ruminococcus] gnavus
B3_12_months	k141_9224_phage772_37435_80568_45_0.67	43134	B3_12_months__1547_Erysipelatoclostridium_ramosum__k141_9224	37436	80569	Erysipelatoclostridium	Erysipelatoclostridium ramosum
B3_12_months	k141_9224_phage773_93965_106244_12_0.59	12280	B3_12_months__1547_Erysipelatoclostridium_ramosum__k141_9224	93966	106245	Erysipelatoclostridium	Erysipelatoclostridium ramosum
B3_12_months	k141_9491	12452	B3_12_months__1628085_Agathobaculum_butyriciproducens__k141_9491	1	12452	Agathobaculum	Agathobaculum butyriciproducens
B3_12_months	k141_9587	15132	B3_12_months__1522_[Clostridium]_innocuum__k141_9587	1	15132	Erysipelatoclostridium	[Clostridium] innocuum
B3_12_months	k141_9749	24326	B3_12_months__418240_Blautia_wexlerae__k141_9749	1	24326	Blautia	Blautia wexlerae
B3_12_months	k141_9873	64955	B3_12_months__418240_Blautia_wexlerae__k141_9873	1	64955	Blautia	Blautia wexlerae
B3_6_months	k141_10433_phage484_192148_202598_10_0.58	10451	B3_6_months__137838_Clostridium_neonatale__k141_10433	192149	202599	Clostridium	Clostridium neonatale
B3_6_months	k141_10514_phage0_13459_24474_17_0.66	11016	B3_6_months__28025_Bifidobacterium_animalis__k141_10514	13460	24475	Bifidobacterium	Bifidobacterium animalis
B3_6_months	k141_10560_1_checkv_32215-68553/76092	36339	B3_6_months__292800_Flavonifractor_plautii__k141_10560	32215	68553	Flavonifractor	Flavonifractor plautii
B3_6_months	k141_11667	11829	B3_6_months__137838_Clostridium_neonatale__k141_11667	1	11829	Clostridium	Clostridium neonatale
B3_6_months	k141_12046_phage242_241_16186_15_0.6	15946	B3_6_months__137838_Clostridium_neonatale__k141_12046	242	16187	Clostridium	Clostridium neonatale
B3_6_months	k141_12198_phage276_1_20463_12_0.8	20462	B3_6_months__29363_Clostridium_paraputrificum__k141_12198	2	20463	Clostridium	Clostridium paraputrificum
B3_6_months	k141_12409	14512	B3_6_months__137838_Clostridium_neonatale__k141_12409	1	14512	Clostridium	Clostridium neonatale
B3_6_months	k141_13278_phage65_2_14459_23_0.75	14458	B3_6_months__29363_Clostridium_paraputrificum__k141_13278	3	14460	Clostridium	Clostridium paraputrificum
B3_6_months	k141_13432_phage110_33214_48711_18_0.65	15498	B3_6_months__29363_Clostridium_paraputrificum__k141_13432	33215	48712	Clostridium	Clostridium paraputrificum
B3_6_months	k141_13444_phage112_1526_18897_26_0.82	17372	B3_6_months__137838_Clostridium_neonatale__k141_13444	1527	18898	Clostridium	Clostridium neonatale
B3_6_months	k141_13602_1_checkv_140155-192145/437533	51991	B3_6_months__216816_Bifidobacterium_longum__k141_13602	140155	192145	Bifidobacterium	Bifidobacterium longum
B3_6_months	k141_14386_1_checkv_71702-83340/83340	11639	B3_6_months__626929_Bacteroides_clarus__k141_14386	71702	83340	Bacteroides	Bacteroides clarus
B3_6_months	k141_14802_phage389_28_11793_10_0.71	11766	B3_6_months__137838_Clostridium_neonatale__k141_14802	29	11794	Clostridium	Clostridium neonatale
B3_6_months	k141_1486	17132	B3_6_months__562_Escherichia_coli__k141_1486	1	17132	Escherichia	Escherichia coli
B3_6_months	k141_1498	13082	B3_6_months__47715_Lacticaseibacillus_rhamnosus__k141_1498	1	13082	Lacticaseibacillus	Lacticaseibacillus rhamnosus
B3_6_months	k141_15208	28373	B3_6_months__292800_Flavonifractor_plautii__k141_15208	1	28373	Flavonifractor	Flavonifractor plautii
B3_6_months	k141_15443_phage465_46454_58400_14_0.61	11947	B3_6_months__137838_Clostridium_neonatale__k141_15443	46455	58401	Clostridium	Clostridium neonatale
B3_6_months	k141_15765_phage9_65172_79631_19_0.77	14460	B3_6_months__1492_Clostridium_butyricum__k141_15765	65173	79632	Clostridium	Clostridium butyricum
B3_6_months	k141_1713	11566	B3_6_months__137838_Clostridium_neonatale__k141_1713	1	11566	Clostridium	Clostridium neonatale
B3_6_months	k141_17703	12479	B3_6_months__29363_Clostridium_paraputrificum__k141_17703	1	12479	Clostridium	Clostridium paraputrificum
B3_6_months	k141_17777	22637	B3_6_months__28025_Bifidobacterium_animalis__k141_17777	1	22637	Bifidobacterium	Bifidobacterium animalis
B3_6_months	k141_18045_phage381_220_13057_15_0.56	12838	B3_6_months__137838_Clostridium_neonatale__k141_18045	221	13058	Clostridium	Clostridium neonatale
B3_6_months	k141_18549_phage34_110838_123041_12_0.51	12204	B3_6_months__1492_Clostridium_butyricum__k141_18549	110839	123042	Clostridium	Clostridium butyricum
B3_6_months	k141_19344_phage265_125855_146093_19_0.53	20239	B3_6_months__1492_Clostridium_butyricum__k141_19344	125856	146094	Clostridium	Clostridium butyricum
B3_6_months	k141_19626_phage302_347_12941_14_0.75	12595	B3_6_months__47715_Lacticaseibacillus_rhamnosus__k141_19626	348	12942	Lacticaseibacillus	Lacticaseibacillus rhamnosus
B3_6_months	k141_1963	28618	B3_6_months__137838_Clostridium_neonatale__k141_1963	1	28618	Clostridium	Clostridium neonatale
B3_6_months	k141_19787_1_checkv_28139-66652/150240	38514	B3_6_months__150055_Streptococcus_lutetiensis__k141_19787	28139	66652	Streptococcus	Streptococcus lutetiensis
B3_6_months	k141_20014_phage408_1_11760_16_0.83	11760	B3_6_months__137838_Clostridium_neonatale__k141_20014	2	11761	Clostridium	Clostridium neonatale
B3_6_months	k141_20235	19384	B3_6_months__28025_Bifidobacterium_animalis__k141_20235	1	19384	Bifidobacterium	Bifidobacterium animalis
B3_6_months	k141_20331_phage438_85_10797_15_0.81	10713	B3_6_months__29363_Clostridium_paraputrificum__k141_20331	86	10798	Clostridium	Clostridium paraputrificum
B3_6_months	k141_20341_phage441_6724_17940_12_0.6	11217	B3_6_months__292800_Flavonifractor_plautii__k141_20341	6725	17941	Flavonifractor	Flavonifractor plautii
B3_6_months	k141_20538_phage459_3937_25397_21_0.56	21461	B3_6_months__29363_Clostridium_paraputrificum__k141_20538	3938	25398	Clostridium	Clostridium paraputrificum
B3_6_months	k141_20702_1_checkv_27091-37536/49227	10446	B3_6_months__150055_Streptococcus_lutetiensis__k141_20702	27091	37536	Streptococcus	Streptococcus lutetiensis
B3_6_months	k141_20970_1_checkv_20425-34172/34172	13748	B3_6_months__47715_Lacticaseibacillus_rhamnosus__k141_20970	20425	34172	Lacticaseibacillus	Lacticaseibacillus rhamnosus
B3_6_months	k141_2207	43176	B3_6_months__626929_Bacteroides_clarus__k141_2207	1	43176	Bacteroides	Bacteroides clarus
B3_6_months	k141_22139	69386	B3_6_months__626929_Bacteroides_clarus__k141_22139	1	69386	Bacteroides	Bacteroides clarus
B3_6_months	k141_2215_phage348_3_26025_22_0.7	26023	B3_6_months__137838_Clostridium_neonatale__k141_2215	4	26026	Clostridium	Clostridium neonatale
B3_6_months	k141_22802	40677	B3_6_months__39777_Veillonella_atypica__k141_22802	1	40677	Veillonella	Veillonella atypica
B3_6_months	k141_2351_phage375_5719_19026_14_0.78	13308	B3_6_months__137838_Clostridium_neonatale__k141_2351	5720	19027	Clostridium	Clostridium neonatale
B3_6_months	k141_2392	12559	B3_6_months__261299_Intestinibacter_bartlettii__k141_2392	1	12559	Intestinibacter	Intestinibacter bartlettii
B3_6_months	k141_23932_phage100_4131_21797_26_0.72	17667	B3_6_months__137838_Clostridium_neonatale__k141_23932	4132	21798	Clostridium	Clostridium neonatale
B3_6_months	k141_24483	14692	B3_6_months__29363_Clostridium_paraputrificum__k141_24483	1	14692	Clostridium	Clostridium paraputrificum
B3_6_months	k141_25339_phage332_8890_35294_26_0.62	26405	B3_6_months__137838_Clostridium_neonatale__k141_25339	8891	35295	Clostridium	Clostridium neonatale
B3_6_months	k141_26734_phage92_3677_20745_20_0.59	17069	B3_6_months__137838_Clostridium_neonatale__k141_26734	3678	20746	Clostridium	Clostridium neonatale
B3_6_months	k141_26945	17778	B3_6_months__562_Escherichia_coli__k141_26945	1	17778	Escherichia	Escherichia coli
B3_6_months	k141_27235_phage156_1_18948_25_0.76	18948	B3_6_months__137838_Clostridium_neonatale__k141_27235	2	18949	Clostridium	Clostridium neonatale
B3_6_months	k141_27481_phage241_286_23921_23_0.54	23636	B3_6_months__137838_Clostridium_neonatale__k141_27481	287	23922	Clostridium	Clostridium neonatale
B3_6_months	k141_2760	34504	B3_6_months__28025_Bifidobacterium_animalis__k141_2760	1	34504	Bifidobacterium	Bifidobacterium animalis
B3_6_months	k141_27776_phage293_29_17622_22_0.78	17594	B3_6_months__137838_Clostridium_neonatale__k141_27776	30	17623	Clostridium	Clostridium neonatale
B3_6_months	k141_2807	35281	B3_6_months__28025_Bifidobacterium_animalis__k141_2807	1	35281	Bifidobacterium	Bifidobacterium animalis
B3_6_months	k141_28417	16382	B3_6_months__29361_Tyzzerella_nexilis__k141_28417	1	16382	Tyzzerella	Tyzzerella nexilis
B3_6_months	k141_28458	11788	B3_6_months__1492_Clostridium_butyricum__k141_28458	1	11788	Clostridium	Clostridium butyricum
B3_6_months	k141_28465_phage368_8779_29156_21_0.62	20378	B3_6_months__29361_Tyzzerella_nexilis__k141_28465	8780	29157	Tyzzerella	Tyzzerella nexilis
B3_6_months	k141_28580	25523	B3_6_months__39777_Veillonella_atypica__k141_28580	1	25523	Veillonella	Veillonella atypica
B3_6_months	k141_28806_phage424_13080_43320_29_0.68	30241	B3_6_months__261299_Intestinibacter_bartlettii__k141_28806	13081	43321	Intestinibacter	Intestinibacter bartlettii
B3_6_months	k141_2882_phage73_44175_61912_13_0.67	17738	B3_6_months__1492_Clostridium_butyricum__k141_2882	44176	61913	Clostridium	Clostridium butyricum
B3_6_months	k141_29208_phage77_301_12393_12_0.8	12093	B3_6_months__29363_Clostridium_paraputrificum__k141_29208	302	12394	Clostridium	Clostridium paraputrificum
B3_6_months	k141_29301_1_checkv_3675-22201/22201	18527	B3_6_months__1492_Clostridium_butyricum__k141_29301	3675	22201	Clostridium	Clostridium butyricum
B3_6_months	k141_29690	19756	B3_6_months__137838_Clostridium_neonatale__k141_29690	1	19756	Clostridium	Clostridium neonatale
B3_6_months	k141_31925	57600	B3_6_months__1492_Clostridium_butyricum__k141_31925	1	57600	Clostridium	Clostridium butyricum
B3_6_months	k141_31938_phage86_169_23488_33_0.8	23320	B3_6_months__1492_Clostridium_butyricum__k141_31938	170	23489	Clostridium	Clostridium butyricum
B3_6_months	k141_32089_1_checkv_20836-52755/549595	31920	B3_6_months__1736_Eubacterium_limosum__k141_32089	20836	52755	Eubacterium	Eubacterium limosum
B3_6_months	k141_32089_2_checkv_392871-432801/549595	39931	B3_6_months__1736_Eubacterium_limosum__k141_32089	392871	432801	Eubacterium	Eubacterium limosum
B3_6_months	k141_32247_phage199_107249_128265_18_0.52	21017	B3_6_months__1492_Clostridium_butyricum__k141_32247	107250	128266	Clostridium	Clostridium butyricum
B3_6_months	k141_3225_phage116_3_13506_37_0.83	13504	B3_6_months__29363_Clostridium_paraputrificum__k141_3225	4	13507	Clostridium	Clostridium paraputrificum
B3_6_months	k141_32515	22760	B3_6_months__137838_Clostridium_neonatale__k141_32515	1	22760	Clostridium	Clostridium neonatale
B3_6_months	k141_32571_phage234_19099_38461_21_0.71	19363	B3_6_months__1492_Clostridium_butyricum__k141_32571	19100	38462	Clostridium	Clostridium butyricum
B3_6_months	k141_34774_phage131_2_26111_40_0.75	26110	B3_6_months__137838_Clostridium_neonatale__k141_34774	3	26112	Clostridium	Clostridium neonatale
B3_6_months	k141_35422_phage247_2_12100_11_0.64	12099	B3_6_months__1335613_Gordonibacter_urolithinfaciens__k141_35422	3	12101	Gordonibacter	Gordonibacter urolithinfaciens
B3_6_months	k141_36292	11204	B3_6_months__562_Escherichia_coli__k141_36292	1	11204	Escherichia	Escherichia coli
B3_6_months	k141_3723_phage239_3_16478_13_0.59	16476	B3_6_months__29361_Tyzzerella_nexilis__k141_3723	4	16479	Tyzzerella	Tyzzerella nexilis
B3_6_months	k141_37305_1_checkv_36491-69398/69398	32908	B3_6_months__47715_Lacticaseibacillus_rhamnosus__k141_37305	36491	69398	Lacticaseibacillus	Lacticaseibacillus rhamnosus
B3_6_months	k141_37322_phage192_340146_350946_10_0.58	10801	B3_6_months__1492_Clostridium_butyricum__k141_37322	340147	350947	Clostridium	Clostridium butyricum
B3_6_months	k141_37322_phage194_369274_381142_10_0.61	11869	B3_6_months__1492_Clostridium_butyricum__k141_37322	369275	381143	Clostridium	Clostridium butyricum
B3_6_months	k141_37678_phage256_13423_48139_24_0.66	34717	B3_6_months__137838_Clostridium_neonatale__k141_37678	13424	48140	Clostridium	Clostridium neonatale
B3_6_months	k141_38097_phage322_5065_23208_17_0.64	18144	B3_6_months__137838_Clostridium_neonatale__k141_38097	5066	23209	Clostridium	Clostridium neonatale
B3_6_months	k141_39061_phage469_6454_18376_11_0.7	11923	B3_6_months__1492_Clostridium_butyricum__k141_39061	6455	18377	Clostridium	Clostridium butyricum
B3_6_months	k141_39798_phage149_8644_32470_19_0.72	23827	B3_6_months__137838_Clostridium_neonatale__k141_39798	8645	32471	Clostridium	Clostridium neonatale
B3_6_months	k141_40128_phage220_19475_33308_16_0.57	13834	B3_6_months__84112_Eggerthella_lenta__k141_40128	19476	33309	Eggerthella	Eggerthella lenta
B3_6_months	k141_40789	48703	B3_6_months__216816_Bifidobacterium_longum__k141_40789	1	48703	Bifidobacterium	Bifidobacterium longum
B3_6_months	k141_41154_phage376_4653_17309_12_0.62	12657	B3_6_months__292800_Flavonifractor_plautii__k141_41154	4654	17310	Flavonifractor	Flavonifractor plautii
B3_6_months	k141_4292_phage326_37353_52812_14_0.61	15460	B3_6_months__137838_Clostridium_neonatale__k141_4292	37354	52813	Clostridium	Clostridium neonatale
B3_6_months	k141_4563_phage430_2_13646_19_0.77	13645	B3_6_months__29363_Clostridium_paraputrificum__k141_4563	3	13647	Clostridium	Clostridium paraputrificum
B3_6_months	k141_4573	20562	B3_6_months__137838_Clostridium_neonatale__k141_4573	1	20562	Clostridium	Clostridium neonatale
B3_6_months	k141_4938	13292	B3_6_months__29361_Tyzzerella_nexilis__k141_4938	1	13292	Tyzzerella	Tyzzerella nexilis
B3_6_months	k141_6743_1_checkv_147204-190459/527065	43256	B3_6_months__562_Escherichia_coli__k141_6743	147204	190459	Escherichia	Escherichia coli
B3_6_months	k141_6743_2_checkv_514618-527065/527065	12448	B3_6_months__562_Escherichia_coli__k141_6743	514618	527065	Escherichia	Escherichia coli
B3_6_months	k141_6862	10235	B3_6_months__29363_Clostridium_paraputrificum__k141_6862	1	10235	Clostridium	Clostridium paraputrificum
B3_6_months	k141_7402	11818	B3_6_months__29363_Clostridium_paraputrificum__k141_7402	1	11818	Clostridium	Clostridium paraputrificum
B3_6_months	k141_7483	18358	B3_6_months__626929_Bacteroides_clarus__k141_7483	1	18358	Bacteroides	Bacteroides clarus
B3_6_months	k141_7591_phage472_2601_15989_12_0.6	13389	B3_6_months__137838_Clostridium_neonatale__k141_7591	2602	15990	Clostridium	Clostridium neonatale
B3_6_months	k141_7891_1_checkv_1-13533/22568	13533	B3_6_months__626929_Bacteroides_clarus__k141_7891	1	13533	Bacteroides	Bacteroides clarus
B3_6_months	k141_7928	25644	B3_6_months__626929_Bacteroides_clarus__k141_7928	1	25644	Bacteroides	Bacteroides clarus
B3_6_months	k141_8460	42345	B3_6_months__562_Escherichia_coli__k141_8460	1	42345	Escherichia	Escherichia coli
B3_6_months	k141_8486	10429	B3_6_months__626929_Bacteroides_clarus__k141_8486	1	10429	Bacteroides	Bacteroides clarus
B3_6_months	k141_882_phage127_46417_58152_11_0.66	11736	B3_6_months__137838_Clostridium_neonatale__k141_882	46418	58153	Clostridium	Clostridium neonatale
B3_6_months	k141_9612_phage353_2_16323_16_0.56	16322	B3_6_months__1736_Eubacterium_limosum__k141_9612	3	16324	Eubacterium	Eubacterium limosum
B3_6_months	k141_9806	19438	B3_6_months__1492_Clostridium_butyricum__k141_9806	1	19438	Clostridium	Clostridium butyricum
B4_12_months	k141_1058_phage116_97_20323_20_0.67	20227	B4_12_months__1547_Erysipelatoclostridium_ramosum__k141_1058	98	20324	Erysipelatoclostridium	Erysipelatoclostridium ramosum
B4_12_months	k141_11702_phage184_7377_23524_19_0.55	16148	B4_12_months__84112_Eggerthella_lenta__k141_11702	7378	23525	Eggerthella	Eggerthella lenta
B4_12_months	k141_11702_phage185_29684_47195_17_0.6	17512	B4_12_months__84112_Eggerthella_lenta__k141_11702	29685	47196	Eggerthella	Eggerthella lenta
B4_12_months	k141_11761_phage199_3_16985_21_0.81	16983	B4_12_months__29363_Clostridium_paraputrificum__k141_11761	4	16986	Clostridium	Clostridium paraputrificum
B4_12_months	k141_11921_phage211_103_12689_11_0.65	12587	B4_12_months__291645_Bacteroides_nordii__k141_11921	104	12690	Bacteroides	Bacteroides nordii
B4_12_months	k141_12448	15650	B4_12_months__216816_Bifidobacterium_longum__k141_12448	1	15650	Bifidobacterium	Bifidobacterium longum
B4_12_months	k141_1258_1_checkv_27752-54321/74622	26570	B4_12_months__1550024_Ruthenibacterium_lactatiformans__k141_1258	27752	54321	Ruthenibacterium	Ruthenibacterium lactatiformans
B4_12_months	k141_13200	12854	B4_12_months__573_Klebsiella_pneumoniae__k141_13200	1	12854	Klebsiella	Klebsiella pneumoniae
B4_12_months	k141_13283_1_checkv_36999-69900/69900	32902	B4_12_months__47715_Lacticaseibacillus_rhamnosus__k141_13283	36999	69900	Lacticaseibacillus	Lacticaseibacillus rhamnosus
B4_12_months	k141_13708_1_checkv_19973-57894/104099	37922	B4_12_months__33012_Propionimicrobium_lymphophilum__k141_13708	19973	57894	Propionimicrobium	Propionimicrobium lymphophilum
B4_12_months	k141_13800_phage457_24090_41747_17_0.52	17658	B4_12_months__1547_Erysipelatoclostridium_ramosum__k141_13800	24091	41748	Erysipelatoclostridium	Erysipelatoclostridium ramosum
B4_12_months	k141_1392	40540	B4_12_months__2058152_Klebsiella_grimontii__k141_1392	1	40540	Klebsiella	Klebsiella grimontii
B4_12_months	k141_144	16274	B4_12_months__29363_Clostridium_paraputrificum__k141_144	1	16274	Clostridium	Clostridium paraputrificum
B4_12_months	k141_14994_phage572_97080_111933_13_0.62	14854	B4_12_months__291645_Bacteroides_nordii__k141_14994	97081	111934	Bacteroides	Bacteroides nordii
B4_12_months	k141_1538	29290	B4_12_months__823_Parabacteroides_distasonis__k141_1538	1	29290	Parabacteroides	Parabacteroides distasonis
B4_12_months	k141_17484_1_checkv_19611-50486/116612	30876	B4_12_months__1118058_Actinomyces_sp._ph3__k141_17484	19611	50486	Actinomyces	Actinomyces sp. ph3
B4_12_months	k141_19386_phage548_3_15720_14_0.75	15718	B4_12_months__29363_Clostridium_paraputrificum__k141_19386	4	15721	Clostridium	Clostridium paraputrificum
B4_12_months	k141_21826_phage167_182969_197484_15_0.6	14516	B4_12_months__33012_Propionimicrobium_lymphophilum__k141_21826	182970	197485	Propionimicrobium	Propionimicrobium lymphophilum
B4_12_months	k141_22810	14911	B4_12_months__573_Klebsiella_pneumoniae__k141_22810	1	14911	Klebsiella	Klebsiella pneumoniae
B4_12_months	k141_24163_phage525_3_29756_27_0.87	29754	B4_12_months__291645_Bacteroides_nordii__k141_24163	4	29757	Bacteroides	Bacteroides nordii
B4_12_months	k141_24163_phage526_30748_42258_20_0.77	11511	B4_12_months__291645_Bacteroides_nordii__k141_24163	30749	42259	Bacteroides	Bacteroides nordii
B4_12_months	k141_24278_phage541_9299_29254_30_0.67	19956	B4_12_months__1547_Erysipelatoclostridium_ramosum__k141_24278	9300	29255	Erysipelatoclostridium	Erysipelatoclostridium ramosum
B4_12_months	k141_24401_phage550_1_13128_17_0.85	13128	B4_12_months__1502_Clostridium_perfringens__k141_24401	2	13129	Clostridium	Clostridium perfringens
B4_12_months	k141_26081_phage89_2506_17275_25_0.66	14770	B4_12_months__573_Klebsiella_pneumoniae__k141_26081	2507	17276	Klebsiella	Klebsiella pneumoniae
B4_12_months	k141_2889_phage320_3_39080_40_0.74	39078	B4_12_months__1496_Clostridioides_difficile__k141_2889	4	39081	Clostridioides	Clostridioides difficile
B4_12_months	k141_29023_phage391_2_13355_17_0.8	13354	B4_12_months__29363_Clostridium_paraputrificum__k141_29023	3	13356	Clostridium	Clostridium paraputrificum
B4_12_months	k141_29765	94898	B4_12_months__291645_Bacteroides_nordii__k141_29765	1	94898	Bacteroides	Bacteroides nordii
B4_12_months	k141_30250_phage564_41552_54781_18_0.75	13230	B4_12_months__410072_Coprococcus_comes__k141_30250	41553	54782	Coprococcus	Coprococcus comes
B4_12_months	k141_31377_1_checkv_36413-51909/51909	15497	B4_12_months__1550024_Ruthenibacterium_lactatiformans__k141_31377	36413	51909	Ruthenibacterium	Ruthenibacterium lactatiformans
B4_12_months	k141_31416_phage110_170070_184582_14_0.66	14513	B4_12_months__817_Bacteroides_fragilis__k141_31416	170071	184583	Bacteroides	Bacteroides fragilis
B4_12_months	k141_31493_1_checkv_1-28186/52886	28186	B4_12_months__1550024_Ruthenibacterium_lactatiformans__k141_31493	1	28186	Ruthenibacterium	Ruthenibacterium lactatiformans
B4_12_months	k141_32244_phage198_2_11769_10_0.9	11768	B4_12_months__1502_Clostridium_perfringens__k141_32244	3	11770	Clostridium	Clostridium perfringens
B4_12_months	k141_32661_phage283_351411_387163_31_0.57	35753	B4_12_months__29466_Veillonella_parvula__k141_32661	351412	387164	Veillonella	Veillonella parvula
B4_12_months	k141_32894_1_checkv_10205-20592/20592	10388	B4_12_months__291645_Bacteroides_nordii__k141_32894	10205	20592	Bacteroides	Bacteroides nordii
B4_12_months	k141_3345_1_checkv_17579-51865/117094	34287	B4_12_months__823_Parabacteroides_distasonis__k141_3345	17579	51865	Parabacteroides	Parabacteroides distasonis
B4_12_months	k141_34607_phage487_2_29149_13_0.85	29148	B4_12_months__410072_Coprococcus_comes__k141_34607	3	29150	Coprococcus	Coprococcus comes
B4_12_months	k141_35375	12620	B4_12_months__410072_Coprococcus_comes__k141_35375	1	12620	Coprococcus	Coprococcus comes
B4_12_months	k141_36999_1_checkv_47485-71456/71456	23972	B4_12_months__1550024_Ruthenibacterium_lactatiformans__k141_36999	47485	71456	Ruthenibacterium	Ruthenibacterium lactatiformans
B4_12_months	k141_39721	27080	B4_12_months__291645_Bacteroides_nordii__k141_39721	1	27080	Bacteroides	Bacteroides nordii
B4_12_months	k141_40490_phage611_84_13294_18_0.75	13211	B4_12_months__1496_Clostridioides_difficile__k141_40490	85	13295	Clostridioides	Clostridioides difficile
B4_12_months	k141_41463	26077	B4_12_months__1351_Enterococcus_faecalis__k141_41463	1	26077	Enterococcus	Enterococcus faecalis
B4_12_months	k141_42349_phage173_6884_20407_16_0.68	13524	B4_12_months__83427_uncultured_Streptococcus_sp.__k141_42349	6885	20408	Streptococcus	uncultured Streptococcus sp.
B4_12_months	k141_43535_phage316_3_10418_11_0.65	10416	B4_12_months__1547_Erysipelatoclostridium_ramosum__k141_43535	4	10419	Erysipelatoclostridium	Erysipelatoclostridium ramosum
B4_12_months	k141_4393_phage558_236_13403_10_0.81	13168	B4_12_months__1547_Erysipelatoclostridium_ramosum__k141_4393	237	13404	Erysipelatoclostridium	Erysipelatoclostridium ramosum
B4_12_months	k141_45672	15686	B4_12_months__573_Klebsiella_pneumoniae__k141_45672	1	15686	Klebsiella	Klebsiella pneumoniae
B4_12_months	k141_45716	10768	B4_12_months__1496_Clostridioides_difficile__k141_45716	1	10768	Clostridioides	Clostridioides difficile
B4_12_months	k141_46082_phage57_109784_121783_16_0.58	12000	B4_12_months__410072_Coprococcus_comes__k141_46082	109785	121784	Coprococcus	Coprococcus comes
B4_12_months	k141_48650_phage438_3_14365_15_0.73	14363	B4_12_months__1502_Clostridium_perfringens__k141_48650	4	14366	Clostridium	Clostridium perfringens
B4_12_months	k141_49195	15410	B4_12_months__1118058_Actinomyces_sp._ph3__k141_49195	1	15410	Actinomyces	Actinomyces sp. ph3
B4_12_months	k141_50135	24141	B4_12_months__1351_Enterococcus_faecalis__k141_50135	1	24141	Enterococcus	Enterococcus faecalis
B4_12_months	k141_50149_phage635_2_28738_32_0.89	28736	B4_12_months__1496_Clostridioides_difficile__k141_50149	3	28738	Clostridioides	Clostridioides difficile
B4_12_months	k141_50384_1_checkv_1-13961/90867	13961	B4_12_months__103621_Actinomyces_urogenitalis__k141_50384	1	13961	Actinomyces	Actinomyces urogenitalis
B4_12_months	k141_50416_1_checkv_1-25192/48040	25192	B4_12_months__1351_Enterococcus_faecalis__k141_50416	1	25192	Enterococcus	Enterococcus faecalis
B4_12_months	k141_50652_phage655_2_18524_27_0.8	18522	B4_12_months__1496_Clostridioides_difficile__k141_50652	3	18524	Clostridioides	Clostridioides difficile
B4_12_months	k141_51381_phage36_5542_21455_16_0.53	15914	B4_12_months__1351_Enterococcus_faecalis__k141_51381	5543	21456	Enterococcus	Enterococcus faecalis
B4_12_months	k141_54050	10160	B4_12_months__1496_Clostridioides_difficile__k141_54050	1	10160	Clostridioides	Clostridioides difficile
B4_12_months	k141_54978_phage500_1_10944_13_0.62	10944	B4_12_months__1547_Erysipelatoclostridium_ramosum__k141_54978	2	10945	Erysipelatoclostridium	Erysipelatoclostridium ramosum
B4_12_months	k141_55126_phage531_58761_83386_19_0.61	24626	B4_12_months__29466_Veillonella_parvula__k141_55126	58762	83387	Veillonella	Veillonella parvula
B4_12_months	k141_55355_1_checkv_1-38879/333385	38879	B4_12_months__33012_Propionimicrobium_lymphophilum__k141_55355	1	38879	Propionimicrobium	Propionimicrobium lymphophilum
B4_12_months	k141_55600_phage609_142112_164075_27_0.65	21964	B4_12_months__33012_Propionimicrobium_lymphophilum__k141_55600	142113	164076	Propionimicrobium	Propionimicrobium lymphophilum
B4_12_months	k141_55722_phage628_91349_108103_21_0.7	16755	B4_12_months__1351_Enterococcus_faecalis__k141_55722	91350	108104	Enterococcus	Enterococcus faecalis
B4_12_months	k141_56142	17313	B4_12_months__1597_Lacticaseibacillus_paracasei__k141_56142	1	17313	Lacticaseibacillus	Lacticaseibacillus paracasei
B4_12_months	k141_56240	71653	B4_12_months__823_Parabacteroides_distasonis__k141_56240	1	71653	Parabacteroides	Parabacteroides distasonis
B4_12_months	k141_58108	34835	B4_12_months__1550024_Ruthenibacterium_lactatiformans__k141_58108	1	34835	Ruthenibacterium	Ruthenibacterium lactatiformans
B4_12_months	k141_59570_phage440_2_31662_47_0.93	31661	B4_12_months__1496_Clostridioides_difficile__k141_59570	3	31663	Clostridioides	Clostridioides difficile
B4_12_months	k141_59647	125164	B4_12_months__823_Parabacteroides_distasonis__k141_59647	1	125164	Parabacteroides	Parabacteroides distasonis
B4_12_months	k141_59708_1_checkv_1-43502/63862	43502	B4_12_months__103621_Actinomyces_urogenitalis__k141_59708	1	43502	Actinomyces	Actinomyces urogenitalis
B4_12_months	k141_6004_phage112_8411_20490_12_0.66	12080	B4_12_months__1547_Erysipelatoclostridium_ramosum__k141_6004	8412	20491	Erysipelatoclostridium	Erysipelatoclostridium ramosum
B4_12_months	k141_60416_phage559_9678_25710_17_0.75	16033	B4_12_months__1351_Enterococcus_faecalis__k141_60416	9679	25711	Enterococcus	Enterococcus faecalis
B4_12_months	k141_60555_phage571_3786_14378_12_0.6	10593	B4_12_months__1547_Erysipelatoclostridium_ramosum__k141_60555	3787	14379	Erysipelatoclostridium	Erysipelatoclostridium ramosum
B4_12_months	k141_6087_phage134_26912_54217_15_0.6	27306	B4_12_months__410072_Coprococcus_comes__k141_6087	26913	54218	Coprococcus	Coprococcus comes
B4_12_months	k141_62118	23964	B4_12_months__216816_Bifidobacterium_longum__k141_62118	1	23964	Bifidobacterium	Bifidobacterium longum
B4_12_months	k141_62267_1_checkv_17251-28777/28777	11527	B4_12_months__47715_Lacticaseibacillus_rhamnosus__k141_62267	17251	28777	Lacticaseibacillus	Lacticaseibacillus rhamnosus
B4_12_months	k141_63913_1_checkv_1-40085/44787	40085	B4_12_months__1689_Bifidobacterium_dentium__k141_63913	1	40085	Bifidobacterium	Bifidobacterium dentium
B4_12_months	k141_64942_phage508_2_16101_21_0.54	16100	B4_12_months__1547_Erysipelatoclostridium_ramosum__k141_64942	3	16102	Erysipelatoclostridium	Erysipelatoclostridium ramosum
B4_12_months	k141_65560_phage582_2_14923_13_0.73	14922	B4_12_months__1547_Erysipelatoclostridium_ramosum__k141_65560	3	14924	Erysipelatoclostridium	Erysipelatoclostridium ramosum
B4_12_months	k141_69509	11948	B4_12_months__1550024_Ruthenibacterium_lactatiformans__k141_69509	1	11948	Ruthenibacterium	Ruthenibacterium lactatiformans
B4_12_months	k141_69710	11130	B4_12_months__2058152_Klebsiella_grimontii__k141_69710	1	11130	Klebsiella	Klebsiella grimontii
B4_12_months	k141_71163	18584	B4_12_months__823_Parabacteroides_distasonis__k141_71163	1	18584	Parabacteroides	Parabacteroides distasonis
B4_12_months	k141_718_phage71_20522_33515_14_0.7	12994	B4_12_months__1547_Erysipelatoclostridium_ramosum__k141_718	20523	33516	Erysipelatoclostridium	Erysipelatoclostridium ramosum
B4_12_months	k141_72258_phage143_5261_18277_11_0.74	13017	B4_12_months__1547_Erysipelatoclostridium_ramosum__k141_72258	5262	18278	Erysipelatoclostridium	Erysipelatoclostridium ramosum
B4_12_months	k141_72505	48562	B4_12_months__1689_Bifidobacterium_dentium__k141_72505	1	48562	Bifidobacterium	Bifidobacterium dentium
B4_12_months	k141_73022_1_checkv_10656-79388/337686	68733	B4_12_months__817_Bacteroides_fragilis__k141_73022	10656	79388	Bacteroides	Bacteroides fragilis
B4_12_months	k141_73977	38737	B4_12_months__1550024_Ruthenibacterium_lactatiformans__k141_73977	1	38737	Ruthenibacterium	Ruthenibacterium lactatiformans
B4_12_months	k141_74847	12776	B4_12_months__1118058_Actinomyces_sp._ph3__k141_74847	1	12776	Actinomyces	Actinomyces sp. ph3
B4_12_months	k141_74893_phage450_31305_42638_11_0.56	11334	B4_12_months__817_Bacteroides_fragilis__k141_74893	31306	42639	Bacteroides	Bacteroides fragilis
B4_12_months	k141_76620_phage67_28767_63985_45_0.73	35219	B4_12_months__410072_Coprococcus_comes__k141_76620	28768	63986	Coprococcus	Coprococcus comes
B4_12_months	k141_76687_phage82_24070_36716_14_0.59	12647	B4_12_months__410072_Coprococcus_comes__k141_76687	24071	36717	Coprococcus	Coprococcus comes
B4_12_months	k141_76796	11336	B4_12_months__823_Parabacteroides_distasonis__k141_76796	1	11336	Parabacteroides	Parabacteroides distasonis
B4_12_months	k141_793	12566	B4_12_months__37734_Enterococcus_casseliflavus__k141_793	1	12566	Enterococcus	Enterococcus casseliflavus
B4_12_months	k141_80112	32363	B4_12_months__1550024_Ruthenibacterium_lactatiformans__k141_80112	1	32363	Ruthenibacterium	Ruthenibacterium lactatiformans
B4_12_months	k141_80231_1_checkv_1-16862/27844	16862	B4_12_months__291645_Bacteroides_nordii__k141_80231	1	16862	Bacteroides	Bacteroides nordii
B4_12_months	k141_8346	23668	B4_12_months__1118058_Actinomyces_sp._ph3__k141_8346	1	23668	Actinomyces	Actinomyces sp. ph3
B4_12_months	k141_8872_phage514_1_35528_52_0.87	35528	B4_12_months__1496_Clostridioides_difficile__k141_8872	2	35529	Clostridioides	Clostridioides difficile
B4_12_months	k141_910	36918	B4_12_months__291645_Bacteroides_nordii__k141_910	1	36918	Bacteroides	Bacteroides nordii
B5_12_months	k141_10280_phage226_2_11536_14_0.83	11535	B5_12_months__137838_Clostridium_neonatale__k141_10280	3	11537	Clostridium	Clostridium neonatale
B5_12_months	k141_10819_phage328_6622_20936_11_0.67	14315	B5_12_months__137838_Clostridium_neonatale__k141_10819	6623	20937	Clostridium	Clostridium neonatale
B5_12_months	k141_11845_1_checkv_6117-40523/80078	34407	B5_12_months__48296_Acinetobacter_pittii__k141_11845	6117	40523	Acinetobacter	Acinetobacter pittii
B5_12_months	k141_12159	44244	B5_12_months__208479_Enterocloster_bolteae__k141_12159	1	44244	Enterocloster	Enterocloster bolteae
B5_12_months	k141_12453_phage631_2_14848_14_0.67	14847	B5_12_months__84031_Clostridium_sartagoforme__k141_12453	3	14849	Clostridium	Clostridium sartagoforme
B5_12_months	k141_13168_1_checkv_1-47370/50191	47370	B5_12_months__48296_Acinetobacter_pittii__k141_13168	1	47370	Acinetobacter	Acinetobacter pittii
B5_12_months	k141_13870_1_checkv_2834-13504/44826	10671	B5_12_months__33945_Enterococcus_avium__k141_13870	2834	13504	Enterococcus	Enterococcus avium
B5_12_months	k141_14403_phage141_380743_396663_17_0.61	15921	B5_12_months__817_Bacteroides_fragilis__k141_14403	380744	396664	Bacteroides	Bacteroides fragilis
B5_12_months	k141_15212_phage286_146405_164757_13_0.69	18353	B5_12_months__817_Bacteroides_fragilis__k141_15212	146406	164758	Bacteroides	Bacteroides fragilis
B5_12_months	k141_17116_phage690_3_14396_12_0.71	14393	B5_12_months__1308_Streptococcus_thermophilus__k141_17116	4	14396	Streptococcus	Streptococcus thermophilus
B5_12_months	k141_17816_phage819_60887_73880_14_0.57	12994	B5_12_months__1547_Erysipelatoclostridium_ramosum__k141_17816	60888	73881	Erysipelatoclostridium	Erysipelatoclostridium ramosum
B5_12_months	k141_18312	20296	B5_12_months__208479_Enterocloster_bolteae__k141_18312	1	20296	Enterocloster	Enterocloster bolteae
B5_12_months	k141_18640_1_checkv_71870-109990/109990	38121	B5_12_months__33038_[Ruminococcus]_gnavus__k141_18640	71870	109990	Mediterraneibacter	[Ruminococcus] gnavus
B5_12_months	k141_18648	37854	B5_12_months__33038_[Ruminococcus]_gnavus__k141_18648	1	37854	Mediterraneibacter	[Ruminococcus] gnavus
B5_12_months	k141_18722_phage68_10867_27223_14_0.53	16357	B5_12_months__28025_Bifidobacterium_animalis__k141_18722	10868	27224	Bifidobacterium	Bifidobacterium animalis
B5_12_months	k141_18920_1_checkv_105600-140634/140634	35035	B5_12_months__244366_Klebsiella_variicola__k141_18920	105600	140634	Klebsiella	Klebsiella variicola
B5_12_months	k141_19375_phage207_238343_251405_16_0.54	13063	B5_12_months__29466_Veillonella_parvula__k141_19375	238344	251406	Veillonella	Veillonella parvula
B5_12_months	k141_20559	14138	B5_12_months__84031_Clostridium_sartagoforme__k141_20559	1	14138	Clostridium	Clostridium sartagoforme
B5_12_months	k141_21008_phage476_162_21112_20_0.59	20951	B5_12_months__137838_Clostridium_neonatale__k141_21008	163	21113	Clostridium	Clostridium neonatale
B5_12_months	k141_21358_phage608_216_11697_11_0.8	11482	B5_12_months__360807_Roseburia_inulinivorans__k141_21358	217	11698	Roseburia	Roseburia inulinivorans
B5_12_months	k141_21358_phage610_35942_59239_23_0.75	23298	B5_12_months__360807_Roseburia_inulinivorans__k141_21358	35943	59240	Roseburia	Roseburia inulinivorans
B5_12_months	k141_21504	29905	B5_12_months__360807_Roseburia_inulinivorans__k141_21504	1	29905	Roseburia	Roseburia inulinivorans
B5_12_months	k141_21751	16981	B5_12_months__208479_Enterocloster_bolteae__k141_21751	1	16981	Enterocloster	Enterocloster bolteae
B5_12_months	k141_2190	22978	B5_12_months__43675_Rothia_mucilaginosa__k141_2190	1	22978	Rothia	Rothia mucilaginosa
B5_12_months	k141_22818_phage845_3_12378_16_0.83	12376	B5_12_months__84031_Clostridium_sartagoforme__k141_22818	4	12379	Clostridium	Clostridium sartagoforme
B5_12_months	k141_22906	24236	B5_12_months__582_Morganella_morganii__k141_22906	1	24236	Morganella	Morganella morganii
B5_12_months	k141_24055_1_checkv_18539-29593/30529	11055	B5_12_months__137838_Clostridium_neonatale__k141_24055	18539	29593	Clostridium	Clostridium neonatale
B5_12_months	k141_24064_1_checkv_5104-18256/18256	13153	B5_12_months__1366_Lactococcus_raffinolactis__k141_24064	5104	18256	Lactococcus	Lactococcus raffinolactis
B5_12_months	k141_24391_1_checkv_6986-21538/21538	14553	B5_12_months__729_Haemophilus_parainfluenzae__k141_24391	6986	21538	Haemophilus	Haemophilus parainfluenzae
B5_12_months	k141_25917_phage581_11742_28735_16_0.73	16994	B5_12_months__137838_Clostridium_neonatale__k141_25917	11743	28736	Clostridium	Clostridium neonatale
B5_12_months	k141_26507	24278	B5_12_months__244366_Klebsiella_variicola__k141_26507	1	24278	Klebsiella	Klebsiella variicola
B5_12_months	k141_2690_phage415_2_18373_27_0.62	18372	B5_12_months__137838_Clostridium_neonatale__k141_2690	3	18374	Clostridium	Clostridium neonatale
B5_12_months	k141_27332_phage868_1_20546_33_0.9	20546	B5_12_months__137838_Clostridium_neonatale__k141_27332	2	20547	Clostridium	Clostridium neonatale
B5_12_months	k141_28076	15330	B5_12_months__28025_Bifidobacterium_animalis__k141_28076	1	15330	Bifidobacterium	Bifidobacterium animalis
B5_12_months	k141_28338_phage119_15407_31280_16_0.67	15874	B5_12_months__360807_Roseburia_inulinivorans__k141_28338	15408	31281	Roseburia	Roseburia inulinivorans
B5_12_months	k141_28338_phage120_37071_49351_12_0.62	12281	B5_12_months__360807_Roseburia_inulinivorans__k141_28338	37072	49352	Roseburia	Roseburia inulinivorans
B5_12_months	k141_28717_1_checkv_1-31812/57523	31812	B5_12_months__33945_Enterococcus_avium__k141_28717	1	31812	Enterococcus	Enterococcus avium
B5_12_months	k141_2980	11245	B5_12_months__43675_Rothia_mucilaginosa__k141_2980	1	11245	Rothia	Rothia mucilaginosa
B5_12_months	k141_2985_phage474_94545_114493_30_0.66	19949	B5_12_months__150055_Streptococcus_lutetiensis__k141_2985	94546	114494	Streptococcus	Streptococcus lutetiensis
B5_12_months	k141_31809_phage731_52604_108099_54_0.65	55496	B5_12_months__84112_Eggerthella_lenta__k141_31809	52605	108100	Eggerthella	Eggerthella lenta
B5_12_months	k141_33236_phage129_3_22812_19_0.73	22810	B5_12_months__84031_Clostridium_sartagoforme__k141_33236	4	22813	Clostridium	Clostridium sartagoforme
B5_12_months	k141_33502_phage164_165_13974_14_0.8	13810	B5_12_months__137838_Clostridium_neonatale__k141_33502	166	13975	Clostridium	Clostridium neonatale
B5_12_months	k141_33978_1_checkv_5241-16101/16101	10861	B5_12_months__582_Morganella_morganii__k141_33978	5241	16101	Morganella	Morganella morganii
B5_12_months	k141_3440_phage597_193_11954_10_0.81	11762	B5_12_months__137838_Clostridium_neonatale__k141_3440	194	11955	Clostridium	Clostridium neonatale
B5_12_months	k141_35752_phage739_52123_63295_20_0.74	11173	B5_12_months__1414721_Clostridium_jeddahense__k141_35752	52124	63296	Clostridium	Clostridium jeddahense
B5_12_months	k141_36943_phage26_179_13474_17_0.83	13296	B5_12_months__137838_Clostridium_neonatale__k141_36943	180	13475	Clostridium	Clostridium neonatale
B5_12_months	k141_37170_1_checkv_99960-132316/181284	32357	B5_12_months__360807_Roseburia_inulinivorans__k141_37170	99960	132316	Roseburia	Roseburia inulinivorans
B5_12_months	k141_37228_1_checkv_27299-39639/39639	12341	B5_12_months__48296_Acinetobacter_pittii__k141_37228	27299	39639	Acinetobacter	Acinetobacter pittii
B5_12_months	k141_37648_phage159_3_19424_33_0.9	19422	B5_12_months__137838_Clostridium_neonatale__k141_37648	4	19425	Clostridium	Clostridium neonatale
B5_12_months	k141_37681_phage167_32591_43563_11_0.63	10973	B5_12_months__33038_[Ruminococcus]_gnavus__k141_37681	32592	43564	Mediterraneibacter	[Ruminococcus] gnavus
B5_12_months	k141_38021_phage232_1_11237_12_0.73	11237	B5_12_months__360807_Roseburia_inulinivorans__k141_38021	2	11238	Roseburia	Roseburia inulinivorans
B5_12_months	k141_38145_1_checkv_7882-23096/27332	15215	B5_12_months__246796_Pedobacter_himalayensis__k141_38145	7882	23096	Pedobacter	Pedobacter himalayensis
B5_12_months	k141_38836_phage375_2_19210_21_0.69	19209	B5_12_months__84031_Clostridium_sartagoforme__k141_38836	3	19211	Clostridium	Clostridium sartagoforme
B5_12_months	k141_3921	20174	B5_12_months__244366_Klebsiella_variicola__k141_3921	1	20174	Klebsiella	Klebsiella variicola
B5_12_months	k141_392_phage30_12421_34920_22_0.75	22500	B5_12_months__137838_Clostridium_neonatale__k141_392	12422	34921	Clostridium	Clostridium neonatale
B5_12_months	k141_4018_phage695_1_24745_30_0.84	24745	B5_12_months__84031_Clostridium_sartagoforme__k141_4018	2	24746	Clostridium	Clostridium sartagoforme
B5_12_months	k141_40448_1_checkv_1-41756/45210	41756	B5_12_months__137838_Clostridium_neonatale__k141_40448	1	41756	Clostridium	Clostridium neonatale
B5_12_months	k141_40656_phage843_191_10948_12_0.73	10758	B5_12_months__53345_Enterococcus_durans__k141_40656	192	10949	Enterococcus	Enterococcus durans
B5_12_months	k141_40719_phage857_16826_29246_19_0.57	12421	B5_12_months__1414721_Clostridium_jeddahense__k141_40719	16827	29247	Clostridium	Clostridium jeddahense
B5_12_months	k141_41967_1_checkv_17553-58132/62668	40580	B5_12_months__53345_Enterococcus_durans__k141_41967	17553	58132	Enterococcus	Enterococcus durans
B5_12_months	k141_43893_phage457_257_43344_42_0.71	43088	B5_12_months__137838_Clostridium_neonatale__k141_43893	258	43345	Clostridium	Clostridium neonatale
B5_12_months	k141_43893_phage458_45588_59558_12_0.67	13971	B5_12_months__137838_Clostridium_neonatale__k141_43893	45589	59559	Clostridium	Clostridium neonatale
B5_12_months	k141_43980	18538	B5_12_months__83427_uncultured_Streptococcus_sp.__k141_43980	1	18538	Streptococcus	uncultured Streptococcus sp.
B5_12_months	k141_44570_1_checkv_38507-95371/116105	56865	B5_12_months__1414721_Clostridium_jeddahense__k141_44570	38507	95371	Clostridium	Clostridium jeddahense
B5_12_months	k141_45175_phage646_1826_27696_26_0.68	25871	B5_12_months__137838_Clostridium_neonatale__k141_45175	1827	27697	Clostridium	Clostridium neonatale
B5_12_months	k141_45663_phage708_7499_19375_20_0.76	11877	B5_12_months__1414721_Clostridium_jeddahense__k141_45663	7500	19376	Clostridium	Clostridium jeddahense
B5_12_months	k141_45670	22788	B5_12_months__83427_uncultured_Streptococcus_sp.__k141_45670	1	22788	Streptococcus	uncultured Streptococcus sp.
B5_12_months	k141_45736	12723	B5_12_months__246796_Pedobacter_himalayensis__k141_45736	1	12723	Pedobacter	Pedobacter himalayensis
B5_12_months	k141_48713_1_checkv_9915-48201/57783	38287	B5_12_months__83427_uncultured_Streptococcus_sp.__k141_48713	9915	48201	Streptococcus	uncultured Streptococcus sp.
B5_12_months	k141_49727_1_checkv_1-23764/31641	23764	B5_12_months__582_Morganella_morganii__k141_49727	1	23764	Morganella	Morganella morganii
B5_12_months	k141_51295_phage101_10742_21988_13_0.52	11247	B5_12_months__2086578_Intestinibacillus_sp._Marseille-P4005__k141_51295	10743	21989	Intestinibacillus	Intestinibacillus sp. Marseille-P4005
B5_12_months	k141_51395	38383	B5_12_months__360807_Roseburia_inulinivorans__k141_51395	1	38383	Roseburia	Roseburia inulinivorans
B5_12_months	k141_51561_phage147_96_19087_20_0.81	18991	B5_12_months__84031_Clostridium_sartagoforme__k141_51561	97	19087	Clostridium	Clostridium sartagoforme
B5_12_months	k141_51612_1_checkv_39346-76147/136085	36802	B5_12_months__360807_Roseburia_inulinivorans__k141_51612	39346	76147	Roseburia	Roseburia inulinivorans
B5_12_months	k141_51924_phage197_2_11829_10_0.83	11828	B5_12_months__84031_Clostridium_sartagoforme__k141_51924	3	11830	Clostridium	Clostridium sartagoforme
B5_12_months	k141_52226_phage259_121_12142_13_0.68	12022	B5_12_months__33945_Enterococcus_avium__k141_52226	122	12143	Enterococcus	Enterococcus avium
B5_12_months	k141_52296	12622	B5_12_months__395631_Phytobacter_diazotrophicus__k141_52296	1	12622	Phytobacter	Phytobacter diazotrophicus
B5_12_months	k141_52329_1_checkv_179101-208366/236853	29266	B5_12_months__1381_Atopobium_minutum__k141_52329	179101	208366	Atopobium	Atopobium minutum
B5_12_months	k141_52976	13326	B5_12_months__582_Morganella_morganii__k141_52976	1	13326	Morganella	Morganella morganii
B5_12_months	k141_53478_phage504_167950_180311_12_0.61	12362	B5_12_months__1262889_Eubacterium_sp._CAG:38__k141_53478	167951	180312	Eubacterium	Eubacterium sp. CAG:38
B5_12_months	k141_53871	13108	B5_12_months__244366_Klebsiella_variicola__k141_53871	1	13108	Klebsiella	Klebsiella variicola
B5_12_months	k141_54431_1_checkv_267071-278209/278209	11139	B5_12_months__208479_Enterocloster_bolteae__k141_54431	267071	278209	Enterocloster	Enterocloster bolteae
B5_12_months	k141_54622_phage703_3_44510_45_0.7	44508	B5_12_months__817_Bacteroides_fragilis__k141_54622	4	44511	Bacteroides	Bacteroides fragilis
B5_12_months	k141_54752_phage717_352_17525_17_0.63	17174	B5_12_months__208479_Enterocloster_bolteae__k141_54752	353	17526	Enterocloster	Enterocloster bolteae
B5_12_months	k141_55689_phage82_92_21474_18_0.78	21383	B5_12_months__84031_Clostridium_sartagoforme__k141_55689	93	21475	Clostridium	Clostridium sartagoforme
B5_12_months	k141_55919_1_checkv_8013-18194/22443	10182	B5_12_months__33945_Enterococcus_avium__k141_55919	8013	18194	Enterococcus	Enterococcus avium
B5_12_months	k141_56390_1_checkv_70174-103422/184912	33249	B5_12_months__84112_Eggerthella_lenta__k141_56390	70174	103422	Eggerthella	Eggerthella lenta
B5_12_months	k141_56595_phage340_1778_27522_22_0.68	25745	B5_12_months__360807_Roseburia_inulinivorans__k141_56595	1779	27523	Roseburia	Roseburia inulinivorans
B5_12_months	k141_57611_1_checkv_103299-133752/157990	30454	B5_12_months__1547_Erysipelatoclostridium_ramosum__k141_57611	103299	133752	Erysipelatoclostridium	Erysipelatoclostridium ramosum
B5_12_months	k141_57625_1_checkv_13889-24281/24281	10393	B5_12_months__208479_Enterocloster_bolteae__k141_57625	13889	24281	Enterocloster	Enterocloster bolteae
B5_12_months	k141_58606_1_checkv_1-45084/173241	45084	B5_12_months__244366_Klebsiella_variicola__k141_58606	1	45084	Klebsiella	Klebsiella variicola
B5_12_months	k141_58606_phage725_29956_49165_10_0.56	19210	B5_12_months__244366_Klebsiella_variicola__k141_58606	29957	49166	Klebsiella	Klebsiella variicola
B5_12_months	k141_58606_phage727_96806_111972_14_0.52	15167	B5_12_months__244366_Klebsiella_variicola__k141_58606	96807	111973	Klebsiella	Klebsiella variicola
B5_12_months	k141_59255	16127	B5_12_months__582_Morganella_morganii__k141_59255	1	16127	Morganella	Morganella morganii
B5_12_months	k141_59635	16493	B5_12_months__2086578_Intestinibacillus_sp._Marseille-P4005__k141_59635	1	16493	Intestinibacillus	Intestinibacillus sp. Marseille-P4005
B5_12_months	k141_59712_1_checkv_1-28351/58014	28351	B5_12_months__582_Morganella_morganii__k141_59712	1	28351	Morganella	Morganella morganii
B5_12_months	k141_60162_1_checkv_1-14433/74570	14433	B5_12_months__48296_Acinetobacter_pittii__k141_60162	1	14433	Acinetobacter	Acinetobacter pittii
B5_12_months	k141_60162_2_checkv_45882-74570/74570	28689	B5_12_months__48296_Acinetobacter_pittii__k141_60162	45882	74570	Acinetobacter	Acinetobacter pittii
B5_12_months	k141_60268	12735	B5_12_months__208479_Enterocloster_bolteae__k141_60268	1	12735	Enterocloster	Enterocloster bolteae
B5_12_months	k141_60537_1_checkv_1-17990/62468	17990	B5_12_months__582_Morganella_morganii__k141_60537	1	17990	Morganella	Morganella morganii
B5_12_months	k141_60537_2_checkv_48278-62468/62468	14191	B5_12_months__582_Morganella_morganii__k141_60537	48278	62468	Morganella	Morganella morganii
B5_12_months	k141_60789	19995	B5_12_months__53345_Enterococcus_durans__k141_60789	1	19995	Enterococcus	Enterococcus durans
B5_12_months	k141_60833_phage153_1968_19230_17_0.66	17263	B5_12_months__33945_Enterococcus_avium__k141_60833	1969	19231	Enterococcus	Enterococcus avium
B5_12_months	k141_61823	12628	B5_12_months__208479_Enterocloster_bolteae__k141_61823	1	12628	Enterocloster	Enterocloster bolteae
B5_12_months	k141_61995_1_checkv_54461-93636/246613	39176	B5_12_months__1414721_Clostridium_jeddahense__k141_61995	54461	93636	Clostridium	Clostridium jeddahense
B5_12_months	k141_63912_1_checkv_111325-159868/188833	48544	B5_12_months__582_Morganella_morganii__k141_63912	111325	159868	Morganella	Morganella morganii
B5_12_months	k141_63940_phage757_3_15039_13_0.72	15037	B5_12_months__137838_Clostridium_neonatale__k141_63940	4	15040	Clostridium	Clostridium neonatale
B5_12_months	k141_64415	32952	B5_12_months__208479_Enterocloster_bolteae__k141_64415	1	32952	Enterocloster	Enterocloster bolteae
B5_12_months	k141_64620_phage47_104628_125711_21_0.71	21084	B5_12_months__137838_Clostridium_neonatale__k141_64620	104629	125712	Clostridium	Clostridium neonatale
B5_12_months	k141_65256_phage184_3_14449_11_0.67	14447	B5_12_months__84031_Clostridium_sartagoforme__k141_65256	4	14450	Clostridium	Clostridium sartagoforme
B5_12_months	k141_65406_phage196_1_12513_13_0.63	12513	B5_12_months__137838_Clostridium_neonatale__k141_65406	2	12514	Clostridium	Clostridium neonatale
B5_12_months	k141_66453_phage432_65913_81819_19_0.59	15907	B5_12_months__208479_Enterocloster_bolteae__k141_66453	65914	81820	Enterocloster	Enterocloster bolteae
B5_12_months	k141_67100_1_checkv_17478-52515/68413	35038	B5_12_months__1547_Erysipelatoclostridium_ramosum__k141_67100	17478	52515	Erysipelatoclostridium	Erysipelatoclostridium ramosum
B5_12_months	k141_69464_phage38_1_23625_22_0.73	23625	B5_12_months__137838_Clostridium_neonatale__k141_69464	2	23626	Clostridium	Clostridium neonatale
B5_12_months	k141_69915_phage220_386718_404440_17_0.59	17723	B5_12_months__817_Bacteroides_fragilis__k141_69915	386719	404441	Bacteroides	Bacteroides fragilis
B5_12_months	k141_70454	18034	B5_12_months__208479_Enterocloster_bolteae__k141_70454	1	18034	Enterocloster	Enterocloster bolteae
B5_12_months	k141_70891_phage399_51365_65634_10_0.62	14270	B5_12_months__137838_Clostridium_neonatale__k141_70891	51366	65635	Clostridium	Clostridium neonatale
B5_12_months	k141_71186	15044	B5_12_months__729_Haemophilus_parainfluenzae__k141_71186	1	15044	Haemophilus	Haemophilus parainfluenzae
B5_12_months	k141_73479	11849	B5_12_months__48296_Acinetobacter_pittii__k141_73479	1	11849	Acinetobacter	Acinetobacter pittii
B5_12_months	k141_75108_1_checkv_1-44490/62931	44490	B5_12_months__246796_Pedobacter_himalayensis__k141_75108	1	44490	Pedobacter	Pedobacter himalayensis
B5_12_months	k141_78043_phage767_150_34732_37_0.79	34583	B5_12_months__137838_Clostridium_neonatale__k141_78043	151	34733	Clostridium	Clostridium neonatale
B5_12_months	k141_78534_1_checkv_17351-30488/41091	13138	B5_12_months__1414721_Clostridium_jeddahense__k141_78534	17351	30488	Clostridium	Clostridium jeddahense
B5_12_months	k141_80396_phage403_43_29117_52_0.88	29075	B5_12_months__137838_Clostridium_neonatale__k141_80396	44	29118	Clostridium	Clostridium neonatale
B5_12_months	k141_80594_phage454_99211_114755_16_0.64	15545	B5_12_months__817_Bacteroides_fragilis__k141_80594	99212	114756	Bacteroides	Bacteroides fragilis
B5_12_months	k141_81082_phage548_15249_60619_35_0.6	45371	B5_12_months__360807_Roseburia_inulinivorans__k141_81082	15250	60620	Roseburia	Roseburia inulinivorans
B5_12_months	k141_81112_phage556_29655_44026_12_0.59	14372	B5_12_months__137838_Clostridium_neonatale__k141_81112	29656	44027	Clostridium	Clostridium neonatale
B5_12_months	k141_81507_phage671_167891_179756_17_0.87	11866	B5_12_months__208479_Enterocloster_bolteae__k141_81507	167892	179757	Enterocloster	Enterocloster bolteae
B5_12_months	k141_82334_phage796_241275_252900_15_0.64	11626	B5_12_months__208479_Enterocloster_bolteae__k141_82334	241276	252901	Enterocloster	Enterocloster bolteae
B5_12_months	k141_82779_phage15_222501_264357_28_0.61	41857	B5_12_months__817_Bacteroides_fragilis__k141_82779	222502	264358	Bacteroides	Bacteroides fragilis
B5_12_months	k141_830_phage116_21553_38202_17_0.62	16650	B5_12_months__137838_Clostridium_neonatale__k141_830	21554	38203	Clostridium	Clostridium neonatale
B5_12_months	k141_85101_phage452_23317_38302_28_0.78	14986	B5_12_months__48296_Acinetobacter_pittii__k141_85101	23318	38303	Acinetobacter	Acinetobacter pittii
B5_12_months	k141_8536_1_checkv_182977-222834/268605	39858	B5_12_months__2086578_Intestinibacillus_sp._Marseille-P4005__k141_8536	182977	222834	Intestinibacillus	Intestinibacillus sp. Marseille-P4005
B5_12_months	k141_86111_phage596_29729_43184_16_0.71	13456	B5_12_months__84031_Clostridium_sartagoforme__k141_86111	29730	43185	Clostridium	Clostridium sartagoforme
B5_12_months	k141_89580	34139	B5_12_months__84112_Eggerthella_lenta__k141_89580	1	34139	Eggerthella	Eggerthella lenta
B5_12_months	k141_90622_phage655_1_14345_20_0.84	14345	B5_12_months__137838_Clostridium_neonatale__k141_90622	2	14346	Clostridium	Clostridium neonatale
B5_12_months	k141_90671_phage672_257_17680_20_0.81	17424	B5_12_months__137838_Clostridium_neonatale__k141_90671	258	17681	Clostridium	Clostridium neonatale
B5_12_months	k141_91003_phage715_338_13306_12_0.62	12969	B5_12_months__150055_Streptococcus_lutetiensis__k141_91003	339	13307	Streptococcus	Streptococcus lutetiensis
B5_12_months	k141_91788_phage835_17411_31748_22_0.65	14338	B5_12_months__48296_Acinetobacter_pittii__k141_91788	17412	31749	Acinetobacter	Acinetobacter pittii
B5_12_months	k141_91788_phage836_32726_47996_20_0.74	15271	B5_12_months__48296_Acinetobacter_pittii__k141_91788	32727	47997	Acinetobacter	Acinetobacter pittii
B5_12_months	k141_91788_phage837_57801_110963_76_0.77	53163	B5_12_months__48296_Acinetobacter_pittii__k141_91788	57802	110964	Acinetobacter	Acinetobacter pittii
B5_12_months	k141_91788_phage838_113194_131182_30_0.63	17989	B5_12_months__48296_Acinetobacter_pittii__k141_91788	113195	131183	Acinetobacter	Acinetobacter pittii
B5_12_months	k141_91788_phage839_131728_143129_25_0.68	11402	B5_12_months__48296_Acinetobacter_pittii__k141_91788	131729	143130	Acinetobacter	Acinetobacter pittii
B5_12_months	k141_9452	34600	B5_12_months__28025_Bifidobacterium_animalis__k141_9452	1	34600	Bifidobacterium	Bifidobacterium animalis
B5_12_months	k141_9783_phage51_45506_63289_24_0.61	17784	B5_12_months__1547_Erysipelatoclostridium_ramosum__k141_9783	45507	63290	Erysipelatoclostridium	Erysipelatoclostridium ramosum
B5_12_months	k141_9828_phage57_308_56661_46_0.82	56354	B5_12_months__137838_Clostridium_neonatale__k141_9828	309	56662	Clostridium	Clostridium neonatale
B5_6_months	k141_10047	16981	B5_6_months__208479_Enterocloster_bolteae__k141_10047	1	16981	Enterocloster	Enterocloster bolteae
B5_6_months	k141_11731_1_checkv_425603-465660/1008592	40058	B5_6_months__1502_Clostridium_perfringens__k141_11731	425603	465660	Clostridium	Clostridium perfringens
B5_6_months	k141_1282_phage179_510_21367_21_0.88	20858	B5_6_months__29363_Clostridium_paraputrificum__k141_1282	511	21368	Clostridium	Clostridium paraputrificum
B5_6_months	k141_12912	11017	B5_6_months__1947465_Solobacterium_sp._UBA3691__k141_12912	1	11017	Solobacterium	Solobacterium sp. UBA3691
B5_6_months	k141_1350	27197	B5_6_months__48296_Acinetobacter_pittii__k141_1350	1	27197	Acinetobacter	Acinetobacter pittii
B5_6_months	k141_14833_phage240_126670_222294_90_0.69	95625	B5_6_months__29363_Clostridium_paraputrificum__k141_14833	126671	222295	Clostridium	Clostridium paraputrificum
B5_6_months	k141_15610_1_checkv_72137-85822/85822	13686	B5_6_months__187326_Megasphaera_micronuciformis__k141_15610	72137	85822	Megasphaera	Megasphaera micronuciformis
B5_6_months	k141_16337_phage173_5280_29665_23_0.66	24386	B5_6_months__1502_Clostridium_perfringens__k141_16337	5281	29666	Clostridium	Clostridium perfringens
B5_6_months	k141_16575_1_checkv_6117-40523/81486	34407	B5_6_months__48296_Acinetobacter_pittii__k141_16575	6117	40523	Acinetobacter	Acinetobacter pittii
B5_6_months	k141_17724_phage25_3533_23845_18_0.58	20313	B5_6_months__1190620_Atopobium_sp._ICM42b__k141_17724	3534	23846	Atopobium	Atopobium sp. ICM42b
B5_6_months	k141_19135	12041	B5_6_months__1328_Streptococcus_anginosus__k141_19135	1	12041	Streptococcus	Streptococcus anginosus
B5_6_months	k141_20397_phage164_861_23037_24_0.76	22177	B5_6_months__1502_Clostridium_perfringens__k141_20397	862	23038	Clostridium	Clostridium perfringens
B5_6_months	k141_21026_1_checkv_1-56919/59740	56919	B5_6_months__48296_Acinetobacter_pittii__k141_21026	1	56919	Acinetobacter	Acinetobacter pittii
B5_6_months	k141_21126_1_checkv_60971-93878/93878	32908	B5_6_months__47715_Lacticaseibacillus_rhamnosus__k141_21126	60971	93878	Lacticaseibacillus	Lacticaseibacillus rhamnosus
B5_6_months	k141_2149_1_checkv_29149-56738/103757	27590	B5_6_months__48296_Acinetobacter_pittii__k141_2149	29149	56738	Acinetobacter	Acinetobacter pittii
B5_6_months	k141_22176_phage24_66909_81639_24_0.65	14731	B5_6_months__150055_Streptococcus_lutetiensis__k141_22176	66910	81640	Streptococcus	Streptococcus lutetiensis
B5_6_months	k141_22265	41649	B5_6_months__131110_Schaalia_radingae__k141_22265	1	41649	Schaalia	Schaalia radingae
B5_6_months	k141_22346	24678	B5_6_months__1812935_Enterobacter_roggenkampii__k141_22346	1	24678	Enterobacter	Enterobacter roggenkampii
B5_6_months	k141_22362_phage99_13632_27764_13_0.58	14133	B5_6_months__208479_Enterocloster_bolteae__k141_22362	13633	27765	Enterocloster	Enterocloster bolteae
B5_6_months	k141_22913_phage227_3_12797_20_0.83	12795	B5_6_months__208479_Enterocloster_bolteae__k141_22913	4	12798	Enterocloster	Enterocloster bolteae
B5_6_months	k141_22913_phage232_336607_348451_16_0.66	11845	B5_6_months__208479_Enterocloster_bolteae__k141_22913	336608	348452	Enterocloster	Enterocloster bolteae
B5_6_months	k141_23978	14854	B5_6_months__208479_Enterocloster_bolteae__k141_23978	1	14854	Enterocloster	Enterocloster bolteae
B5_6_months	k141_25031_1_checkv_8317-28227/92198	19911	B5_6_months__47715_Lacticaseibacillus_rhamnosus__k141_25031	8317	28227	Lacticaseibacillus	Lacticaseibacillus rhamnosus
B5_6_months	k141_2530_phage63_47373_57857_14_0.57	10485	B5_6_months__29466_Veillonella_parvula__k141_2530	47374	57858	Veillonella	Veillonella parvula
B5_6_months	k141_2610	22356	B5_6_months__39778_Veillonella_dispar__k141_2610	1	22356	Veillonella	Veillonella dispar
B5_6_months	k141_27363	10841	B5_6_months__39778_Veillonella_dispar__k141_27363	1	10841	Veillonella	Veillonella dispar
B5_6_months	k141_2736_phage114_27823_94450_69_0.75	66628	B5_6_months__29363_Clostridium_paraputrificum__k141_2736	27824	94451	Clostridium	Clostridium paraputrificum
B5_6_months	k141_27452_phage180_262_36522_39_0.8	36261	B5_6_months__29363_Clostridium_paraputrificum__k141_27452	263	36523	Clostridium	Clostridium paraputrificum
B5_6_months	k141_2814	59424	B5_6_months__68892_Streptococcus_infantis__k141_2814	1	59424	Streptococcus	Streptococcus infantis
B5_6_months	k141_28994	22182	B5_6_months__68892_Streptococcus_infantis__k141_28994	1	22182	Streptococcus	Streptococcus infantis
B5_6_months	k141_2965_1_checkv_111970-131124/131124	19155	B5_6_months__208479_Enterocloster_bolteae__k141_2965	111970	131124	Enterocloster	Enterocloster bolteae
B5_6_months	k141_30510	25389	B5_6_months__1812935_Enterobacter_roggenkampii__k141_30510	1	25389	Enterobacter	Enterobacter roggenkampii
B5_6_months	k141_31783_1_checkv_171757-207873/207873	36117	B5_6_months__1190620_Atopobium_sp._ICM42b__k141_31783	171757	207873	Atopobium	Atopobium sp. ICM42b
B5_6_months	k141_32215_1_checkv_15439-51150/68713	35712	B5_6_months__1547_Erysipelatoclostridium_ramosum__k141_32215	15439	51150	Erysipelatoclostridium	Erysipelatoclostridium ramosum
B5_6_months	k141_32887	42638	B5_6_months__1812935_Enterobacter_roggenkampii__k141_32887	1	42638	Enterobacter	Enterobacter roggenkampii
B5_6_months	k141_34329_1_checkv_186135-197552/197552	11418	B5_6_months__1812935_Enterobacter_roggenkampii__k141_34329	186135	197552	Enterobacter	Enterobacter roggenkampii
B5_6_months	k141_34787	36402	B5_6_months__131110_Schaalia_radingae__k141_34787	1	36402	Schaalia	Schaalia radingae
B5_6_months	k141_3499_phage257_567_34022_34_0.75	33456	B5_6_months__1502_Clostridium_perfringens__k141_3499	568	34023	Clostridium	Clostridium perfringens
B5_6_months	k141_35075_phage384_17440_34845_27_0.64	17406	B5_6_months__1351_Enterococcus_faecalis__k141_35075	17441	34846	Enterococcus	Enterococcus faecalis
B5_6_months	k141_35550_1_checkv_103299-133752/157990	30454	B5_6_months__1547_Erysipelatoclostridium_ramosum__k141_35550	103299	133752	Erysipelatoclostridium	Erysipelatoclostridium ramosum
B5_6_months	k141_35621_phage81_30900_46421_12_0.74	15522	B5_6_months__68892_Streptococcus_infantis__k141_35621	30901	46422	Streptococcus	Streptococcus infantis
B5_6_months	k141_36665_phage299_3_35581_33_0.74	35579	B5_6_months__29363_Clostridium_paraputrificum__k141_36665	4	35582	Clostridium	Clostridium paraputrificum
B5_6_months	k141_36665_phage302_110688_162536_54_0.72	51849	B5_6_months__29363_Clostridium_paraputrificum__k141_36665	110689	162537	Clostridium	Clostridium paraputrificum
B5_6_months	k141_3771_phage323_43982_77113_32_0.76	33132	B5_6_months__29363_Clostridium_paraputrificum__k141_3771	43983	77114	Clostridium	Clostridium paraputrificum
B5_6_months	k141_38087_phage168_14346_70741_57_0.73	56396	B5_6_months__1502_Clostridium_perfringens__k141_38087	14347	70742	Clostridium	Clostridium perfringens
B5_6_months	k141_38782_1_checkv_404094-452523/591158	48430	B5_6_months__29363_Clostridium_paraputrificum__k141_38782	404094	452523	Clostridium	Clostridium paraputrificum
B5_6_months	k141_39540_1_checkv_1-35188/47962	35188	B5_6_months__48296_Acinetobacter_pittii__k141_39540	1	35188	Acinetobacter	Acinetobacter pittii
B5_6_months	k141_39743_phage11_42575_53375_10_0.53	10801	B5_6_months__208479_Enterocloster_bolteae__k141_39743	42576	53376	Enterocloster	Enterocloster bolteae
B5_6_months	k141_39884_phage50_524_17939_18_0.74	17416	B5_6_months__1547_Erysipelatoclostridium_ramosum__k141_39884	525	17940	Erysipelatoclostridium	Erysipelatoclostridium ramosum
B5_6_months	k141_4099_1_checkv_9680-45602/55193	35923	B5_6_months__68892_Streptococcus_infantis__k141_4099	9680	45602	Streptococcus	Streptococcus infantis
B5_6_months	k141_41577_phage349_10545_39765_42_0.78	29221	B5_6_months__39778_Veillonella_dispar__k141_41577	10546	39766	Veillonella	Veillonella dispar
B5_6_months	k141_42309	40159	B5_6_months__48296_Acinetobacter_pittii__k141_42309	1	40159	Acinetobacter	Acinetobacter pittii
B5_6_months	k141_42726_1_checkv_16890-31831/72463	14942	B5_6_months__131110_Schaalia_radingae__k141_42726	16890	31831	Schaalia	Schaalia radingae
B5_6_months	k141_4297_1_checkv_78329-108383/108383	30055	B5_6_months__1190620_Atopobium_sp._ICM42b__k141_4297	78329	108383	Atopobium	Atopobium sp. ICM42b
B5_6_months	k141_4355_phage418_91239_109081_21_0.62	17843	B5_6_months__208479_Enterocloster_bolteae__k141_4355	91240	109082	Enterocloster	Enterocloster bolteae
B5_6_months	k141_43907_phage443_507056_537441_23_0.77	30386	B5_6_months__187326_Megasphaera_micronuciformis__k141_43907	507057	537442	Megasphaera	Megasphaera micronuciformis
B5_6_months	k141_43929_phage446_22532_53852_34_0.66	31321	B5_6_months__1502_Clostridium_perfringens__k141_43929	22533	53853	Clostridium	Clostridium perfringens
B5_6_months	k141_4426_1_checkv_5348-42801/42801	37454	B5_6_months__187326_Megasphaera_micronuciformis__k141_4426	5348	42801	Megasphaera	Megasphaera micronuciformis
B5_6_months	k141_4609	11827	B5_6_months__48296_Acinetobacter_pittii__k141_4609	1	11827	Acinetobacter	Acinetobacter pittii
B5_6_months	k141_6928_1_checkv_1-10388/68178	10388	B5_6_months__1812935_Enterobacter_roggenkampii__k141_6928	1	10388	Enterobacter	Enterobacter roggenkampii
B5_6_months	k141_7553_1_checkv_1-27399/60407	27399	B5_6_months__729_Haemophilus_parainfluenzae__k141_7553	1	27399	Haemophilus	Haemophilus parainfluenzae
B5_6_months	k141_7942	37989	B5_6_months__48296_Acinetobacter_pittii__k141_7942	1	37989	Acinetobacter	Acinetobacter pittii
B5_6_months	k141_802_1_checkv_19218-60511/60511	41294	B5_6_months__150055_Streptococcus_lutetiensis__k141_802	19218	60511	Streptococcus	Streptococcus lutetiensis
B5_6_months	k141_8729_1_checkv_39931-77408/210332	37478	B5_6_months__1351_Enterococcus_faecalis__k141_8729	39931	77408	Enterococcus	Enterococcus faecalis
B5_6_months	k141_8852_1_checkv_223989-262990/859842	39002	B5_6_months__1502_Clostridium_perfringens__k141_8852	223989	262990	Clostridium	Clostridium perfringens
B5_6_months	k141_8852_2_checkv_713120-747241/859842	34122	B5_6_months__1502_Clostridium_perfringens__k141_8852	713120	747241	Clostridium	Clostridium perfringens
B6_12_months	k141_10302	24465	B6_12_months__33038_[Ruminococcus]_gnavus__k141_10302	1	24465	Mediterraneibacter	[Ruminococcus] gnavus
B6_12_months	k141_10440_1_checkv_44520-76596/83146	32077	B6_12_months__59620_uncultured_Clostridium_sp.__k141_10440	44520	76596	Clostridium	uncultured Clostridium sp.
B6_12_months	k141_10740	13468	B6_12_months__546_Citrobacter_freundii__k141_10740	1	13468	Citrobacter	Citrobacter freundii
B6_12_months	k141_11026_1_checkv_1-32663/42594	32663	B6_12_months__53345_Enterococcus_durans__k141_11026	1	32663	Enterococcus	Enterococcus durans
B6_12_months	k141_1155	14070	B6_12_months__83427_uncultured_Streptococcus_sp.__k141_1155	1	14070	Streptococcus	uncultured Streptococcus sp.
B6_12_months	k141_11879_1_checkv_1-63335/110293	63335	B6_12_months__1150298_Fusicatenibacter_saccharivorans__k141_11879	1	63335	Fusicatenibacter	Fusicatenibacter saccharivorans
B6_12_months	k141_13494_1_checkv_1-48820/56326	48820	B6_12_months__187326_Megasphaera_micronuciformis__k141_13494	1	48820	Megasphaera	Megasphaera micronuciformis
B6_12_months	k141_14793	32859	B6_12_months__59620_uncultured_Clostridium_sp.__k141_14793	1	32859	Clostridium	uncultured Clostridium sp.
B6_12_months	k141_15449	17975	B6_12_months__1150298_Fusicatenibacter_saccharivorans__k141_15449	1	17975	Fusicatenibacter	Fusicatenibacter saccharivorans
B6_12_months	k141_15839_phage442_75268_85560_10_0.62	10293	B6_12_months__33038_[Ruminococcus]_gnavus__k141_15839	75269	85561	Mediterraneibacter	[Ruminococcus] gnavus
B6_12_months	k141_16708_phage581_4769_16829_11_0.57	12061	B6_12_months__706562_Lactobacillus_rogosae__k141_16708	4770	16830	Lactobacillus	Lactobacillus rogosae
B6_12_months	k141_17185_phage87_45919_57715_11_0.62	11797	B6_12_months__706562_Lactobacillus_rogosae__k141_17185	45920	57716	Lactobacillus	Lactobacillus rogosae
B6_12_months	k141_17652_1_checkv_7222-44136/44136	36915	B6_12_months__33038_[Ruminococcus]_gnavus__k141_17652	7222	44136	Mediterraneibacter	[Ruminococcus] gnavus
B6_12_months	k141_18152	20307	B6_12_months__249061_uncultured_Actinomyces_sp.__k141_18152	1	20307	Actinomyces	uncultured Actinomyces sp.
B6_12_months	k141_18159_phage272_31114_42051_12_0.77	10938	B6_12_months__649756_Anaerostipes_hadrus__k141_18159	31115	42052	Anaerostipes	Anaerostipes hadrus
B6_12_months	k141_18342_1_checkv_46600-71000/90099	24401	B6_12_months__649756_Anaerostipes_hadrus__k141_18342	46600	71000	Anaerostipes	Anaerostipes hadrus
B6_12_months	k141_19420_1_checkv_33961-60425/60425	26465	B6_12_months__1681_Bifidobacterium_bifidum__k141_19420	33961	60425	Bifidobacterium	Bifidobacterium bifidum
B6_12_months	k141_19433_phage524_3_10025_12_0.82	10023	B6_12_months__29363_Clostridium_paraputrificum__k141_19433	4	10026	Clostridium	Clostridium paraputrificum
B6_12_months	k141_19763	34659	B6_12_months__53345_Enterococcus_durans__k141_19763	1	34659	Enterococcus	Enterococcus durans
B6_12_months	k141_20836_phage113_9253_28980_19_0.74	19728	B6_12_months__706562_Lactobacillus_rogosae__k141_20836	9254	28981	Lactobacillus	Lactobacillus rogosae
B6_12_months	k141_21006	15840	B6_12_months__1263065_Clostridium_clostridioforme_CAG:132__k141_21006	1	15840	Clostridium	Clostridium clostridioforme CAG:132
B6_12_months	k141_21568	12489	B6_12_months__1263065_Clostridium_clostridioforme_CAG:132__k141_21568	1	12489	Clostridium	Clostridium clostridioforme CAG:132
B6_12_months	k141_22539_phage366_8713_24656_17_0.59	15944	B6_12_months__649756_Anaerostipes_hadrus__k141_22539	8714	24657	Anaerostipes	Anaerostipes hadrus
B6_12_months	k141_22563_phage373_302_13711_11_0.72	13410	B6_12_months__187326_Megasphaera_micronuciformis__k141_22563	303	13712	Megasphaera	Megasphaera micronuciformis
B6_12_months	k141_2287_phage337_21229_35875_16_0.6	14647	B6_12_months__33038_[Ruminococcus]_gnavus__k141_2287	21230	35876	Mediterraneibacter	[Ruminococcus] gnavus
B6_12_months	k141_23076	11785	B6_12_months__1263065_Clostridium_clostridioforme_CAG:132__k141_23076	1	11785	Clostridium	Clostridium clostridioforme CAG:132
B6_12_months	k141_2379_phage349_1200_12081_12_0.56	10882	B6_12_months__435842_Streptococcus_sp._C150__k141_2379	1201	12082	Streptococcus	Streptococcus sp. C150
B6_12_months	k141_24042_phage95_2_10190_10_0.56	10189	B6_12_months__33038_[Ruminococcus]_gnavus__k141_24042	3	10191	Mediterraneibacter	[Ruminococcus] gnavus
B6_12_months	k141_24176_1_checkv_16097-39026/39026	22930	B6_12_months__59620_uncultured_Clostridium_sp.__k141_24176	16097	39026	Clostridium	uncultured Clostridium sp.
B6_12_months	k141_25047	10787	B6_12_months__249061_uncultured_Actinomyces_sp.__k141_25047	1	10787	Actinomyces	uncultured Actinomyces sp.
B6_12_months	k141_25239	19277	B6_12_months__1597_Lacticaseibacillus_paracasei__k141_25239	1	19277	Lacticaseibacillus	Lacticaseibacillus paracasei
B6_12_months	k141_25549_1_checkv_86033-115552/132935	29520	B6_12_months__1689_Bifidobacterium_dentium__k141_25549	86033	115552	Bifidobacterium	Bifidobacterium dentium
B6_12_months	k141_26355_phage520_14683_35900_21_0.59	21218	B6_12_months__84112_Eggerthella_lenta__k141_26355	14684	35901	Eggerthella	Eggerthella lenta
B6_12_months	k141_27549_1_checkv_169722-215567/292838	45846	B6_12_months__328813_Alistipes_onderdonkii__k141_27549	169722	215567	Alistipes	Alistipes onderdonkii
B6_12_months	k141_28025_1_checkv_20217-37949/37949	17733	B6_12_months__573_Klebsiella_pneumoniae__k141_28025	20217	37949	Klebsiella	Klebsiella pneumoniae
B6_12_months	k141_2946_phage459_2_39183_46_0.87	39182	B6_12_months__1351_Enterococcus_faecalis__k141_2946	3	39184	Enterococcus	Enterococcus faecalis
B6_12_months	k141_29781_phage527_7048_28132_20_0.73	21085	B6_12_months__706562_Lactobacillus_rogosae__k141_29781	7049	28133	Lactobacillus	Lactobacillus rogosae
B6_12_months	k141_29938_1_checkv_39801-78505/201676	38705	B6_12_months__1522_[Clostridium]_innocuum__k141_29938	39801	78505	Erysipelatoclostridium	[Clostridium] innocuum
B6_12_months	k141_30015_1_checkv_1-16876/21209	16876	B6_12_months__546_Citrobacter_freundii__k141_30015	1	16876	Citrobacter	Citrobacter freundii
B6_12_months	k141_30630_1_checkv_8670-56285/56285	47616	B6_12_months__249061_uncultured_Actinomyces_sp.__k141_30630	8670	56285	Actinomyces	uncultured Actinomyces sp.
B6_12_months	k141_31288	14022	B6_12_months__29363_Clostridium_paraputrificum__k141_31288	1	14022	Clostridium	Clostridium paraputrificum
B6_12_months	k141_31444_phage255_1_20730_14_0.82	20730	B6_12_months__33038_[Ruminococcus]_gnavus__k141_31444	2	20731	Mediterraneibacter	[Ruminococcus] gnavus
B6_12_months	k141_32033	17749	B6_12_months__1263065_Clostridium_clostridioforme_CAG:132__k141_32033	1	17749	Clostridium	Clostridium clostridioforme CAG:132
B6_12_months	k141_32113	33295	B6_12_months__249061_uncultured_Actinomyces_sp.__k141_32113	1	33295	Actinomyces	uncultured Actinomyces sp.
B6_12_months	k141_32231_phage384_29142_47692_14_0.68	18551	B6_12_months__1681_Bifidobacterium_bifidum__k141_32231	29143	47693	Bifidobacterium	Bifidobacterium bifidum
B6_12_months	k141_33031_phage550_1_12387_13_0.79	12387	B6_12_months__706562_Lactobacillus_rogosae__k141_33031	2	12388	Lactobacillus	Lactobacillus rogosae
B6_12_months	k141_33687_1_checkv_49100-73673/73673	24574	B6_12_months__187326_Megasphaera_micronuciformis__k141_33687	49100	73673	Megasphaera	Megasphaera micronuciformis
B6_12_months	k141_34295	10212	B6_12_months__435842_Streptococcus_sp._C150__k141_34295	1	10212	Streptococcus	Streptococcus sp. C150
B6_12_months	k141_34925_1_checkv_1-21018/32458	21018	B6_12_months__187326_Megasphaera_micronuciformis__k141_34925	1	21018	Megasphaera	Megasphaera micronuciformis
B6_12_months	k141_36161_phage478_708975_728115_12_0.58	19141	B6_12_months__328813_Alistipes_onderdonkii__k141_36161	708976	728116	Alistipes	Alistipes onderdonkii
B6_12_months	k141_36323_phage538_4966_27666_37_0.72	22701	B6_12_months__59620_uncultured_Clostridium_sp.__k141_36323	4967	27667	Clostridium	uncultured Clostridium sp.
B6_12_months	k141_36568_phage573_1_19960_30_0.89	19960	B6_12_months__53345_Enterococcus_durans__k141_36568	2	19961	Enterococcus	Enterococcus durans
B6_12_months	k141_36896	14103	B6_12_months__59620_uncultured_Clostridium_sp.__k141_36896	1	14103	Clostridium	uncultured Clostridium sp.
B6_12_months	k141_37453	28526	B6_12_months__1150298_Fusicatenibacter_saccharivorans__k141_37453	1	28526	Fusicatenibacter	Fusicatenibacter saccharivorans
B6_12_months	k141_37490	11023	B6_12_months__1263065_Clostridium_clostridioforme_CAG:132__k141_37490	1	11023	Clostridium	Clostridium clostridioforme CAG:132
B6_12_months	k141_37542	11326	B6_12_months__249061_uncultured_Actinomyces_sp.__k141_37542	1	11326	Actinomyces	uncultured Actinomyces sp.
B6_12_months	k141_37597_phage132_312_13006_20_0.68	12695	B6_12_months__53345_Enterococcus_durans__k141_37597	313	13007	Enterococcus	Enterococcus durans
B6_12_months	k141_3799_phage114_169230_205409_19_0.69	36180	B6_12_months__328813_Alistipes_onderdonkii__k141_3799	169231	205410	Alistipes	Alistipes onderdonkii
B6_12_months	k141_3799_phage116_262367_275865_12_0.58	13499	B6_12_months__328813_Alistipes_onderdonkii__k141_3799	262368	275866	Alistipes	Alistipes onderdonkii
B6_12_months	k141_3799_phage117_276079_299989_16_0.56	23911	B6_12_months__328813_Alistipes_onderdonkii__k141_3799	276080	299990	Alistipes	Alistipes onderdonkii
B6_12_months	k141_38008	11851	B6_12_months__546_Citrobacter_freundii__k141_38008	1	11851	Citrobacter	Citrobacter freundii
B6_12_months	k141_38425_1_checkv_18943-29720/29720	10778	B6_12_months__1597_Lacticaseibacillus_paracasei__k141_38425	18943	29720	Lacticaseibacillus	Lacticaseibacillus paracasei
B6_12_months	k141_38489	25602	B6_12_months__53345_Enterococcus_durans__k141_38489	1	25602	Enterococcus	Enterococcus durans
B6_12_months	k141_38521	46228	B6_12_months__546_Citrobacter_freundii__k141_38521	1	46228	Citrobacter	Citrobacter freundii
B6_12_months	k141_39258	12945	B6_12_months__249061_uncultured_Actinomyces_sp.__k141_39258	1	12945	Actinomyces	uncultured Actinomyces sp.
B6_12_months	k141_39296_phage461_109_21497_15_0.62	21389	B6_12_months__706562_Lactobacillus_rogosae__k141_39296	110	21498	Lactobacillus	Lactobacillus rogosae
B6_12_months	k141_39646_phage546_150089_174850_27_0.82	24762	B6_12_months__1351_Enterococcus_faecalis__k141_39646	150090	174851	Enterococcus	Enterococcus faecalis
B6_12_months	k141_39787_1_checkv_51021-96026/96026	45006	B6_12_months__649756_Anaerostipes_hadrus__k141_39787	51021	96026	Anaerostipes	Anaerostipes hadrus
B6_12_months	k141_41673_phage276_40136_94887_46_0.72	54752	B6_12_months__187326_Megasphaera_micronuciformis__k141_41673	40137	94888	Megasphaera	Megasphaera micronuciformis
B6_12_months	k141_42902	31573	B6_12_months__573_Klebsiella_pneumoniae__k141_42902	1	31573	Klebsiella	Klebsiella pneumoniae
B6_12_months	k141_43020_phage541_259_12953_15_0.81	12694	B6_12_months__33038_[Ruminococcus]_gnavus__k141_43020	260	12953	Mediterraneibacter	[Ruminococcus] gnavus
B6_12_months	k141_43334_1_checkv_1-11068/21636	11068	B6_12_months__546_Citrobacter_freundii__k141_43334	1	11068	Citrobacter	Citrobacter freundii
B6_12_months	k141_43486	28500	B6_12_months__249061_uncultured_Actinomyces_sp.__k141_43486	1	28500	Actinomyces	uncultured Actinomyces sp.
B6_12_months	k141_44456_phage119_294_10325_12_0.56	10032	B6_12_months__1351_Enterococcus_faecalis__k141_44456	295	10326	Enterococcus	Enterococcus faecalis
B6_12_months	k141_4513_phage216_2_15554_15_0.82	15553	B6_12_months__706562_Lactobacillus_rogosae__k141_4513	3	15555	Lactobacillus	Lactobacillus rogosae
B6_12_months	k141_45350	31706	B6_12_months__1263065_Clostridium_clostridioforme_CAG:132__k141_45350	1	31706	Clostridium	Clostridium clostridioforme CAG:132
B6_12_months	k141_45496	10327	B6_12_months__573_Klebsiella_pneumoniae__k141_45496	1	10327	Klebsiella	Klebsiella pneumoniae
B6_12_months	k141_47253	19108	B6_12_months__59620_uncultured_Clostridium_sp.__k141_47253	1	19108	Clostridium	uncultured Clostridium sp.
B6_12_months	k141_4779	22843	B6_12_months__1522_[Clostridium]_innocuum__k141_4779	1	22843	Erysipelatoclostridium	[Clostridium] innocuum
B6_12_months	k141_48231_phage261_8686_26927_20_0.62	18242	B6_12_months__1351_Enterococcus_faecalis__k141_48231	8687	26928	Enterococcus	Enterococcus faecalis
B6_12_months	k141_48436_1_checkv_38186-51425/53491	13240	B6_12_months__47715_Lacticaseibacillus_rhamnosus__k141_48436	38186	51425	Lacticaseibacillus	Lacticaseibacillus rhamnosus
B6_12_months	k141_49061_phage435_25224_41702_15_0.64	16479	B6_12_months__53345_Enterococcus_durans__k141_49061	25225	41703	Enterococcus	Enterococcus durans
B6_12_months	k141_49066_phage452_6462_35927_29_0.81	29466	B6_12_months__706562_Lactobacillus_rogosae__k141_49066	6463	35928	Lactobacillus	Lactobacillus rogosae
B6_12_months	k141_49066_phage453_47749_75206_27_0.72	27458	B6_12_months__706562_Lactobacillus_rogosae__k141_49066	47750	75207	Lactobacillus	Lactobacillus rogosae
B6_12_months	k141_49433_phage501_70_13873_18_0.91	13803	B6_12_months__706562_Lactobacillus_rogosae__k141_49433	71	13873	Lactobacillus	Lactobacillus rogosae
B6_12_months	k141_50326	20294	B6_12_months__573_Klebsiella_pneumoniae__k141_50326	1	20294	Klebsiella	Klebsiella pneumoniae
B6_12_months	k141_50915_phage68_2_34263_32_0.72	34262	B6_12_months__706562_Lactobacillus_rogosae__k141_50915	3	34264	Lactobacillus	Lactobacillus rogosae
B6_12_months	k141_51359_phage154_128772_142003_13_0.73	13232	B6_12_months__649756_Anaerostipes_hadrus__k141_51359	128773	142004	Anaerostipes	Anaerostipes hadrus
B6_12_months	k141_51911_1_checkv_25957-41288/41288	15332	B6_12_months__1351_Enterococcus_faecalis__k141_51911	25957	41288	Enterococcus	Enterococcus faecalis
B6_12_months	k141_523	18191	B6_12_months__187326_Megasphaera_micronuciformis__k141_523	1	18191	Megasphaera	Megasphaera micronuciformis
B6_12_months	k141_52411_1_checkv_1-33103/44009	33103	B6_12_months__187326_Megasphaera_micronuciformis__k141_52411	1	33103	Megasphaera	Megasphaera micronuciformis
B6_12_months	k141_5599	31536	B6_12_months__249061_uncultured_Actinomyces_sp.__k141_5599	1	31536	Actinomyces	uncultured Actinomyces sp.
B6_12_months	k141_6775_phage6_3_11663_12_0.76	11661	B6_12_months__435842_Streptococcus_sp._C150__k141_6775	4	11664	Streptococcus	Streptococcus sp. C150
B6_12_months	k141_7001	13929	B6_12_months__1351_Enterococcus_faecalis__k141_7001	1	13929	Enterococcus	Enterococcus faecalis
B6_12_months	k141_7464_1_checkv_19348-45054/45054	25707	B6_12_months__84112_Eggerthella_lenta__k141_7464	19348	45054	Eggerthella	Eggerthella lenta
B6_12_months	k141_8287	10695	B6_12_months__546_Citrobacter_freundii__k141_8287	1	10695	Citrobacter	Citrobacter freundii
B6_12_months	k141_8357_1_checkv_297755-336406/445405	38652	B6_12_months__328813_Alistipes_onderdonkii__k141_8357	297755	336406	Alistipes	Alistipes onderdonkii
B6_12_months	k141_9594_phage590_3_33675_44_0.68	33673	B6_12_months__1263065_Clostridium_clostridioforme_CAG:132__k141_9594	4	33676	Clostridium	Clostridium clostridioforme CAG:132
B7_12_months	k141_100158_1_checkv_68636-100256/112014	31621	B7_12_months__1547_Erysipelatoclostridium_ramosum__k141_100158	68636	100256	Erysipelatoclostridium	Erysipelatoclostridium ramosum
B7_12_months	k141_101346_phage272_214_33248_31_0.6	33035	B7_12_months__1547_Erysipelatoclostridium_ramosum__k141_101346	215	33249	Erysipelatoclostridium	Erysipelatoclostridium ramosum
B7_12_months	k141_101412	11825	B7_12_months__35703_Citrobacter_amalonaticus__k141_101412	1	11825	Citrobacter	Citrobacter amalonaticus
B7_12_months	k141_102051_1_checkv_91365-150380/254119	59016	B7_12_months__823_Parabacteroides_distasonis__k141_102051	91365	150380	Parabacteroides	Parabacteroides distasonis
B7_12_months	k141_102507	37534	B7_12_months__84112_Eggerthella_lenta__k141_102507	1	37534	Eggerthella	Eggerthella lenta
B7_12_months	k141_102934	10692	B7_12_months__160404_Anaerotignum_lactatifermentans__k141_102934	1	10692	Anaerotignum	Anaerotignum lactatifermentans
B7_12_months	k141_102958_phage534_708_18159_20_0.66	17452	B7_12_months__59620_uncultured_Clostridium_sp.__k141_102958	709	18160	Clostridium	uncultured Clostridium sp.
B7_12_months	k141_10331_1_checkv_28435-45605/45605	17171	B7_12_months__2305242_Clostridium_sp._AM34-11AC__k141_10331	28435	45605	Clostridium	Clostridium sp. AM34-11AC
B7_12_months	k141_106008_phage932_2120_15780_15_0.57	13661	B7_12_months__35703_Citrobacter_amalonaticus__k141_106008	2121	15781	Citrobacter	Citrobacter amalonaticus
B7_12_months	k141_107876	16367	B7_12_months__59620_uncultured_Clostridium_sp.__k141_107876	1	16367	Clostridium	uncultured Clostridium sp.
B7_12_months	k141_110959_phage505_13594_38732_26_0.65	25139	B7_12_months__1547_Erysipelatoclostridium_ramosum__k141_110959	13595	38733	Erysipelatoclostridium	Erysipelatoclostridium ramosum
B7_12_months	k141_112236_phage665_1_13199_17_0.72	13199	B7_12_months__261299_Intestinibacter_bartlettii__k141_112236	2	13200	Intestinibacter	Intestinibacter bartlettii
B7_12_months	k141_115293_phage1118_3_10396_15_0.87	10394	B7_12_months__587_Providencia_rettgeri__k141_115293	4	10397	Providencia	Providencia rettgeri
B7_12_months	k141_116789_phage151_3_16089_15_0.76	16087	B7_12_months__261299_Intestinibacter_bartlettii__k141_116789	4	16090	Intestinibacter	Intestinibacter bartlettii
B7_12_months	k141_119340	41362	B7_12_months__820_Bacteroides_uniformis__k141_119340	1	41362	Bacteroides	Bacteroides uniformis
B7_12_months	k141_119630	13792	B7_12_months__820_Bacteroides_uniformis__k141_119630	1	13792	Bacteroides	Bacteroides uniformis
B7_12_months	k141_122011_phage894_6897_30372_22_0.57	23476	B7_12_months__261299_Intestinibacter_bartlettii__k141_122011	6898	30373	Intestinibacter	Intestinibacter bartlettii
B7_12_months	k141_12287_phage647_5493_16258_10_0.54	10766	B7_12_months__59620_uncultured_Clostridium_sp.__k141_12287	5494	16259	Clostridium	uncultured Clostridium sp.
B7_12_months	k141_123767	19631	B7_12_months__820_Bacteroides_uniformis__k141_123767	1	19631	Bacteroides	Bacteroides uniformis
B7_12_months	k141_124877_phage57_70_17190_14_0.67	17121	B7_12_months__59620_uncultured_Clostridium_sp.__k141_124877	71	17191	Clostridium	uncultured Clostridium sp.
B7_12_months	k141_125168	17077	B7_12_months__820_Bacteroides_uniformis__k141_125168	1	17077	Bacteroides	Bacteroides uniformis
B7_12_months	k141_128245	11559	B7_12_months__35703_Citrobacter_amalonaticus__k141_128245	1	11559	Citrobacter	Citrobacter amalonaticus
B7_12_months	k141_128567	17977	B7_12_months__2293098_Dorea_sp._AM10-31__k141_128567	1	17977	Dorea	Dorea sp. AM10-31
B7_12_months	k141_128718_phage678_45914_57483_10_0.64	11570	B7_12_months__33039_[Ruminococcus]_torques__k141_128718	45915	57484	Mediterraneibacter	[Ruminococcus] torques
B7_12_months	k141_12925_1_checkv_5513-31222/81842	25710	B7_12_months__823_Parabacteroides_distasonis__k141_12925	5513	31222	Parabacteroides	Parabacteroides distasonis
B7_12_months	k141_131392_phage1055_28109_46073_23_0.75	17965	B7_12_months__1547_Erysipelatoclostridium_ramosum__k141_131392	28110	46074	Erysipelatoclostridium	Erysipelatoclostridium ramosum
B7_12_months	k141_131715	26794	B7_12_months__820_Bacteroides_uniformis__k141_131715	1	26794	Bacteroides	Bacteroides uniformis
B7_12_months	k141_131822_phage1146_39516_62288_23_0.62	22773	B7_12_months__820_Bacteroides_uniformis__k141_131822	39517	62289	Bacteroides	Bacteroides uniformis
B7_12_months	k141_132252_1_checkv_10353-36370/36370	26018	B7_12_months__341225_[Clostridium]_saccharogumia__k141_132252	10353	36370	Erysipelatoclostridium	[Clostridium] saccharogumia
B7_12_months	k141_132497_phage1222_38614_56716_28_0.66	18103	B7_12_months__1078480_Haemophilus_sputorum__k141_132497	38615	56717	Haemophilus	Haemophilus sputorum
B7_12_months	k141_136918_1_checkv_3489-31963/31963	28475	B7_12_months__35703_Citrobacter_amalonaticus__k141_136918	3489	31963	Citrobacter	Citrobacter amalonaticus
B7_12_months	k141_137055_1_checkv_1-20044/25874	20044	B7_12_months__571_Klebsiella_oxytoca__k141_137055	1	20044	Klebsiella	Klebsiella oxytoca
B7_12_months	k141_142763	13408	B7_12_months__39488_Anaerobutyricum_hallii__k141_142763	1	13408	Anaerobutyricum	Anaerobutyricum hallii
B7_12_months	k141_143048_phage366_43630_57978_13_0.52	14349	B7_12_months__1547_Erysipelatoclostridium_ramosum__k141_143048	43631	57979	Erysipelatoclostridium	Erysipelatoclostridium ramosum
B7_12_months	k141_145272_phage698_34024_59886_26_0.65	25863	B7_12_months__341225_[Clostridium]_saccharogumia__k141_145272	34025	59887	Erysipelatoclostridium	[Clostridium] saccharogumia
B7_12_months	k141_14607	50741	B7_12_months__2305242_Clostridium_sp._AM34-11AC__k141_14607	1	50741	Clostridium	Clostridium sp. AM34-11AC
B7_12_months	k141_14630	27115	B7_12_months__823_Parabacteroides_distasonis__k141_14630	1	27115	Parabacteroides	Parabacteroides distasonis
B7_12_months	k141_146364_phage958_36248_59244_20_0.62	22997	B7_12_months__341225_[Clostridium]_saccharogumia__k141_146364	36249	59245	Erysipelatoclostridium	[Clostridium] saccharogumia
B7_12_months	k141_146490	10727	B7_12_months__562_Escherichia_coli__k141_146490	1	10727	Escherichia	Escherichia coli
B7_12_months	k141_147611	16591	B7_12_months__820_Bacteroides_uniformis__k141_147611	1	16591	Bacteroides	Bacteroides uniformis
B7_12_months	k141_148109_phage1216_1_24340_22_0.73	24340	B7_12_months__261299_Intestinibacter_bartlettii__k141_148109	2	24341	Intestinibacter	Intestinibacter bartlettii
B7_12_months	k141_148109_phage1217_32936_44787_13_0.71	11852	B7_12_months__261299_Intestinibacter_bartlettii__k141_148109	32937	44788	Intestinibacter	Intestinibacter bartlettii
B7_12_months	k141_148139_phage1219_2_21493_17_0.66	21492	B7_12_months__261299_Intestinibacter_bartlettii__k141_148139	3	21494	Intestinibacter	Intestinibacter bartlettii
B7_12_months	k141_150372	20376	B7_12_months__820_Bacteroides_uniformis__k141_150372	1	20376	Bacteroides	Bacteroides uniformis
B7_12_months	k141_151217_1_checkv_22213-43184/43184	20972	B7_12_months__571_Klebsiella_oxytoca__k141_151217	22213	43184	Klebsiella	Klebsiella oxytoca
B7_12_months	k141_151557_1_checkv_12215-63721/70019	51507	B7_12_months__33039_[Ruminococcus]_torques__k141_151557	12215	63721	Mediterraneibacter	[Ruminococcus] torques
B7_12_months	k141_15673_1_checkv_8059-45415/66790	37357	B7_12_months__84112_Eggerthella_lenta__k141_15673	8059	45415	Eggerthella	Eggerthella lenta
B7_12_months	k141_158856	35603	B7_12_months__341225_[Clostridium]_saccharogumia__k141_158856	1	35603	Erysipelatoclostridium	[Clostridium] saccharogumia
B7_12_months	k141_158889_1_checkv_5030-51462/51462	46433	B7_12_months__35703_Citrobacter_amalonaticus__k141_158889	5030	51462	Citrobacter	Citrobacter amalonaticus
B7_12_months	k141_158966_phage226_14732_41086_25_0.6	26355	B7_12_months__1547_Erysipelatoclostridium_ramosum__k141_158966	14733	41087	Erysipelatoclostridium	Erysipelatoclostridium ramosum
B7_12_months	k141_160918_1_checkv_16734-51107/69899	34374	B7_12_months__562_Escherichia_coli__k141_160918	16734	51107	Escherichia	Escherichia coli
B7_12_months	k141_162732_phage737_168209_201153_18_0.65	32945	B7_12_months__1547_Erysipelatoclostridium_ramosum__k141_162732	168210	201154	Erysipelatoclostridium	Erysipelatoclostridium ramosum
B7_12_months	k141_162874_phage760_364_47138_43_0.69	46775	B7_12_months__59620_uncultured_Clostridium_sp.__k141_162874	365	47139	Clostridium	uncultured Clostridium sp.
B7_12_months	k141_162944_phage774_2_13136_12_0.92	13135	B7_12_months__261299_Intestinibacter_bartlettii__k141_162944	3	13137	Intestinibacter	Intestinibacter bartlettii
B7_12_months	k141_164385_phage986_13005_28414_10_0.55	15410	B7_12_months__84112_Eggerthella_lenta__k141_164385	13006	28415	Eggerthella	Eggerthella lenta
B7_12_months	k141_165045_phage1067_19009_30875_10_0.78	11867	B7_12_months__1547_Erysipelatoclostridium_ramosum__k141_165045	19010	30876	Erysipelatoclostridium	Erysipelatoclostridium ramosum
B7_12_months	k141_165045_phage1068_32781_58367_22_0.75	25587	B7_12_months__1547_Erysipelatoclostridium_ramosum__k141_165045	32782	58368	Erysipelatoclostridium	Erysipelatoclostridium ramosum
B7_12_months	k141_165717_phage1213_1_13136_12_0.81	13136	B7_12_months__341225_[Clostridium]_saccharogumia__k141_165717	2	13137	Erysipelatoclostridium	[Clostridium] saccharogumia
B7_12_months	k141_1933_phage223_23_11652_11_0.84	11630	B7_12_months__261299_Intestinibacter_bartlettii__k141_1933	24	11653	Intestinibacter	Intestinibacter bartlettii
B7_12_months	k141_20987_1_checkv_51973-89201/92427	37229	B7_12_months__571_Klebsiella_oxytoca__k141_20987	51973	89201	Klebsiella	Klebsiella oxytoca
B7_12_months	k141_23044	14364	B7_12_months__341225_[Clostridium]_saccharogumia__k141_23044	1	14364	Erysipelatoclostridium	[Clostridium] saccharogumia
B7_12_months	k141_24853_phage1176_3_25437_23_0.77	25435	B7_12_months__261299_Intestinibacter_bartlettii__k141_24853	4	25438	Intestinibacter	Intestinibacter bartlettii
B7_12_months	k141_26016	16217	B7_12_months__341225_[Clostridium]_saccharogumia__k141_26016	1	16217	Erysipelatoclostridium	[Clostridium] saccharogumia
B7_12_months	k141_28704_1_checkv_189687-232251/310481	42565	B7_12_months__823_Parabacteroides_distasonis__k141_28704	189687	232251	Parabacteroides	Parabacteroides distasonis
B7_12_months	k141_30612_phage926_46034_60953_17_0.65	14920	B7_12_months__59620_uncultured_Clostridium_sp.__k141_30612	46035	60954	Clostridium	uncultured Clostridium sp.
B7_12_months	k141_32331_1_checkv_95827-133358/194905	37532	B7_12_months__2293098_Dorea_sp._AM10-31__k141_32331	95827	133358	Dorea	Dorea sp. AM10-31
B7_12_months	k141_32977_phage1231_21328_46602_22_0.52	25275	B7_12_months__1628085_Agathobaculum_butyriciproducens__k141_32977	21329	46603	Agathobaculum	Agathobaculum butyriciproducens
B7_12_months	k141_35347	71127	B7_12_months__2305242_Clostridium_sp._AM34-11AC__k141_35347	1	71127	Clostridium	Clostridium sp. AM34-11AC
B7_12_months	k141_36244_1_checkv_6227-45030/45030	38804	B7_12_months__1547_Erysipelatoclostridium_ramosum__k141_36244	6227	45030	Erysipelatoclostridium	Erysipelatoclostridium ramosum
B7_12_months	k141_40915	15064	B7_12_months__562_Escherichia_coli__k141_40915	1	15064	Escherichia	Escherichia coli
B7_12_months	k141_41382	45839	B7_12_months__1628085_Agathobaculum_butyriciproducens__k141_41382	1	45839	Agathobaculum	Agathobaculum butyriciproducens
B7_12_months	k141_41792_1_checkv_1-19600/31143	19600	B7_12_months__571_Klebsiella_oxytoca__k141_41792	1	19600	Klebsiella	Klebsiella oxytoca
B7_12_months	k141_43818	27404	B7_12_months__2305242_Clostridium_sp._AM34-11AC__k141_43818	1	27404	Clostridium	Clostridium sp. AM34-11AC
B7_12_months	k141_46384	26025	B7_12_months__2293098_Dorea_sp._AM10-31__k141_46384	1	26025	Dorea	Dorea sp. AM10-31
B7_12_months	k141_4926_phage655_6278_30331_17_0.63	24054	B7_12_months__341225_[Clostridium]_saccharogumia__k141_4926	6279	30332	Erysipelatoclostridium	[Clostridium] saccharogumia
B7_12_months	k141_50555_phage140_366_23799_17_0.68	23434	B7_12_months__261299_Intestinibacter_bartlettii__k141_50555	367	23800	Intestinibacter	Intestinibacter bartlettii
B7_12_months	k141_5210	10894	B7_12_months__2305242_Clostridium_sp._AM34-11AC__k141_5210	1	10894	Clostridium	Clostridium sp. AM34-11AC
B7_12_months	k141_55012_1_checkv_29114-57513/59378	28400	B7_12_months__1547_Erysipelatoclostridium_ramosum__k141_55012	29114	57513	Erysipelatoclostridium	Erysipelatoclostridium ramosum
B7_12_months	k141_56433	23525	B7_12_months__239935_Akkermansia_muciniphila__k141_56433	1	23525	Akkermansia	Akkermansia muciniphila
B7_12_months	k141_56732_1_checkv_6178-17028/17028	10851	B7_12_months__341225_[Clostridium]_saccharogumia__k141_56732	6178	17028	Erysipelatoclostridium	[Clostridium] saccharogumia
B7_12_months	k141_56996_phage1186_37661_54154_16_0.69	16494	B7_12_months__823_Parabacteroides_distasonis__k141_56996	37662	54155	Parabacteroides	Parabacteroides distasonis
B7_12_months	k141_61181	70365	B7_12_months__823_Parabacteroides_distasonis__k141_61181	1	70365	Parabacteroides	Parabacteroides distasonis
B7_12_months	k141_6372_phage830_652_13418_16_0.77	12767	B7_12_months__261299_Intestinibacter_bartlettii__k141_6372	653	13419	Intestinibacter	Intestinibacter bartlettii
B7_12_months	k141_6474	14952	B7_12_months__2305242_Clostridium_sp._AM34-11AC__k141_6474	1	14952	Clostridium	Clostridium sp. AM34-11AC
B7_12_months	k141_64772_phage953_6090_21091_18_0.62	15002	B7_12_months__1547_Erysipelatoclostridium_ramosum__k141_64772	6091	21092	Erysipelatoclostridium	Erysipelatoclostridium ramosum
B7_12_months	k141_66008_phage1173_145_10628_12_0.7	10484	B7_12_months__341225_[Clostridium]_saccharogumia__k141_66008	146	10629	Erysipelatoclostridium	[Clostridium] saccharogumia
B7_12_months	k141_66294_phage1200_1_20650_18_0.74	20650	B7_12_months__261299_Intestinibacter_bartlettii__k141_66294	2	20651	Intestinibacter	Intestinibacter bartlettii
B7_12_months	k141_67704_phage263_3_16214_14_0.73	16212	B7_12_months__59620_uncultured_Clostridium_sp.__k141_67704	4	16215	Clostridium	uncultured Clostridium sp.
B7_12_months	k141_70491_phage654_2_16136_24_0.88	16134	B7_12_months__261299_Intestinibacter_bartlettii__k141_70491	3	16136	Intestinibacter	Intestinibacter bartlettii
B7_12_months	k141_71457_1_checkv_1-33021/40983	33021	B7_12_months__2305242_Clostridium_sp._AM34-11AC__k141_71457	1	33021	Clostridium	Clostridium sp. AM34-11AC
B7_12_months	k141_72944	24572	B7_12_months__820_Bacteroides_uniformis__k141_72944	1	24572	Bacteroides	Bacteroides uniformis
B7_12_months	k141_73289_phage993_190222_217057_30_0.75	26836	B7_12_months__1547_Erysipelatoclostridium_ramosum__k141_73289	190223	217058	Erysipelatoclostridium	Erysipelatoclostridium ramosum
B7_12_months	k141_75585_phage114_14274_25310_10_0.77	11037	B7_12_months__261299_Intestinibacter_bartlettii__k141_75585	14275	25311	Intestinibacter	Intestinibacter bartlettii
B7_12_months	k141_75806_phage159_3_21740_15_0.54	21738	B7_12_months__341225_[Clostridium]_saccharogumia__k141_75806	4	21741	Erysipelatoclostridium	[Clostridium] saccharogumia
B7_12_months	k141_80562_phage855_4012_17447_15_0.65	13436	B7_12_months__59620_uncultured_Clostridium_sp.__k141_80562	4013	17448	Clostridium	uncultured Clostridium sp.
B7_12_months	k141_80562_phage856_17980_41599_30_0.79	23620	B7_12_months__59620_uncultured_Clostridium_sp.__k141_80562	17981	41600	Clostridium	uncultured Clostridium sp.
B7_12_months	k141_81893_1_checkv_8616-60857/66516	52242	B7_12_months__35703_Citrobacter_amalonaticus__k141_81893	8616	60857	Citrobacter	Citrobacter amalonaticus
B7_12_months	k141_82787_phage1220_6817_17858_10_0.77	11042	B7_12_months__261299_Intestinibacter_bartlettii__k141_82787	6818	17859	Intestinibacter	Intestinibacter bartlettii
B7_12_months	k141_83634	12588	B7_12_months__1318_Streptococcus_parasanguinis__k141_83634	1	12588	Streptococcus	Streptococcus parasanguinis
B7_12_months	k141_84491_phage243_3_17834_13_0.72	17832	B7_12_months__341225_[Clostridium]_saccharogumia__k141_84491	4	17835	Erysipelatoclostridium	[Clostridium] saccharogumia
B7_12_months	k141_84997_phage318_21802_42356_21_0.62	20555	B7_12_months__341225_[Clostridium]_saccharogumia__k141_84997	21803	42357	Erysipelatoclostridium	[Clostridium] saccharogumia
B7_12_months	k141_852	10594	B7_12_months__587_Providencia_rettgeri__k141_852	1	10594	Providencia	Providencia rettgeri
B7_12_months	k141_87557	18342	B7_12_months__2305242_Clostridium_sp._AM34-11AC__k141_87557	1	18342	Clostridium	Clostridium sp. AM34-11AC
B7_12_months	k141_88309_phage726_12664_48522_30_0.61	35859	B7_12_months__59620_uncultured_Clostridium_sp.__k141_88309	12665	48523	Clostridium	uncultured Clostridium sp.
B7_12_months	k141_89638	12849	B7_12_months__562_Escherichia_coli__k141_89638	1	12849	Escherichia	Escherichia coli
B7_12_months	k141_92175	21499	B7_12_months__2305242_Clostridium_sp._AM34-11AC__k141_92175	1	21499	Clostridium	Clostridium sp. AM34-11AC
B7_12_months	k141_9418_phage145_48_34040_33_0.74	33993	B7_12_months__261299_Intestinibacter_bartlettii__k141_9418	49	34041	Intestinibacter	Intestinibacter bartlettii
B7_12_months	k141_96637_1_checkv_33012-44054/44054	11043	B7_12_months__341225_[Clostridium]_saccharogumia__k141_96637	33012	44054	Erysipelatoclostridium	[Clostridium] saccharogumia
B7_12_months	k141_99151_1_checkv_3616-40410/50729	36795	B7_12_months__1078480_Haemophilus_sputorum__k141_99151	3616	40410	Haemophilus	Haemophilus sputorum
B8_12_months	k141_101712_phage699_83957_109414_23_0.52	25458	B8_12_months__1262888_Eubacterium_sp._CAG:274__k141_101712	83958	109415	Eubacterium	Eubacterium sp. CAG:274
B8_12_months	k141_103407	12510	B8_12_months__1150298_Fusicatenibacter_saccharivorans__k141_103407	1	12510	Fusicatenibacter	Fusicatenibacter saccharivorans
B8_12_months	k141_103487	21678	B8_12_months__1613_Limosilactobacillus_fermentum__k141_103487	1	21678	Limosilactobacillus	Limosilactobacillus fermentum
B8_12_months	k141_103808_phage99_33_25493_26_0.71	25461	B8_12_months__54005_Peptoniphilus_harei__k141_103808	34	25494	Peptoniphilus	Peptoniphilus harei
B8_12_months	k141_103885	28248	B8_12_months__1550024_Ruthenibacterium_lactatiformans__k141_103885	1	28248	Ruthenibacterium	Ruthenibacterium lactatiformans
B8_12_months	k141_104786	20071	B8_12_months__817_Bacteroides_fragilis__k141_104786	1	20071	Bacteroides	Bacteroides fragilis
B8_12_months	k141_107115	21069	B8_12_months__1150298_Fusicatenibacter_saccharivorans__k141_107115	1	21069	Fusicatenibacter	Fusicatenibacter saccharivorans
B8_12_months	k141_108604_1_checkv_34936-55168/81797	20233	B8_12_months__1550024_Ruthenibacterium_lactatiformans__k141_108604	34936	55168	Ruthenibacterium	Ruthenibacterium lactatiformans
B8_12_months	k141_109052_phage652_184_18879_15_0.61	18696	B8_12_months__1588755_Parvimonas_sp._KA00067__k141_109052	185	18880	Parvimonas	Parvimonas sp. KA00067
B8_12_months	k141_110217_2_checkv_60215-78445/78445	18231	B8_12_months__1522_[Clostridium]_innocuum__k141_110217	60215	78445	Erysipelatoclostridium	[Clostridium] innocuum
B8_12_months	k141_110326	23892	B8_12_months__512314_uncultured_Roseburia_sp.__k141_110326	1	23892	Roseburia	uncultured Roseburia sp.
B8_12_months	k141_110979_phage9_3_13463_15_0.76	13461	B8_12_months__1588755_Parvimonas_sp._KA00067__k141_110979	4	13464	Parvimonas	Parvimonas sp. KA00067
B8_12_months	k141_111299_1_checkv_1-15409/18462	15409	B8_12_months__341225_[Clostridium]_saccharogumia__k141_111299	1	15409	Erysipelatoclostridium	[Clostridium] saccharogumia
B8_12_months	k141_1114_phage136_15006_46969_20_0.54	31964	B8_12_months__341225_[Clostridium]_saccharogumia__k141_1114	15007	46970	Erysipelatoclostridium	[Clostridium] saccharogumia
B8_12_months	k141_112546_phage165_2_23189_22_0.77	23188	B8_12_months__54005_Peptoniphilus_harei__k141_112546	3	23190	Peptoniphilus	Peptoniphilus harei
B8_12_months	k141_115248	28700	B8_12_months__105841_Anaerostipes_caccae__k141_115248	1	28700	Anaerostipes	Anaerostipes caccae
B8_12_months	k141_118030_1_checkv_102154-149875/286407	47722	B8_12_months__817_Bacteroides_fragilis__k141_118030	102154	149875	Bacteroides	Bacteroides fragilis
B8_12_months	k141_118876_phage3_29682_46420_15_0.58	16739	B8_12_months__1613_Limosilactobacillus_fermentum__k141_118876	29683	46421	Limosilactobacillus	Limosilactobacillus fermentum
B8_12_months	k141_119416_phage72_6167_24916_18_0.82	18750	B8_12_months__1588755_Parvimonas_sp._KA00067__k141_119416	6168	24917	Parvimonas	Parvimonas sp. KA00067
B8_12_months	k141_119764	11398	B8_12_months__1150298_Fusicatenibacter_saccharivorans__k141_119764	1	11398	Fusicatenibacter	Fusicatenibacter saccharivorans
B8_12_months	k141_121935_phage359_3261_14074_15_0.78	10814	B8_12_months__47715_Lacticaseibacillus_rhamnosus__k141_121935	3262	14075	Lacticaseibacillus	Lacticaseibacillus rhamnosus
B8_12_months	k141_12247	10979	B8_12_months__1150298_Fusicatenibacter_saccharivorans__k141_12247	1	10979	Fusicatenibacter	Fusicatenibacter saccharivorans
B8_12_months	k141_122584_phage419_761_14566_14_0.81	13806	B8_12_months__54005_Peptoniphilus_harei__k141_122584	762	14567	Peptoniphilus	Peptoniphilus harei
B8_12_months	k141_122584_phage421_60423_77105_18_0.74	16683	B8_12_months__54005_Peptoniphilus_harei__k141_122584	60424	77106	Peptoniphilus	Peptoniphilus harei
B8_12_months	k141_122634	54135	B8_12_months__39488_Anaerobutyricum_hallii__k141_122634	1	54135	Anaerobutyricum	Anaerobutyricum hallii
B8_12_months	k141_123416	22481	B8_12_months__59620_uncultured_Clostridium_sp.__k141_123416	1	22481	Clostridium	uncultured Clostridium sp.
B8_12_months	k141_123534_phage499_18625_38172_16_0.67	19548	B8_12_months__1547_Erysipelatoclostridium_ramosum__k141_123534	18626	38173	Erysipelatoclostridium	Erysipelatoclostridium ramosum
B8_12_months	k141_123721_phage540_18039_34184_15_0.68	16146	B8_12_months__54005_Peptoniphilus_harei__k141_123721	18040	34185	Peptoniphilus	Peptoniphilus harei
B8_12_months	k141_123823_phage556_2_16505_21_0.67	16504	B8_12_months__1588755_Parvimonas_sp._KA00067__k141_123823	3	16506	Parvimonas	Parvimonas sp. KA00067
B8_12_months	k141_123893_1_checkv_14147-27209/71312	13063	B8_12_months__1353_Enterococcus_gallinarum__k141_123893	14147	27209	Enterococcus	Enterococcus gallinarum
B8_12_months	k141_126140_1_checkv_143317-167320/167320	24004	B8_12_months__1262888_Eubacterium_sp._CAG:274__k141_126140	143317	167320	Eubacterium	Eubacterium sp. CAG:274
B8_12_months	k141_15868_phage4_1_13803_17_0.61	13803	B8_12_months__341225_[Clostridium]_saccharogumia__k141_15868	2	13804	Erysipelatoclostridium	[Clostridium] saccharogumia
B8_12_months	k141_16153_phage31_4034_30162_38_0.55	26129	B8_12_months__1720194_Clostridium_sp._AT4__k141_16153	4035	30163	Clostridium	Clostridium sp. AT4
B8_12_months	k141_16571	35790	B8_12_months__105841_Anaerostipes_caccae__k141_16571	1	35790	Anaerostipes	Anaerostipes caccae
B8_12_months	k141_17004_phage110_1_17569_18_0.73	17569	B8_12_months__1522_[Clostridium]_innocuum__k141_17004	2	17570	Erysipelatoclostridium	[Clostridium] innocuum
B8_12_months	k141_19505_phage405_33018_53720_22_0.55	20703	B8_12_months__54005_Peptoniphilus_harei__k141_19505	33019	53721	Peptoniphilus	Peptoniphilus harei
B8_12_months	k141_19618	23648	B8_12_months__84112_Eggerthella_lenta__k141_19618	1	23648	Eggerthella	Eggerthella lenta
B8_12_months	k141_20538	38031	B8_12_months__39488_Anaerobutyricum_hallii__k141_20538	1	38031	Anaerobutyricum	Anaerobutyricum hallii
B8_12_months	k141_22448	10915	B8_12_months__47715_Lacticaseibacillus_rhamnosus__k141_22448	1	10915	Lacticaseibacillus	Lacticaseibacillus rhamnosus
B8_12_months	k141_23184	19573	B8_12_months__33038_[Ruminococcus]_gnavus__k141_23184	1	19573	Mediterraneibacter	[Ruminococcus] gnavus
B8_12_months	k141_23403_phage756_42828_72446_25_0.65	29619	B8_12_months__817_Bacteroides_fragilis__k141_23403	42829	72447	Bacteroides	Bacteroides fragilis
B8_12_months	k141_2341_phage252_168_32611_30_0.58	32444	B8_12_months__1547_Erysipelatoclostridium_ramosum__k141_2341	169	32612	Erysipelatoclostridium	Erysipelatoclostridium ramosum
B8_12_months	k141_23939_1_checkv_5442-41766/41766	36325	B8_12_months__216816_Bifidobacterium_longum__k141_23939	5442	41766	Bifidobacterium	Bifidobacterium longum
B8_12_months	k141_2416	17497	B8_12_months__1628085_Agathobaculum_butyriciproducens__k141_2416	1	17497	Agathobaculum	Agathobaculum butyriciproducens
B8_12_months	k141_24380_phage79_115966_130467_18_0.66	14502	B8_12_months__1547_Erysipelatoclostridium_ramosum__k141_24380	115967	130468	Erysipelatoclostridium	Erysipelatoclostridium ramosum
B8_12_months	k141_24993	83369	B8_12_months__165186_uncultured_Ruminococcus_sp.__k141_24993	1	83369	Ruminococcus	uncultured Ruminococcus sp.
B8_12_months	k141_2506	13144	B8_12_months__1628085_Agathobaculum_butyriciproducens__k141_2506	1	13144	Agathobaculum	Agathobaculum butyriciproducens
B8_12_months	k141_25085	67159	B8_12_months__1628085_Agathobaculum_butyriciproducens__k141_25085	1	67159	Agathobaculum	Agathobaculum butyriciproducens
B8_12_months	k141_25617_phage291_6226_21430_16_0.51	15205	B8_12_months__39777_Veillonella_atypica__k141_25617	6227	21431	Veillonella	Veillonella atypica
B8_12_months	k141_2590_1_checkv_10688-45079/62452	34392	B8_12_months__1547_Erysipelatoclostridium_ramosum__k141_2590	10688	45079	Erysipelatoclostridium	Erysipelatoclostridium ramosum
B8_12_months	k141_27320_phage457_23335_38822_15_0.54	15488	B8_12_months__341225_[Clostridium]_saccharogumia__k141_27320	23336	38823	Erysipelatoclostridium	[Clostridium] saccharogumia
B8_12_months	k141_27719	42054	B8_12_months__1685_Bifidobacterium_breve__k141_27719	1	42054	Bifidobacterium	Bifidobacterium breve
B8_12_months	k141_28330_1_checkv_8554-45572/80303	37019	B8_12_months__39777_Veillonella_atypica__k141_28330	8554	45572	Veillonella	Veillonella atypica
B8_12_months	k141_28342	23600	B8_12_months__39488_Anaerobutyricum_hallii__k141_28342	1	23600	Anaerobutyricum	Anaerobutyricum hallii
B8_12_months	k141_28618_phage583_6940_19323_16_0.61	12384	B8_12_months__341225_[Clostridium]_saccharogumia__k141_28618	6941	19324	Erysipelatoclostridium	[Clostridium] saccharogumia
B8_12_months	k141_28955	29172	B8_12_months__165186_uncultured_Ruminococcus_sp.__k141_28955	1	29172	Ruminococcus	uncultured Ruminococcus sp.
B8_12_months	k141_290	11574	B8_12_months__39777_Veillonella_atypica__k141_290	1	11574	Veillonella	Veillonella atypica
B8_12_months	k141_29962	31294	B8_12_months__512314_uncultured_Roseburia_sp.__k141_29962	1	31294	Roseburia	uncultured Roseburia sp.
B8_12_months	k141_299_phage25_3_17887_13_0.69	17885	B8_12_months__341225_[Clostridium]_saccharogumia__k141_299	4	17888	Erysipelatoclostridium	[Clostridium] saccharogumia
B8_12_months	k141_3050	15369	B8_12_months__1353_Enterococcus_gallinarum__k141_3050	1	15369	Enterococcus	Enterococcus gallinarum
B8_12_months	k141_30652_phage773_549_12479_11_0.79	11931	B8_12_months__341225_[Clostridium]_saccharogumia__k141_30652	550	12480	Erysipelatoclostridium	[Clostridium] saccharogumia
B8_12_months	k141_30831_phage797_20224_33253_16_0.63	13030	B8_12_months__84112_Eggerthella_lenta__k141_30831	20225	33254	Eggerthella	Eggerthella lenta
B8_12_months	k141_32906	52651	B8_12_months__166486_Roseburia_intestinalis__k141_32906	1	52651	Roseburia	Roseburia intestinalis
B8_12_months	k141_33566_1_checkv_1-11076/106707	11076	B8_12_months__512314_uncultured_Roseburia_sp.__k141_33566	1	11076	Roseburia	uncultured Roseburia sp.
B8_12_months	k141_34287	29940	B8_12_months__84112_Eggerthella_lenta__k141_34287	1	29940	Eggerthella	Eggerthella lenta
B8_12_months	k141_34373_1_checkv_53806-89941/259621	36136	B8_12_months__29466_Veillonella_parvula__k141_34373	53806	89941	Veillonella	Veillonella parvula
B8_12_months	k141_34651_phage380_107_22088_21_0.9	21982	B8_12_months__54005_Peptoniphilus_harei__k141_34651	108	22089	Peptoniphilus	Peptoniphilus harei
B8_12_months	k141_35317_phage450_8306_31956_27_0.58	23651	B8_12_months__1547_Erysipelatoclostridium_ramosum__k141_35317	8307	31957	Erysipelatoclostridium	Erysipelatoclostridium ramosum
B8_12_months	k141_37015_phage612_5653_20846_10_0.61	15194	B8_12_months__39488_Anaerobutyricum_hallii__k141_37015	5654	20847	Anaerobutyricum	Anaerobutyricum hallii
B8_12_months	k141_37063_phage625_3_15116_15_0.57	15114	B8_12_months__1613_Limosilactobacillus_fermentum__k141_37063	4	15117	Limosilactobacillus	Limosilactobacillus fermentum
B8_12_months	k141_37231_phage634_10721_35276_18_0.58	24556	B8_12_months__341225_[Clostridium]_saccharogumia__k141_37231	10722	35277	Erysipelatoclostridium	[Clostridium] saccharogumia
B8_12_months	k141_3843_1_checkv_75476-103939/103939	28464	B8_12_months__1353_Enterococcus_gallinarum__k141_3843	75476	103939	Enterococcus	Enterococcus gallinarum
B8_12_months	k141_40458_phage92_132478_153488_20_0.58	21011	B8_12_months__1262888_Eubacterium_sp._CAG:274__k141_40458	132479	153489	Eubacterium	Eubacterium sp. CAG:274
B8_12_months	k141_45473	27906	B8_12_months__1685_Bifidobacterium_breve__k141_45473	1	27906	Bifidobacterium	Bifidobacterium breve
B8_12_months	k141_47003_1_checkv_3351-55261/59895	51911	B8_12_months__105841_Anaerostipes_caccae__k141_47003	3351	55261	Anaerostipes	Anaerostipes caccae
B8_12_months	k141_4734_1_checkv_55117-96924/138964	41808	B8_12_months__39485_Lachnospira_eligens__k141_4734	55117	96924	Lachnospira	Lachnospira eligens
B8_12_months	k141_48835	17359	B8_12_months__1150298_Fusicatenibacter_saccharivorans__k141_48835	1	17359	Fusicatenibacter	Fusicatenibacter saccharivorans
B8_12_months	k141_50978	16059	B8_12_months__39488_Anaerobutyricum_hallii__k141_50978	1	16059	Anaerobutyricum	Anaerobutyricum hallii
B8_12_months	k141_52626_1_checkv_42379-65289/65289	22911	B8_12_months__1522_[Clostridium]_innocuum__k141_52626	42379	65289	Erysipelatoclostridium	[Clostridium] innocuum
B8_12_months	k141_53951	30980	B8_12_months__1628085_Agathobaculum_butyriciproducens__k141_53951	1	30980	Agathobaculum	Agathobaculum butyriciproducens
B8_12_months	k141_55705_phage32_17752_30021_14_0.59	12270	B8_12_months__166486_Roseburia_intestinalis__k141_55705	17753	30022	Roseburia	Roseburia intestinalis
B8_12_months	k141_59098	27853	B8_12_months__29361_Tyzzerella_nexilis__k141_59098	1	27853	Tyzzerella	Tyzzerella nexilis
B8_12_months	k141_59761_phage522_61601_74442_14_0.55	12842	B8_12_months__1262888_Eubacterium_sp._CAG:274__k141_59761	61602	74443	Eubacterium	Eubacterium sp. CAG:274
B8_12_months	k141_60784_phage613_29889_41265_10_0.56	11377	B8_12_months__39488_Anaerobutyricum_hallii__k141_60784	29890	41266	Anaerobutyricum	Anaerobutyricum hallii
B8_12_months	k141_6275	39899	B8_12_months__216816_Bifidobacterium_longum__k141_6275	1	39899	Bifidobacterium	Bifidobacterium longum
B8_12_months	k141_63046	10358	B8_12_months__59620_uncultured_Clostridium_sp.__k141_63046	1	10358	Clostridium	uncultured Clostridium sp.
B8_12_months	k141_63651	27928	B8_12_months__1628085_Agathobaculum_butyriciproducens__k141_63651	1	27928	Agathobaculum	Agathobaculum butyriciproducens
B8_12_months	k141_63972_phage58_1250_30108_25_0.72	28859	B8_12_months__1588755_Parvimonas_sp._KA00067__k141_63972	1251	30109	Parvimonas	Parvimonas sp. KA00067
B8_12_months	k141_66401	14868	B8_12_months__59620_uncultured_Clostridium_sp.__k141_66401	1	14868	Clostridium	uncultured Clostridium sp.
B8_12_months	k141_66660_phage346_1400_13649_16_0.69	12250	B8_12_months__341225_[Clostridium]_saccharogumia__k141_66660	1401	13650	Erysipelatoclostridium	[Clostridium] saccharogumia
B8_12_months	k141_67283	43525	B8_12_months__1150298_Fusicatenibacter_saccharivorans__k141_67283	1	43525	Fusicatenibacter	Fusicatenibacter saccharivorans
B8_12_months	k141_6898_1_checkv_201034-244404/275416	43371	B8_12_months__1262888_Eubacterium_sp._CAG:274__k141_6898	201034	244404	Eubacterium	Eubacterium sp. CAG:274
B8_12_months	k141_69470_1_checkv_56751-83193/83193	26443	B8_12_months__54005_Peptoniphilus_harei__k141_69470	56751	83193	Peptoniphilus	Peptoniphilus harei
B8_12_months	k141_69840	16609	B8_12_months__59620_uncultured_Clostridium_sp.__k141_69840	1	16609	Clostridium	uncultured Clostridium sp.
B8_12_months	k141_70002_phage721_47146_66443_19_0.74	19298	B8_12_months__54005_Peptoniphilus_harei__k141_70002	47147	66444	Peptoniphilus	Peptoniphilus harei
B8_12_months	k141_7015	14185	B8_12_months__1150298_Fusicatenibacter_saccharivorans__k141_7015	1	14185	Fusicatenibacter	Fusicatenibacter saccharivorans
B8_12_months	k141_71088_phage806_22819_50113_24_0.57	27295	B8_12_months__341225_[Clostridium]_saccharogumia__k141_71088	22820	50114	Erysipelatoclostridium	[Clostridium] saccharogumia
B8_12_months	k141_72483_1_checkv_26897-38250/38250	11354	B8_12_months__1353_Enterococcus_gallinarum__k141_72483	26897	38250	Enterococcus	Enterococcus gallinarum
B8_12_months	k141_72631	10121	B8_12_months__1150298_Fusicatenibacter_saccharivorans__k141_72631	1	10121	Fusicatenibacter	Fusicatenibacter saccharivorans
B8_12_months	k141_73308	17133	B8_12_months__33038_[Ruminococcus]_gnavus__k141_73308	1	17133	Mediterraneibacter	[Ruminococcus] gnavus
B8_12_months	k141_73722	11316	B8_12_months__39777_Veillonella_atypica__k141_73722	1	11316	Veillonella	Veillonella atypica
B8_12_months	k141_74051	14680	B8_12_months__59620_uncultured_Clostridium_sp.__k141_74051	1	14680	Clostridium	uncultured Clostridium sp.
B8_12_months	k141_7492	16190	B8_12_months__1720194_Clostridium_sp._AT4__k141_7492	1	16190	Clostridium	Clostridium sp. AT4
B8_12_months	k141_75842_phage496_6452_30231_23_0.61	23780	B8_12_months__1262888_Eubacterium_sp._CAG:274__k141_75842	6453	30232	Eubacterium	Eubacterium sp. CAG:274
B8_12_months	k141_76803_phage606_49479_71174_23_0.53	21696	B8_12_months__29466_Veillonella_parvula__k141_76803	49480	71175	Veillonella	Veillonella parvula
B8_12_months	k141_77347	76175	B8_12_months__817_Bacteroides_fragilis__k141_77347	1	76175	Bacteroides	Bacteroides fragilis
B8_12_months	k141_78232	26547	B8_12_months__1720194_Clostridium_sp._AT4__k141_78232	1	26547	Clostridium	Clostridium sp. AT4
B8_12_months	k141_78844	69592	B8_12_months__1550024_Ruthenibacterium_lactatiformans__k141_78844	1	69592	Ruthenibacterium	Ruthenibacterium lactatiformans
B8_12_months	k141_78858_phage805_1_22478_18_0.78	22478	B8_12_months__54005_Peptoniphilus_harei__k141_78858	2	22479	Peptoniphilus	Peptoniphilus harei
B8_12_months	k141_79243_phage14_62209_87078_19_0.71	24870	B8_12_months__817_Bacteroides_fragilis__k141_79243	62210	87079	Bacteroides	Bacteroides fragilis
B8_12_months	k141_80210_phage104_56992_88111_23_0.63	31120	B8_12_months__84112_Eggerthella_lenta__k141_80210	56993	88112	Eggerthella	Eggerthella lenta
B8_12_months	k141_81657_1_checkv_5054-16427/25394	11374	B8_12_months__165186_uncultured_Ruminococcus_sp.__k141_81657	5054	16427	Ruminococcus	uncultured Ruminococcus sp.
B8_12_months	k141_82034	74597	B8_12_months__39488_Anaerobutyricum_hallii__k141_82034	1	74597	Anaerobutyricum	Anaerobutyricum hallii
B8_12_months	k141_82825_1_checkv_4856-16648/49450	11793	B8_12_months__39488_Anaerobutyricum_hallii__k141_82825	4856	16648	Anaerobutyricum	Anaerobutyricum hallii
B8_12_months	k141_82923	46673	B8_12_months__47715_Lacticaseibacillus_rhamnosus__k141_82923	1	46673	Lacticaseibacillus	Lacticaseibacillus rhamnosus
B8_12_months	k141_8336	24494	B8_12_months__39777_Veillonella_atypica__k141_8336	1	24494	Veillonella	Veillonella atypica
B8_12_months	k141_85660_1_checkv_6314-18066/18066	11753	B8_12_months__165186_uncultured_Ruminococcus_sp.__k141_85660	6314	18066	Ruminococcus	uncultured Ruminococcus sp.
B8_12_months	k141_85859	15873	B8_12_months__216816_Bifidobacterium_longum__k141_85859	1	15873	Bifidobacterium	Bifidobacterium longum
B8_12_months	k141_86199	19586	B8_12_months__59620_uncultured_Clostridium_sp.__k141_86199	1	19586	Clostridium	uncultured Clostridium sp.
B8_12_months	k141_86269_1_checkv_1-11400/50884	11400	B8_12_months__59620_uncultured_Clostridium_sp.__k141_86269	1	11400	Clostridium	uncultured Clostridium sp.
B8_12_months	k141_87434	31521	B8_12_months__1150298_Fusicatenibacter_saccharivorans__k141_87434	1	31521	Fusicatenibacter	Fusicatenibacter saccharivorans
B8_12_months	k141_876	122044	B8_12_months__1628085_Agathobaculum_butyriciproducens__k141_876	1	122044	Agathobaculum	Agathobaculum butyriciproducens
B8_12_months	k141_87994_1_checkv_99678-129145/129145	29468	B8_12_months__54005_Peptoniphilus_harei__k141_87994	99678	129145	Peptoniphilus	Peptoniphilus harei
B8_12_months	k141_88277_phage143_29056_40484_10_0.56	11429	B8_12_months__1547_Erysipelatoclostridium_ramosum__k141_88277	29057	40485	Erysipelatoclostridium	Erysipelatoclostridium ramosum
B8_12_months	k141_88351	81858	B8_12_months__1150298_Fusicatenibacter_saccharivorans__k141_88351	1	81858	Fusicatenibacter	Fusicatenibacter saccharivorans
B8_12_months	k141_88584_phage179_27686_43095_10_0.65	15410	B8_12_months__84112_Eggerthella_lenta__k141_88584	27687	43096	Eggerthella	Eggerthella lenta
B8_12_months	k141_88785_phage197_257_31142_34_0.69	30886	B8_12_months__1547_Erysipelatoclostridium_ramosum__k141_88785	258	31143	Erysipelatoclostridium	Erysipelatoclostridium ramosum
B8_12_months	k141_89049	33737	B8_12_months__1685_Bifidobacterium_breve__k141_89049	1	33737	Bifidobacterium	Bifidobacterium breve
B8_12_months	k141_89143_phage235_16608_32477_19_0.55	15870	B8_12_months__59620_uncultured_Clostridium_sp.__k141_89143	16609	32478	Clostridium	uncultured Clostridium sp.
B8_12_months	k141_91272_phage439_117_14339_15_0.88	14223	B8_12_months__341225_[Clostridium]_saccharogumia__k141_91272	118	14340	Erysipelatoclostridium	[Clostridium] saccharogumia
B8_12_months	k141_91998_phage520_26033_56622_32_0.52	30590	B8_12_months__1613_Limosilactobacillus_fermentum__k141_91998	26034	56623	Limosilactobacillus	Limosilactobacillus fermentum
B8_12_months	k141_92094	33911	B8_12_months__165186_uncultured_Ruminococcus_sp.__k141_92094	1	33911	Ruminococcus	uncultured Ruminococcus sp.
B8_12_months	k141_93071	43233	B8_12_months__1550024_Ruthenibacterium_lactatiformans__k141_93071	1	43233	Ruthenibacterium	Ruthenibacterium lactatiformans
B8_12_months	k141_93684	12324	B8_12_months__105841_Anaerostipes_caccae__k141_93684	1	12324	Anaerostipes	Anaerostipes caccae
B8_12_months	k141_9397_1_checkv_16669-27958/57285	11290	B8_12_months__47715_Lacticaseibacillus_rhamnosus__k141_9397	16669	27958	Lacticaseibacillus	Lacticaseibacillus rhamnosus
B8_12_months	k141_96056_phage98_31065_41499_14_0.62	10435	B8_12_months__165186_uncultured_Ruminococcus_sp.__k141_96056	31066	41500	Ruminococcus	uncultured Ruminococcus sp.
B8_12_months	k141_9616_phage207_2_18525_19_0.73	18523	B8_12_months__47715_Lacticaseibacillus_rhamnosus__k141_9616	3	18525	Lacticaseibacillus	Lacticaseibacillus rhamnosus
B8_12_months	k141_96985_1_checkv_42616-55092/71876	12477	B8_12_months__1262888_Eubacterium_sp._CAG:274__k141_96985	42616	55092	Eubacterium	Eubacterium sp. CAG:274
B8_12_months	k141_97298	59764	B8_12_months__105841_Anaerostipes_caccae__k141_97298	1	59764	Anaerostipes	Anaerostipes caccae
B9_12_months	k141_100421_phage724_272_19993_35_0.8	19722	B9_12_months__1628085_Agathobaculum_butyriciproducens__k141_100421	273	19994	Agathobaculum	Agathobaculum butyriciproducens
B9_12_months	k141_101653_phage863_57_11794_10_0.68	11738	B9_12_months__261299_Intestinibacter_bartlettii__k141_101653	58	11795	Intestinibacter	Intestinibacter bartlettii
B9_12_months	k141_102063	23015	B9_12_months__1628085_Agathobaculum_butyriciproducens__k141_102063	1	23015	Agathobaculum	Agathobaculum butyriciproducens
B9_12_months	k141_102400	25164	B9_12_months__1628085_Agathobaculum_butyriciproducens__k141_102400	1	25164	Agathobaculum	Agathobaculum butyriciproducens
B9_12_months	k141_102412_1_checkv_1-26120/44725	26120	B9_12_months__1689_Bifidobacterium_dentium__k141_102412	1	26120	Bifidobacterium	Bifidobacterium dentium
B9_12_months	k141_10241_1_checkv_50492-96551/197693	46060	B9_12_months__823_Parabacteroides_distasonis__k141_10241	50492	96551	Parabacteroides	Parabacteroides distasonis
B9_12_months	k141_103848_1_checkv_1-108336/111328	108336	B9_12_months__360807_Roseburia_inulinivorans__k141_103848	1	108336	Roseburia	Roseburia inulinivorans
B9_12_months	k141_104266_phage166_125145_143464_17_0.65	18320	B9_12_months__28116_Bacteroides_ovatus__k141_104266	125146	143465	Bacteroides	Bacteroides ovatus
B9_12_months	k141_104305_phage173_1_15796_10_0.71	15796	B9_12_months__261299_Intestinibacter_bartlettii__k141_104305	2	15797	Intestinibacter	Intestinibacter bartlettii
B9_12_months	k141_104625	46257	B9_12_months__84109_Slackia_exigua__k141_104625	1	46257	Slackia	Slackia exigua
B9_12_months	k141_104715	42445	B9_12_months__35833_Bilophila_wadsworthia__k141_104715	1	42445	Bilophila	Bilophila wadsworthia
B9_12_months	k141_105010	52762	B9_12_months__853_Faecalibacterium_prausnitzii__k141_105010	1	52762	Faecalibacterium	Faecalibacterium prausnitzii
B9_12_months	k141_105292	24939	B9_12_months__1598_Limosilactobacillus_reuteri__k141_105292	1	24939	Limosilactobacillus	Limosilactobacillus reuteri
B9_12_months	k141_106140	13937	B9_12_months__33038_[Ruminococcus]_gnavus__k141_106140	1	13937	Mediterraneibacter	[Ruminococcus] gnavus
B9_12_months	k141_106591	16246	B9_12_months__1598_Limosilactobacillus_reuteri__k141_106591	1	16246	Limosilactobacillus	Limosilactobacillus reuteri
B9_12_months	k141_107002_1_checkv_7168-19160/34653	11993	B9_12_months__292800_Flavonifractor_plautii__k141_107002	7168	19160	Flavonifractor	Flavonifractor plautii
B9_12_months	k141_108072	20947	B9_12_months__823_Parabacteroides_distasonis__k141_108072	1	20947	Parabacteroides	Parabacteroides distasonis
B9_12_months	k141_108781	36298	B9_12_months__1262887_Eubacterium_sp._CAG:252__k141_108781	1	36298	Eubacterium	Eubacterium sp. CAG:252
B9_12_months	k141_109861	12498	B9_12_months__1628085_Agathobaculum_butyriciproducens__k141_109861	1	12498	Agathobaculum	Agathobaculum butyriciproducens
B9_12_months	k141_112501_1_checkv_33284-75412/249322	42129	B9_12_months__35833_Bilophila_wadsworthia__k141_112501	33284	75412	Bilophila	Bilophila wadsworthia
B9_12_months	k141_112759_1_checkv_160945-197261/293483	36317	B9_12_months__28117_Alistipes_putredinis__k141_112759	160945	197261	Alistipes	Alistipes putredinis
B9_12_months	k141_112862	11540	B9_12_months__818_Bacteroides_thetaiotaomicron__k141_112862	1	11540	Bacteroides	Bacteroides thetaiotaomicron
B9_12_months	k141_113571_1_checkv_67817-79805/79805	11989	B9_12_months__28116_Bacteroides_ovatus__k141_113571	67817	79805	Bacteroides	Bacteroides ovatus
B9_12_months	k141_113860	25256	B9_12_months__1628085_Agathobaculum_butyriciproducens__k141_113860	1	25256	Agathobaculum	Agathobaculum butyriciproducens
B9_12_months	k141_11502	58258	B9_12_months__1628085_Agathobaculum_butyriciproducens__k141_11502	1	58258	Agathobaculum	Agathobaculum butyriciproducens
B9_12_months	k141_115761	21271	B9_12_months__29363_Clostridium_paraputrificum__k141_115761	1	21271	Clostridium	Clostridium paraputrificum
B9_12_months	k141_116263	22176	B9_12_months__1628085_Agathobaculum_butyriciproducens__k141_116263	1	22176	Agathobaculum	Agathobaculum butyriciproducens
B9_12_months	k141_11848_1_checkv_9011-52374/100797	43364	B9_12_months__150055_Streptococcus_lutetiensis__k141_11848	9011	52374	Streptococcus	Streptococcus lutetiensis
B9_12_months	k141_12230_phage730_25979_50518_17_0.69	24540	B9_12_months__28116_Bacteroides_ovatus__k141_12230	25980	50519	Bacteroides	Bacteroides ovatus
B9_12_months	k141_12422_phage757_12432_35560_18_0.66	23129	B9_12_months__1262887_Eubacterium_sp._CAG:252__k141_12422	12433	35561	Eubacterium	Eubacterium sp. CAG:252
B9_12_months	k141_12469_phage761_12704_39570_19_0.62	26867	B9_12_months__1160721_Ruminococcus_bicirculans__k141_12469	12705	39571	Ruminococcus	Ruminococcus bicirculans
B9_12_months	k141_12474_1_checkv_49440-66323/69761	16884	B9_12_months__292800_Flavonifractor_plautii__k141_12474	49440	66323	Flavonifractor	Flavonifractor plautii
B9_12_months	k141_12688	14995	B9_12_months__84112_Eggerthella_lenta__k141_12688	1	14995	Eggerthella	Eggerthella lenta
B9_12_months	k141_12939_phage806_34200_60977_24_0.68	26778	B9_12_months__1262887_Eubacterium_sp._CAG:252__k141_12939	34201	60978	Eubacterium	Eubacterium sp. CAG:252
B9_12_months	k141_14125	12564	B9_12_months__360807_Roseburia_inulinivorans__k141_14125	1	12564	Roseburia	Roseburia inulinivorans
B9_12_months	k141_14345	38133	B9_12_months__35833_Bilophila_wadsworthia__k141_14345	1	38133	Bilophila	Bilophila wadsworthia
B9_12_months	k141_14482	75549	B9_12_months__28117_Alistipes_putredinis__k141_14482	1	75549	Alistipes	Alistipes putredinis
B9_12_months	k141_14895_phage38_313_13392_26_0.84	13080	B9_12_months__1358_Lactococcus_lactis__k141_14895	314	13393	Lactococcus	Lactococcus lactis
B9_12_months	k141_15424	10008	B9_12_months__411490_Anaerostipes_caccae__k141_15424	1	10008	Anaerostipes	Anaerostipes caccae
B9_12_months	k141_15515_phage103_4879_14935_10_0.59	10057	B9_12_months__1160721_Ruminococcus_bicirculans__k141_15515	4880	14936	Ruminococcus	Ruminococcus bicirculans
B9_12_months	k141_15658	51650	B9_12_months__1628085_Agathobaculum_butyriciproducens__k141_15658	1	51650	Agathobaculum	Agathobaculum butyriciproducens
B9_12_months	k141_16583	10869	B9_12_months__39777_Veillonella_atypica__k141_16583	1	10869	Veillonella	Veillonella atypica
B9_12_months	k141_16664	21438	B9_12_months__1628085_Agathobaculum_butyriciproducens__k141_16664	1	21438	Agathobaculum	Agathobaculum butyriciproducens
B9_12_months	k141_16939_phage451_3_18798_24_0.56	18795	B9_12_months__1160721_Ruminococcus_bicirculans__k141_16939	4	18798	Ruminococcus	Ruminococcus bicirculans
B9_12_months	k141_17079	18137	B9_12_months__360807_Roseburia_inulinivorans__k141_17079	1	18137	Roseburia	Roseburia inulinivorans
B9_12_months	k141_17331	24528	B9_12_months__1550024_Ruthenibacterium_lactatiformans__k141_17331	1	24528	Ruthenibacterium	Ruthenibacterium lactatiformans
B9_12_months	k141_1752_1_checkv_1-21536/32844	21536	B9_12_months__29361_Tyzzerella_nexilis__k141_1752	1	21536	Tyzzerella	Tyzzerella nexilis
B9_12_months	k141_18050	20643	B9_12_months__649756_Anaerostipes_hadrus__k141_18050	1	20643	Anaerostipes	Anaerostipes hadrus
B9_12_months	k141_18155_1_checkv_1-25189/41098	25189	B9_12_months__39950_Dialister_pneumosintes__k141_18155	1	25189	Dialister	Dialister pneumosintes
B9_12_months	k141_1905_phage295_21989_45773_18_0.57	23785	B9_12_months__2107999_Lactobacillus_paragasseri__k141_1905	21990	45774	Lactobacillus	Lactobacillus paragasseri
B9_12_months	k141_19275_1_checkv_78950-110339/154534	31390	B9_12_months__292800_Flavonifractor_plautii__k141_19275	78950	110339	Flavonifractor	Flavonifractor plautii
B9_12_months	k141_19354_1_checkv_222594-274848/288582	52255	B9_12_months__28117_Alistipes_putredinis__k141_19354	222594	274848	Alistipes	Alistipes putredinis
B9_12_months	k141_1990	30148	B9_12_months__823_Parabacteroides_distasonis__k141_1990	1	30148	Parabacteroides	Parabacteroides distasonis
B9_12_months	k141_20000	86276	B9_12_months__853_Faecalibacterium_prausnitzii__k141_20000	1	86276	Faecalibacterium	Faecalibacterium prausnitzii
B9_12_months	k141_20024_phage907_89749_112643_21_0.59	22895	B9_12_months__818_Bacteroides_thetaiotaomicron__k141_20024	89750	112644	Bacteroides	Bacteroides thetaiotaomicron
B9_12_months	k141_21421_1_checkv_64116-108651/148613	44536	B9_12_months__2107999_Lactobacillus_paragasseri__k141_21421	64116	108651	Lactobacillus	Lactobacillus paragasseri
B9_12_months	k141_2170	27069	B9_12_months__1550024_Ruthenibacterium_lactatiformans__k141_2170	1	27069	Ruthenibacterium	Ruthenibacterium lactatiformans
B9_12_months	k141_21753	11553	B9_12_months__1632_Limosilactobacillus_oris__k141_21753	1	11553	Limosilactobacillus	Limosilactobacillus oris
B9_12_months	k141_21758	18851	B9_12_months__165185_uncultured_Eubacterium_sp.__k141_21758	1	18851	Eubacterium	uncultured Eubacterium sp.
B9_12_months	k141_22487	29474	B9_12_months__1262887_Eubacterium_sp._CAG:252__k141_22487	1	29474	Eubacterium	Eubacterium sp. CAG:252
B9_12_months	k141_22494	51532	B9_12_months__649756_Anaerostipes_hadrus__k141_22494	1	51532	Anaerostipes	Anaerostipes hadrus
B9_12_months	k141_22850	26279	B9_12_months__292800_Flavonifractor_plautii__k141_22850	1	26279	Flavonifractor	Flavonifractor plautii
B9_12_months	k141_23243	16450	B9_12_months__1653434_Sellimonas_intestinalis__k141_23243	1	16450	Sellimonas	Sellimonas intestinalis
B9_12_months	k141_2477_phage425_12162_25869_12_0.6	13708	B9_12_months__2107999_Lactobacillus_paragasseri__k141_2477	12163	25870	Lactobacillus	Lactobacillus paragasseri
B9_12_months	k141_26809	18600	B9_12_months__84112_Eggerthella_lenta__k141_26809	1	18600	Eggerthella	Eggerthella lenta
B9_12_months	k141_27302_phage845_35608_48795_10_0.6	13188	B9_12_months__84109_Slackia_exigua__k141_27302	35609	48796	Slackia	Slackia exigua
B9_12_months	k141_28415_phage1021_1_16060_25_0.78	16060	B9_12_months__818_Bacteroides_thetaiotaomicron__k141_28415	2	16061	Bacteroides	Bacteroides thetaiotaomicron
B9_12_months	k141_28510	12164	B9_12_months__1308_Streptococcus_thermophilus__k141_28510	1	12164	Streptococcus	Streptococcus thermophilus
B9_12_months	k141_29913	17118	B9_12_months__29363_Clostridium_paraputrificum__k141_29913	1	17118	Clostridium	Clostridium paraputrificum
B9_12_months	k141_30555	46040	B9_12_months__28116_Bacteroides_ovatus__k141_30555	1	46040	Bacteroides	Bacteroides ovatus
B9_12_months	k141_30635	29120	B9_12_months__28116_Bacteroides_ovatus__k141_30635	1	29120	Bacteroides	Bacteroides ovatus
B9_12_months	k141_30797_1_checkv_5508-139030/139030	133523	B9_12_months__165185_uncultured_Eubacterium_sp.__k141_30797	5508	139030	Eubacterium	uncultured Eubacterium sp.
B9_12_months	k141_30882	18848	B9_12_months__1653434_Sellimonas_intestinalis__k141_30882	1	18848	Sellimonas	Sellimonas intestinalis
B9_12_months	k141_33148	10748	B9_12_months__1628085_Agathobaculum_butyriciproducens__k141_33148	1	10748	Agathobaculum	Agathobaculum butyriciproducens
B9_12_months	k141_33904_phage635_2_33052_35_0.74	33051	B9_12_months__39778_Veillonella_dispar__k141_33904	3	33053	Veillonella	Veillonella dispar
B9_12_months	k141_34169	42931	B9_12_months__1628085_Agathobaculum_butyriciproducens__k141_34169	1	42931	Agathobaculum	Agathobaculum butyriciproducens
B9_12_months	k141_34437_1_checkv_12075-41040/41040	28966	B9_12_months__360807_Roseburia_inulinivorans__k141_34437	12075	41040	Roseburia	Roseburia inulinivorans
B9_12_months	k141_35128	10261	B9_12_months__2292372_Ruminococcus_sp._AM42-11__k141_35128	1	10261	Ruminococcus	Ruminococcus sp. AM42-11
B9_12_months	k141_35441	20087	B9_12_months__818_Bacteroides_thetaiotaomicron__k141_35441	1	20087	Bacteroides	Bacteroides thetaiotaomicron
B9_12_months	k141_35716	122157	B9_12_months__823_Parabacteroides_distasonis__k141_35716	1	122157	Parabacteroides	Parabacteroides distasonis
B9_12_months	k141_35776_phage900_1_17247_17_0.74	17247	B9_12_months__261299_Intestinibacter_bartlettii__k141_35776	2	17248	Intestinibacter	Intestinibacter bartlettii
B9_12_months	k141_35872	68486	B9_12_months__1628085_Agathobaculum_butyriciproducens__k141_35872	1	68486	Agathobaculum	Agathobaculum butyriciproducens
B9_12_months	k141_35987	33942	B9_12_months__1628085_Agathobaculum_butyriciproducens__k141_35987	1	33942	Agathobaculum	Agathobaculum butyriciproducens
B9_12_months	k141_36364_1_checkv_108069-169034/169034	60966	B9_12_months__28116_Bacteroides_ovatus__k141_36364	108069	169034	Bacteroides	Bacteroides ovatus
B9_12_months	k141_36587	22054	B9_12_months__1358_Lactococcus_lactis__k141_36587	1	22054	Lactococcus	Lactococcus lactis
B9_12_months	k141_36686_phage1003_2_21630_20_0.7	21629	B9_12_months__1358_Lactococcus_lactis__k141_36686	3	21631	Lactococcus	Lactococcus lactis
B9_12_months	k141_36981_phage18_67_10719_22_0.8	10653	B9_12_months__1598_Limosilactobacillus_reuteri__k141_36981	68	10720	Limosilactobacillus	Limosilactobacillus reuteri
B9_12_months	k141_37190	19579	B9_12_months__446660_Adlercreutzia_equolifaciens__k141_37190	1	19579	Adlercreutzia	Adlercreutzia equolifaciens
B9_12_months	k141_38814	34131	B9_12_months__84112_Eggerthella_lenta__k141_38814	1	34131	Eggerthella	Eggerthella lenta
B9_12_months	k141_39150_phage332_1_11655_12_0.68	11655	B9_12_months__28116_Bacteroides_ovatus__k141_39150	2	11656	Bacteroides	Bacteroides ovatus
B9_12_months	k141_39633	25766	B9_12_months__1598_Limosilactobacillus_reuteri__k141_39633	1	25766	Limosilactobacillus	Limosilactobacillus reuteri
B9_12_months	k141_40094	16329	B9_12_months__84031_Clostridium_sartagoforme__k141_40094	1	16329	Clostridium	Clostridium sartagoforme
B9_12_months	k141_40344_phage511_89683_100245_23_0.6	10563	B9_12_months__35833_Bilophila_wadsworthia__k141_40344	89684	100246	Bilophila	Bilophila wadsworthia
B9_12_months	k141_42099	30139	B9_12_months__823_Parabacteroides_distasonis__k141_42099	1	30139	Parabacteroides	Parabacteroides distasonis
B9_12_months	k141_42176_phage774_1_27485_23_0.82	27485	B9_12_months__446660_Adlercreutzia_equolifaciens__k141_42176	2	27486	Adlercreutzia	Adlercreutzia equolifaciens
B9_12_months	k141_43082	14116	B9_12_months__261299_Intestinibacter_bartlettii__k141_43082	1	14116	Intestinibacter	Intestinibacter bartlettii
B9_12_months	k141_43417	21103	B9_12_months__1598_Limosilactobacillus_reuteri__k141_43417	1	21103	Limosilactobacillus	Limosilactobacillus reuteri
B9_12_months	k141_44779_phage57_367_15417_32_0.72	15051	B9_12_months__1598_Limosilactobacillus_reuteri__k141_44779	368	15418	Limosilactobacillus	Limosilactobacillus reuteri
B9_12_months	k141_44920	36188	B9_12_months__360807_Roseburia_inulinivorans__k141_44920	1	36188	Roseburia	Roseburia inulinivorans
B9_12_months	k141_45427_phage154_125706_139414_17_0.68	13709	B9_12_months__1689_Bifidobacterium_dentium__k141_45427	125707	139415	Bifidobacterium	Bifidobacterium dentium
B9_12_months	k141_45537	26995	B9_12_months__35833_Bilophila_wadsworthia__k141_45537	1	26995	Bilophila	Bilophila wadsworthia
B9_12_months	k141_45862_phage198_5067_18464_13_0.63	13398	B9_12_months__261299_Intestinibacter_bartlettii__k141_45862	5068	18465	Intestinibacter	Intestinibacter bartlettii
B9_12_months	k141_46823_1_checkv_23445-37873/55052	14429	B9_12_months__35833_Bilophila_wadsworthia__k141_46823	23445	37873	Bilophila	Bilophila wadsworthia
B9_12_months	k141_48342_phage641_152553_169158_15_0.65	16606	B9_12_months__84112_Eggerthella_lenta__k141_48342	152554	169159	Eggerthella	Eggerthella lenta
B9_12_months	k141_49952_phage850_2_10691_17_0.55	10690	B9_12_months__47715_Lacticaseibacillus_rhamnosus__k141_49952	3	10692	Lacticaseibacillus	Lacticaseibacillus rhamnosus
B9_12_months	k141_50459	10877	B9_12_months__35833_Bilophila_wadsworthia__k141_50459	1	10877	Bilophila	Bilophila wadsworthia
B9_12_months	k141_51619_1_checkv_3430-47538/47538	44109	B9_12_months__1689_Bifidobacterium_dentium__k141_51619	3430	47538	Bifidobacterium	Bifidobacterium dentium
B9_12_months	k141_52096_phage73_46205_69028_24_0.65	22824	B9_12_months__28117_Alistipes_putredinis__k141_52096	46206	69029	Alistipes	Alistipes putredinis
B9_12_months	k141_52177_1_checkv_1-28921/44535	28921	B9_12_months__1628085_Agathobaculum_butyriciproducens__k141_52177	1	28921	Agathobaculum	Agathobaculum butyriciproducens
B9_12_months	k141_5228	10456	B9_12_months__39778_Veillonella_dispar__k141_5228	1	10456	Veillonella	Veillonella dispar
B9_12_months	k141_52673	57420	B9_12_months__1628085_Agathobaculum_butyriciproducens__k141_52673	1	57420	Agathobaculum	Agathobaculum butyriciproducens
B9_12_months	k141_5329_1_checkv_103463-114769/114769	11307	B9_12_months__1653434_Sellimonas_intestinalis__k141_5329	103463	114769	Sellimonas	Sellimonas intestinalis
B9_12_months	k141_53885	11647	B9_12_months__39777_Veillonella_atypica__k141_53885	1	11647	Veillonella	Veillonella atypica
B9_12_months	k141_540_phage51_408_37384_61_0.8	36976	B9_12_months__39778_Veillonella_dispar__k141_540	409	37384	Veillonella	Veillonella dispar
B9_12_months	k141_54347	56398	B9_12_months__1522_[Clostridium]_innocuum__k141_54347	1	56398	Erysipelatoclostridium	[Clostridium] innocuum
B9_12_months	k141_5454_phage866_5951_19022_17_0.68	13071	B9_12_months__1160721_Ruminococcus_bicirculans__k141_5454	5952	19022	Ruminococcus	Ruminococcus bicirculans
B9_12_months	k141_54646	10070	B9_12_months__261299_Intestinibacter_bartlettii__k141_54646	1	10070	Intestinibacter	Intestinibacter bartlettii
B9_12_months	k141_54688	22863	B9_12_months__1522_[Clostridium]_innocuum__k141_54688	1	22863	Erysipelatoclostridium	[Clostridium] innocuum
B9_12_months	k141_5554_phage873_1_10625_15_0.79	10625	B9_12_months__150055_Streptococcus_lutetiensis__k141_5554	2	10626	Streptococcus	Streptococcus lutetiensis
B9_12_months	k141_55815	10547	B9_12_months__818_Bacteroides_thetaiotaomicron__k141_55815	1	10547	Bacteroides	Bacteroides thetaiotaomicron
B9_12_months	k141_56364	57996	B9_12_months__818_Bacteroides_thetaiotaomicron__k141_56364	1	57996	Bacteroides	Bacteroides thetaiotaomicron
B9_12_months	k141_5709_phage905_40810_54666_17_0.55	13857	B9_12_months__150055_Streptococcus_lutetiensis__k141_5709	40811	54667	Streptococcus	Streptococcus lutetiensis
B9_12_months	k141_57204_1_checkv_1-37735/59543	37735	B9_12_months__1550024_Ruthenibacterium_lactatiformans__k141_57204	1	37735	Ruthenibacterium	Ruthenibacterium lactatiformans
B9_12_months	k141_57319_phage879_10600_27961_17_0.55	17362	B9_12_months__418240_Blautia_wexlerae__k141_57319	10601	27962	Blautia	Blautia wexlerae
B9_12_months	k141_57690	37401	B9_12_months__823_Parabacteroides_distasonis__k141_57690	1	37401	Parabacteroides	Parabacteroides distasonis
B9_12_months	k141_60132_phage149_56893_73621_15_0.72	16729	B9_12_months__1262887_Eubacterium_sp._CAG:252__k141_60132	56894	73622	Eubacterium	Eubacterium sp. CAG:252
B9_12_months	k141_60239	28540	B9_12_months__1358_Lactococcus_lactis__k141_60239	1	28540	Lactococcus	Lactococcus lactis
B9_12_months	k141_60963	22074	B9_12_months__360807_Roseburia_inulinivorans__k141_60963	1	22074	Roseburia	Roseburia inulinivorans
B9_12_months	k141_64325_phage797_1449_13238_10_0.54	11789	B9_12_months__1598_Limosilactobacillus_reuteri__k141_64325	1450	13238	Limosilactobacillus	Limosilactobacillus reuteri
B9_12_months	k141_64509	12215	B9_12_months__1262887_Eubacterium_sp._CAG:252__k141_64509	1	12215	Eubacterium	Eubacterium sp. CAG:252
B9_12_months	k141_64974_phage862_19719_42470_16_0.59	22752	B9_12_months__1262887_Eubacterium_sp._CAG:252__k141_64974	19720	42471	Eubacterium	Eubacterium sp. CAG:252
B9_12_months	k141_66030	14431	B9_12_months__2292372_Ruminococcus_sp._AM42-11__k141_66030	1	14431	Ruminococcus	Ruminococcus sp. AM42-11
B9_12_months	k141_66556	40551	B9_12_months__33038_[Ruminococcus]_gnavus__k141_66556	1	40551	Mediterraneibacter	[Ruminococcus] gnavus
B9_12_months	k141_6676	24588	B9_12_months__1550024_Ruthenibacterium_lactatiformans__k141_6676	1	24588	Ruthenibacterium	Ruthenibacterium lactatiformans
B9_12_months	k141_68271_phage249_3_16603_24_0.92	16601	B9_12_months__261299_Intestinibacter_bartlettii__k141_68271	4	16604	Intestinibacter	Intestinibacter bartlettii
B9_12_months	k141_68373_phage293_1_17359_14_0.67	17359	B9_12_months__261299_Intestinibacter_bartlettii__k141_68373	2	17360	Intestinibacter	Intestinibacter bartlettii
B9_12_months	k141_6883	12912	B9_12_months__853_Faecalibacterium_prausnitzii__k141_6883	1	12912	Faecalibacterium	Faecalibacterium prausnitzii
B9_12_months	k141_69599_phage495_53992_68008_10_0.66	14017	B9_12_months__2107999_Lactobacillus_paragasseri__k141_69599	53993	68009	Lactobacillus	Lactobacillus paragasseri
B9_12_months	k141_71446	41084	B9_12_months__29363_Clostridium_paraputrificum__k141_71446	1	41084	Clostridium	Clostridium paraputrificum
B9_12_months	k141_71945_1_checkv_1-40434/50948	40434	B9_12_months__28116_Bacteroides_ovatus__k141_71945	1	40434	Bacteroides	Bacteroides ovatus
B9_12_months	k141_72013	11653	B9_12_months__261299_Intestinibacter_bartlettii__k141_72013	1	11653	Intestinibacter	Intestinibacter bartlettii
B9_12_months	k141_72658	26636	B9_12_months__292800_Flavonifractor_plautii__k141_72658	1	26636	Flavonifractor	Flavonifractor plautii
B9_12_months	k141_74523	11581	B9_12_months__1598_Limosilactobacillus_reuteri__k141_74523	1	11581	Limosilactobacillus	Limosilactobacillus reuteri
B9_12_months	k141_7793_phage59_13550_36130_23_0.61	22581	B9_12_months__84112_Eggerthella_lenta__k141_7793	13551	36131	Eggerthella	Eggerthella lenta
B9_12_months	k141_7793_phage60_38845_58956_22_0.6	20112	B9_12_months__84112_Eggerthella_lenta__k141_7793	38846	58957	Eggerthella	Eggerthella lenta
B9_12_months	k141_78150	21050	B9_12_months__84112_Eggerthella_lenta__k141_78150	1	21050	Eggerthella	Eggerthella lenta
B9_12_months	k141_78852	37479	B9_12_months__360807_Roseburia_inulinivorans__k141_78852	1	37479	Roseburia	Roseburia inulinivorans
B9_12_months	k141_79545	10962	B9_12_months__1308_Streptococcus_thermophilus__k141_79545	1	10962	Streptococcus	Streptococcus thermophilus
B9_12_months	k141_7999_phage118_14477_30166_20_0.6	15690	B9_12_months__35833_Bilophila_wadsworthia__k141_7999	14478	30167	Bilophila	Bilophila wadsworthia
B9_12_months	k141_800	19985	B9_12_months__1632_Limosilactobacillus_oris__k141_800	1	19985	Limosilactobacillus	Limosilactobacillus oris
B9_12_months	k141_80108_phage816_635_12508_12_0.57	11874	B9_12_months__360807_Roseburia_inulinivorans__k141_80108	636	12509	Roseburia	Roseburia inulinivorans
B9_12_months	k141_8026_phage121_138_17090_17_0.74	16953	B9_12_months__47715_Lacticaseibacillus_rhamnosus__k141_8026	139	17091	Lacticaseibacillus	Lacticaseibacillus rhamnosus
B9_12_months	k141_80312	29968	B9_12_months__853_Faecalibacterium_prausnitzii__k141_80312	1	29968	Faecalibacterium	Faecalibacterium prausnitzii
B9_12_months	k141_80889	23444	B9_12_months__165185_uncultured_Eubacterium_sp.__k141_80889	1	23444	Eubacterium	uncultured Eubacterium sp.
B9_12_months	k141_80905_1_checkv_23085-86850/140894	63766	B9_12_months__1628085_Agathobaculum_butyriciproducens__k141_80905	23085	86850	Agathobaculum	Agathobaculum butyriciproducens
B9_12_months	k141_81009	26412	B9_12_months__1550024_Ruthenibacterium_lactatiformans__k141_81009	1	26412	Ruthenibacterium	Ruthenibacterium lactatiformans
B9_12_months	k141_81137	19304	B9_12_months__418240_Blautia_wexlerae__k141_81137	1	19304	Blautia	Blautia wexlerae
B9_12_months	k141_81816_phage107_1_16117_20_0.71	16117	B9_12_months__261299_Intestinibacter_bartlettii__k141_81816	2	16118	Intestinibacter	Intestinibacter bartlettii
B9_12_months	k141_82673	18243	B9_12_months__1628085_Agathobaculum_butyriciproducens__k141_82673	1	18243	Agathobaculum	Agathobaculum butyriciproducens
B9_12_months	k141_82772	10213	B9_12_months__39777_Veillonella_atypica__k141_82772	1	10213	Veillonella	Veillonella atypica
B9_12_months	k141_8368_1_checkv_4221-21797/48733	17577	B9_12_months__853_Faecalibacterium_prausnitzii__k141_8368	4221	21797	Faecalibacterium	Faecalibacterium prausnitzii
B9_12_months	k141_8535	12864	B9_12_months__446660_Adlercreutzia_equolifaciens__k141_8535	1	12864	Adlercreutzia	Adlercreutzia equolifaciens
B9_12_months	k141_8596_1_checkv_68694-93439/93439	24746	B9_12_months__292800_Flavonifractor_plautii__k141_8596	68694	93439	Flavonifractor	Flavonifractor plautii
B9_12_months	k141_86081_1_checkv_1-35325/57002	35325	B9_12_months__1632_Limosilactobacillus_oris__k141_86081	1	35325	Limosilactobacillus	Limosilactobacillus oris
B9_12_months	k141_86458_1_checkv_79944-98171/98171	18228	B9_12_months__35833_Bilophila_wadsworthia__k141_86458	79944	98171	Bilophila	Bilophila wadsworthia
B9_12_months	k141_86506	25681	B9_12_months__1628085_Agathobaculum_butyriciproducens__k141_86506	1	25681	Agathobaculum	Agathobaculum butyriciproducens
B9_12_months	k141_86974_phage864_19582_40014_16_0.75	20433	B9_12_months__1522_[Clostridium]_innocuum__k141_86974	19583	40015	Erysipelatoclostridium	[Clostridium] innocuum
B9_12_months	k141_87195	20484	B9_12_months__165185_uncultured_Eubacterium_sp.__k141_87195	1	20484	Eubacterium	uncultured Eubacterium sp.
B9_12_months	k141_8809	12750	B9_12_months__33038_[Ruminococcus]_gnavus__k141_8809	1	12750	Mediterraneibacter	[Ruminococcus] gnavus
B9_12_months	k141_88168	68093	B9_12_months__28116_Bacteroides_ovatus__k141_88168	1	68093	Bacteroides	Bacteroides ovatus
B9_12_months	k141_8863_phage234_45915_62111_18_0.64	16197	B9_12_months__39950_Dialister_pneumosintes__k141_8863	45916	62112	Dialister	Dialister pneumosintes
B9_12_months	k141_89570	65378	B9_12_months__360807_Roseburia_inulinivorans__k141_89570	1	65378	Roseburia	Roseburia inulinivorans
B9_12_months	k141_89803_1_checkv_24071-47382/47382	23312	B9_12_months__1628085_Agathobaculum_butyriciproducens__k141_89803	24071	47382	Agathobaculum	Agathobaculum butyriciproducens
B9_12_months	k141_90069_phage189_99597_119450_15_0.51	19854	B9_12_months__1262887_Eubacterium_sp._CAG:252__k141_90069	99598	119451	Eubacterium	Eubacterium sp. CAG:252
B9_12_months	k141_90069_phage190_122616_134496_13_0.58	11881	B9_12_months__1262887_Eubacterium_sp._CAG:252__k141_90069	122617	134497	Eubacterium	Eubacterium sp. CAG:252
B9_12_months	k141_90296_phage218_3_15581_14_0.86	15579	B9_12_months__261299_Intestinibacter_bartlettii__k141_90296	4	15582	Intestinibacter	Intestinibacter bartlettii
B9_12_months	k141_91113_1_checkv_180854-205448/205448	24595	B9_12_months__823_Parabacteroides_distasonis__k141_91113	180854	205448	Parabacteroides	Parabacteroides distasonis
B9_12_months	k141_91252_phage348_8113_22491_12_0.55	14379	B9_12_months__1262887_Eubacterium_sp._CAG:252__k141_91252	8114	22492	Eubacterium	Eubacterium sp. CAG:252
B9_12_months	k141_92060	10689	B9_12_months__1262887_Eubacterium_sp._CAG:252__k141_92060	1	10689	Eubacterium	Eubacterium sp. CAG:252
B9_12_months	k141_92494_phage528_1_15838_31_0.9	15838	B9_12_months__29363_Clostridium_paraputrificum__k141_92494	2	15839	Clostridium	Clostridium paraputrificum
B9_12_months	k141_92649	14074	B9_12_months__84031_Clostridium_sartagoforme__k141_92649	1	14074	Clostridium	Clostridium sartagoforme
B9_12_months	k141_93648_phage674_9116_23138_12_0.63	14022	B9_12_months__1160721_Ruminococcus_bicirculans__k141_93648	9117	23138	Ruminococcus	Ruminococcus bicirculans
B9_12_months	k141_93719	25593	B9_12_months__418240_Blautia_wexlerae__k141_93719	1	25593	Blautia	Blautia wexlerae
B9_12_months	k141_93880	63636	B9_12_months__1550024_Ruthenibacterium_lactatiformans__k141_93880	1	63636	Ruthenibacterium	Ruthenibacterium lactatiformans
B9_12_months	k141_94194	15682	B9_12_months__1598_Limosilactobacillus_reuteri__k141_94194	1	15682	Limosilactobacillus	Limosilactobacillus reuteri
B9_12_months	k141_94714	14265	B9_12_months__261299_Intestinibacter_bartlettii__k141_94714	1	14265	Intestinibacter	Intestinibacter bartlettii
B9_12_months	k141_95202_phage893_1_25214_25_0.74	25214	B9_12_months__261299_Intestinibacter_bartlettii__k141_95202	2	25215	Intestinibacter	Intestinibacter bartlettii
B9_12_months	k141_95815	59539	B9_12_months__823_Parabacteroides_distasonis__k141_95815	1	59539	Parabacteroides	Parabacteroides distasonis
B9_12_months	k141_9587_phage322_7687_18310_10_0.7	10624	B9_12_months__261299_Intestinibacter_bartlettii__k141_9587	7688	18311	Intestinibacter	Intestinibacter bartlettii
B9_12_months	k141_96346	11233	B9_12_months__29363_Clostridium_paraputrificum__k141_96346	1	11233	Clostridium	Clostridium paraputrificum
B9_12_months	k141_96765	11005	B9_12_months__29363_Clostridium_paraputrificum__k141_96765	1	11005	Clostridium	Clostridium paraputrificum
B9_12_months	k141_97800_1_checkv_18190-33340/33340	15151	B9_12_months__1689_Bifidobacterium_dentium__k141_97800	18190	33340	Bifidobacterium	Bifidobacterium dentium
B9_12_months	k141_98224	10242	B9_12_months__35833_Bilophila_wadsworthia__k141_98224	1	10242	Bilophila	Bilophila wadsworthia
B9_12_months	k141_9901	12079	B9_12_months__39777_Veillonella_atypica__k141_9901	1	12079	Veillonella	Veillonella atypica
B9_12_months	k141_99615	16530	B9_12_months__33038_[Ruminococcus]_gnavus__k141_99615	1	16530	Mediterraneibacter	[Ruminococcus] gnavus
B9_12_months	k141_99687	21695	B9_12_months__1653434_Sellimonas_intestinalis__k141_99687	1	21695	Sellimonas	Sellimonas intestinalis
B9_6_months	k141_10093_phage15_18601_29981_12_0.58	11381	B9_6_months__823_Parabacteroides_distasonis__k141_10093	18602	29982	Parabacteroides	Parabacteroides distasonis
B9_6_months	k141_10319_1_checkv_26602-58953/58953	32352	B9_6_months__216816_Bifidobacterium_longum__k141_10319	26602	58953	Bifidobacterium	Bifidobacterium longum
B9_6_months	k141_10319_phage59_15195_45996_46_0.65	30802	B9_6_months__216816_Bifidobacterium_longum__k141_10319	15196	45997	Bifidobacterium	Bifidobacterium longum
B9_6_months	k141_10744_1_checkv_15524-26377/26377	10854	B9_6_months__68891_Streptococcus_peroris__k141_10744	15524	26377	Streptococcus	Streptococcus peroris
B9_6_months	k141_10979	27595	B9_6_months__105841_Anaerostipes_caccae__k141_10979	1	27595	Anaerostipes	Anaerostipes caccae
B9_6_months	k141_10987_phage157_7509_31120_20_0.83	23612	B9_6_months__54005_Peptoniphilus_harei__k141_10987	7510	31121	Peptoniphilus	Peptoniphilus harei
B9_6_months	k141_11086_phage194_9234_33438_30_0.63	24205	B9_6_months__1351_Enterococcus_faecalis__k141_11086	9235	33439	Enterococcus	Enterococcus faecalis
B9_6_months	k141_11473	10046	B9_6_months__39777_Veillonella_atypica__k141_11473	1	10046	Veillonella	Veillonella atypica
B9_6_months	k141_12185_phage469_223_34572_33_0.73	34350	B9_6_months__1547_Erysipelatoclostridium_ramosum__k141_12185	224	34573	Erysipelatoclostridium	Erysipelatoclostridium ramosum
B9_6_months	k141_1237	42537	B9_6_months__249061_uncultured_Actinomyces_sp.__k141_1237	1	42537	Actinomyces	uncultured Actinomyces sp.
B9_6_months	k141_13028_phage120_348_13324_17_0.65	12977	B9_6_months__1547_Erysipelatoclostridium_ramosum__k141_13028	349	13325	Erysipelatoclostridium	Erysipelatoclostridium ramosum
B9_6_months	k141_14191_phage400_54842_67211_13_0.68	12370	B9_6_months__1547_Erysipelatoclostridium_ramosum__k141_14191	54843	67212	Erysipelatoclostridium	Erysipelatoclostridium ramosum
B9_6_months	k141_14485	12983	B9_6_months__39777_Veillonella_atypica__k141_14485	1	12983	Veillonella	Veillonella atypica
B9_6_months	k141_14723	22087	B9_6_months__818_Bacteroides_thetaiotaomicron__k141_14723	1	22087	Bacteroides	Bacteroides thetaiotaomicron
B9_6_months	k141_15776_phage115_14913_36131_21_0.63	21219	B9_6_months__84112_Eggerthella_lenta__k141_15776	14914	36132	Eggerthella	Eggerthella lenta
B9_6_months	k141_15776_phage116_38847_55877_19_0.54	17031	B9_6_months__84112_Eggerthella_lenta__k141_15776	38848	55878	Eggerthella	Eggerthella lenta
B9_6_months	k141_15902_phage133_20683_33160_17_0.58	12478	B9_6_months__1351_Enterococcus_faecalis__k141_15902	20684	33161	Enterococcus	Enterococcus faecalis
B9_6_months	k141_16734_phage321_18298_58495_42_0.7	40198	B9_6_months__1547_Erysipelatoclostridium_ramosum__k141_16734	18299	58496	Erysipelatoclostridium	Erysipelatoclostridium ramosum
B9_6_months	k141_16785_phage323_2_15893_29_0.71	15892	B9_6_months__1351_Enterococcus_faecalis__k141_16785	3	15894	Enterococcus	Enterococcus faecalis
B9_6_months	k141_17569_phage8_1_16567_13_0.84	16567	B9_6_months__54005_Peptoniphilus_harei__k141_17569	2	16568	Peptoniphilus	Peptoniphilus harei
B9_6_months	k141_18473_1_checkv_151285-182957/182957	31673	B9_6_months__823_Parabacteroides_distasonis__k141_18473	151285	182957	Parabacteroides	Parabacteroides distasonis
B9_6_months	k141_20076	26715	B9_6_months__249061_uncultured_Actinomyces_sp.__k141_20076	1	26715	Actinomyces	uncultured Actinomyces sp.
B9_6_months	k141_20813_phage138_2_12482_17_0.58	12481	B9_6_months__216816_Bifidobacterium_longum__k141_20813	3	12483	Bifidobacterium	Bifidobacterium longum
B9_6_months	k141_21320_phage254_88778_105383_15_0.61	16606	B9_6_months__84112_Eggerthella_lenta__k141_21320	88779	105384	Eggerthella	Eggerthella lenta
B9_6_months	k141_2134_phage263_36995_56557_46_0.64	19563	B9_6_months__216816_Bifidobacterium_longum__k141_2134	36996	56558	Bifidobacterium	Bifidobacterium longum
B9_6_months	k141_21467_1_checkv_78603-119117/342935	40515	B9_6_months__292800_Flavonifractor_plautii__k141_21467	78603	119117	Flavonifractor	Flavonifractor plautii
B9_6_months	k141_21928_1_checkv_48033-75602/95345	27570	B9_6_months__292800_Flavonifractor_plautii__k141_21928	48033	75602	Flavonifractor	Flavonifractor plautii
B9_6_months	k141_23180	23788	B9_6_months__35833_Bilophila_wadsworthia__k141_23180	1	23788	Bilophila	Bilophila wadsworthia
B9_6_months	k141_23189_phage119_154_21747_19_0.71	21594	B9_6_months__54005_Peptoniphilus_harei__k141_23189	155	21748	Peptoniphilus	Peptoniphilus harei
B9_6_months	k141_24866	10925	B9_6_months__68891_Streptococcus_peroris__k141_24866	1	10925	Streptococcus	Streptococcus peroris
B9_6_months	k141_2661	14892	B9_6_months__823_Parabacteroides_distasonis__k141_2661	1	14892	Parabacteroides	Parabacteroides distasonis
B9_6_months	k141_27011_1_checkv_1-37323/46563	37323	B9_6_months__39777_Veillonella_atypica__k141_27011	1	37323	Veillonella	Veillonella atypica
B9_6_months	k141_27063_1_checkv_15036-30968/71668	15933	B9_6_months__249061_uncultured_Actinomyces_sp.__k141_27063	15036	30968	Actinomyces	uncultured Actinomyces sp.
B9_6_months	k141_27665	47574	B9_6_months__249061_uncultured_Actinomyces_sp.__k141_27665	1	47574	Actinomyces	uncultured Actinomyces sp.
B9_6_months	k141_27868	48050	B9_6_months__84112_Eggerthella_lenta__k141_27868	1	48050	Eggerthella	Eggerthella lenta
B9_6_months	k141_28228	16669	B9_6_months__68891_Streptococcus_peroris__k141_28228	1	16669	Streptococcus	Streptococcus peroris
B9_6_months	k141_29548_1_checkv_25760-61510/61510	35751	B9_6_months__1351_Enterococcus_faecalis__k141_29548	25760	61510	Enterococcus	Enterococcus faecalis
B9_6_months	k141_30044_phage67_2_13203_10_0.7	13202	B9_6_months__1547_Erysipelatoclostridium_ramosum__k141_30044	3	13204	Erysipelatoclostridium	Erysipelatoclostridium ramosum
B9_6_months	k141_30703_phage244_7486_22212_19_0.75	14727	B9_6_months__292800_Flavonifractor_plautii__k141_30703	7487	22213	Flavonifractor	Flavonifractor plautii
B9_6_months	k141_31263_phage339_3_18376_19_0.81	18373	B9_6_months__54005_Peptoniphilus_harei__k141_31263	4	18376	Peptoniphilus	Peptoniphilus harei
B9_6_months	k141_32544	12804	B9_6_months__249061_uncultured_Actinomyces_sp.__k141_32544	1	12804	Actinomyces	uncultured Actinomyces sp.
B9_6_months	k141_32566_phage54_80342_99675_20_0.6	19334	B9_6_months__1547_Erysipelatoclostridium_ramosum__k141_32566	80343	99676	Erysipelatoclostridium	Erysipelatoclostridium ramosum
B9_6_months	k141_33090	18974	B9_6_months__823_Parabacteroides_distasonis__k141_33090	1	18974	Parabacteroides	Parabacteroides distasonis
B9_6_months	k141_33206_1_checkv_50492-96551/434470	46060	B9_6_months__823_Parabacteroides_distasonis__k141_33206	50492	96551	Parabacteroides	Parabacteroides distasonis
B9_6_months	k141_34249	34344	B9_6_months__35833_Bilophila_wadsworthia__k141_34249	1	34344	Bilophila	Bilophila wadsworthia
B9_6_months	k141_36143	46122	B9_6_months__818_Bacteroides_thetaiotaomicron__k141_36143	1	46122	Bacteroides	Bacteroides thetaiotaomicron
B9_6_months	k141_36186	10555	B9_6_months__818_Bacteroides_thetaiotaomicron__k141_36186	1	10555	Bacteroides	Bacteroides thetaiotaomicron
B9_6_months	k141_36757_1_checkv_48459-71536/91303	23078	B9_6_months__35833_Bilophila_wadsworthia__k141_36757	48459	71536	Bilophila	Bilophila wadsworthia
B9_6_months	k141_39691_phage12_1_17047_17_0.73	17047	B9_6_months__54005_Peptoniphilus_harei__k141_39691	2	17048	Peptoniphilus	Peptoniphilus harei
B9_6_months	k141_39769	12088	B9_6_months__68891_Streptococcus_peroris__k141_39769	1	12088	Streptococcus	Streptococcus peroris
B9_6_months	k141_40816	17491	B9_6_months__216816_Bifidobacterium_longum__k141_40816	1	17491	Bifidobacterium	Bifidobacterium longum
B9_6_months	k141_41047_phage391_122_22286_32_0.61	22165	B9_6_months__1547_Erysipelatoclostridium_ramosum__k141_41047	123	22287	Erysipelatoclostridium	Erysipelatoclostridium ramosum
B9_6_months	k141_41217_phage421_41_28679_25_0.8	28639	B9_6_months__54005_Peptoniphilus_harei__k141_41217	42	28680	Peptoniphilus	Peptoniphilus harei
B9_6_months	k141_41551	30010	B9_6_months__1351_Enterococcus_faecalis__k141_41551	1	30010	Enterococcus	Enterococcus faecalis
B9_6_months	k141_42151	20907	B9_6_months__823_Parabacteroides_distasonis__k141_42151	1	20907	Parabacteroides	Parabacteroides distasonis
B9_6_months	k141_4239_phage477_87693_99697_12_0.66	12005	B9_6_months__1547_Erysipelatoclostridium_ramosum__k141_4239	87694	99698	Erysipelatoclostridium	Erysipelatoclostridium ramosum
B9_6_months	k141_42844	15828	B9_6_months__68891_Streptococcus_peroris__k141_42844	1	15828	Streptococcus	Streptococcus peroris
B9_6_months	k141_42979	21002	B9_6_months__1351_Enterococcus_faecalis__k141_42979	1	21002	Enterococcus	Enterococcus faecalis
B9_6_months	k141_4420	23947	B9_6_months__292800_Flavonifractor_plautii__k141_4420	1	23947	Flavonifractor	Flavonifractor plautii
B9_6_months	k141_44785	125769	B9_6_months__823_Parabacteroides_distasonis__k141_44785	1	125769	Parabacteroides	Parabacteroides distasonis
B9_6_months	k141_45154_1_checkv_101779-132201/134470	30423	B9_6_months__105841_Anaerostipes_caccae__k141_45154	101779	132201	Anaerostipes	Anaerostipes caccae
B9_6_months	k141_45463	10177	B9_6_months__292800_Flavonifractor_plautii__k141_45463	1	10177	Flavonifractor	Flavonifractor plautii
B9_6_months	k141_46278_1_checkv_14689-29574/46014	14886	B9_6_months__292800_Flavonifractor_plautii__k141_46278	14689	29574	Flavonifractor	Flavonifractor plautii
B9_6_months	k141_47371	17607	B9_6_months__39777_Veillonella_atypica__k141_47371	1	17607	Veillonella	Veillonella atypica
B9_6_months	k141_48265_1_checkv_204303-242422/252660	38120	B9_6_months__573_Klebsiella_pneumoniae__k141_48265	204303	242422	Klebsiella	Klebsiella pneumoniae
B9_6_months	k141_48390	13290	B9_6_months__818_Bacteroides_thetaiotaomicron__k141_48390	1	13290	Bacteroides	Bacteroides thetaiotaomicron
B9_6_months	k141_531	22681	B9_6_months__292800_Flavonifractor_plautii__k141_531	1	22681	Flavonifractor	Flavonifractor plautii
B9_6_months	k141_5576	42496	B9_6_months__35833_Bilophila_wadsworthia__k141_5576	1	42496	Bilophila	Bilophila wadsworthia
B9_6_months	k141_6422_phage215_24954_41632_13_0.58	16679	B9_6_months__1547_Erysipelatoclostridium_ramosum__k141_6422	24955	41633	Erysipelatoclostridium	Erysipelatoclostridium ramosum
B9_6_months	k141_670	25246	B9_6_months__35833_Bilophila_wadsworthia__k141_670	1	25246	Bilophila	Bilophila wadsworthia
B9_6_months	k141_798_1_checkv_35617-56304/56304	20688	B9_6_months__105841_Anaerostipes_caccae__k141_798	35617	56304	Anaerostipes	Anaerostipes caccae
B9_6_months	k141_8664_phage208_243_17332_18_0.72	17090	B9_6_months__54005_Peptoniphilus_harei__k141_8664	244	17333	Peptoniphilus	Peptoniphilus harei
B10_6_months	k141_10565_1_checkv_28674-66656/174144	37983	B10_6_months__1351_Enterococcus_faecalis__k141_10565	28674	66656	Enterococcus	Enterococcus faecalis
B10_6_months	k141_11392	57754	B10_6_months__818_Bacteroides_thetaiotaomicron__k141_11392	1	57754	Bacteroides	Bacteroides thetaiotaomicron
B10_6_months	k141_11581_phage500_2_18457_16_0.78	18456	B10_6_months__137838_Clostridium_neonatale__k141_11581	3	18458	Clostridium	Clostridium neonatale
B10_6_months	k141_11756_phage50_7401_44854_39_0.6	37454	B10_6_months__47678_Bacteroides_caccae__k141_11756	7402	44855	Bacteroides	Bacteroides caccae
B10_6_months	k141_12680_1_checkv_1-56879/59700	56879	B10_6_months__48296_Acinetobacter_pittii__k141_12680	1	56879	Acinetobacter	Acinetobacter pittii
B10_6_months	k141_13275_phage412_1_15093_20_0.6	15093	B10_6_months__573_Klebsiella_pneumoniae__k141_13275	2	15094	Klebsiella	Klebsiella pneumoniae
B10_6_months	k141_13473	10702	B10_6_months__545_Citrobacter_koseri__k141_13473	1	10702	Citrobacter	Citrobacter koseri
B10_6_months	k141_14213_phage86_25413_36806_13_0.69	11394	B10_6_months__47678_Bacteroides_caccae__k141_14213	25414	36807	Bacteroides	Bacteroides caccae
B10_6_months	k141_14219_1_checkv_30715-86301/92628	55587	B10_6_months__545_Citrobacter_koseri__k141_14219	30715	86301	Citrobacter	Citrobacter koseri
B10_6_months	k141_14383_phage124_55035_79948_23_0.71	24914	B10_6_months__33038_[Ruminococcus]_gnavus__k141_14383	55036	79949	Mediterraneibacter	[Ruminococcus] gnavus
B10_6_months	k141_14698_phage245_297_22126_17_0.74	21830	B10_6_months__818_Bacteroides_thetaiotaomicron__k141_14698	298	22127	Bacteroides	Bacteroides thetaiotaomicron
B10_6_months	k141_14698_phage246_22641_37374_15_0.53	14734	B10_6_months__818_Bacteroides_thetaiotaomicron__k141_14698	22642	37375	Bacteroides	Bacteroides thetaiotaomicron
B10_6_months	k141_14698_phage247_45586_64036_23_0.58	18451	B10_6_months__818_Bacteroides_thetaiotaomicron__k141_14698	45587	64037	Bacteroides	Bacteroides thetaiotaomicron
B10_6_months	k141_15249_1_checkv_15989-26159/26159	10171	B10_6_months__83427_uncultured_Streptococcus_sp.__k141_15249	15989	26159	Streptococcus	uncultured Streptococcus sp.
B10_6_months	k141_15510_phage422_80029_106219_22_0.72	26191	B10_6_months__818_Bacteroides_thetaiotaomicron__k141_15510	80030	106220	Bacteroides	Bacteroides thetaiotaomicron
B10_6_months	k141_15827	47451	B10_6_months__47678_Bacteroides_caccae__k141_15827	1	47451	Bacteroides	Bacteroides caccae
B10_6_months	k141_1623_phage301_48301_70676_23_0.76	22376	B10_6_months__137838_Clostridium_neonatale__k141_1623	48302	70677	Clostridium	Clostridium neonatale
B10_6_months	k141_16988	45169	B10_6_months__818_Bacteroides_thetaiotaomicron__k141_16988	1	45169	Bacteroides	Bacteroides thetaiotaomicron
B10_6_months	k141_17188_phage249_2401_13779_14_0.74	11379	B10_6_months__137838_Clostridium_neonatale__k141_17188	2402	13780	Clostridium	Clostridium neonatale
B10_6_months	k141_1732_phage326_1_35920_47_0.69	35920	B10_6_months__137838_Clostridium_neonatale__k141_1732	2	35921	Clostridium	Clostridium neonatale
B10_6_months	k141_17544_phage354_2_14442_12_0.55	14441	B10_6_months__137838_Clostridium_neonatale__k141_17544	3	14443	Clostridium	Clostridium neonatale
B10_6_months	k141_17687	26329	B10_6_months__59620_uncultured_Clostridium_sp.__k141_17687	1	26329	Clostridium	uncultured Clostridium sp.
B10_6_months	k141_17870_phage426_213_32283_36_0.69	32071	B10_6_months__137838_Clostridium_neonatale__k141_17870	214	32284	Clostridium	Clostridium neonatale
B10_6_months	k141_17944	26591	B10_6_months__59620_uncultured_Clostridium_sp.__k141_17944	1	26591	Clostridium	uncultured Clostridium sp.
B10_6_months	k141_18396_phage517_2_11653_15_0.68	11652	B10_6_months__1351_Enterococcus_faecalis__k141_18396	3	11654	Enterococcus	Enterococcus faecalis
B10_6_months	k141_18671_phage75_83249_102421_20_0.56	19173	B10_6_months__137838_Clostridium_neonatale__k141_18671	83250	102422	Clostridium	Clostridium neonatale
B10_6_months	k141_18734_phage81_12217_30796_20_0.76	18580	B10_6_months__47678_Bacteroides_caccae__k141_18734	12218	30797	Bacteroides	Bacteroides caccae
B10_6_months	k141_18817	11924	B10_6_months__573_Klebsiella_pneumoniae__k141_18817	1	11924	Klebsiella	Klebsiella pneumoniae
B10_6_months	k141_20138	27218	B10_6_months__48296_Acinetobacter_pittii__k141_20138	1	27218	Acinetobacter	Acinetobacter pittii
B10_6_months	k141_21036_phage52_7224_21504_15_0.72	14281	B10_6_months__137838_Clostridium_neonatale__k141_21036	7225	21505	Clostridium	Clostridium neonatale
B10_6_months	k141_21052	25576	B10_6_months__33038_[Ruminococcus]_gnavus__k141_21052	1	25576	Mediterraneibacter	[Ruminococcus] gnavus
B10_6_months	k141_21123	13115	B10_6_months__83427_uncultured_Streptococcus_sp.__k141_21123	1	13115	Streptococcus	uncultured Streptococcus sp.
B10_6_months	k141_23828_phage151_4643_16999_18_0.54	12357	B10_6_months__59620_uncultured_Clostridium_sp.__k141_23828	4644	17000	Clostridium	uncultured Clostridium sp.
B10_6_months	k141_2404_1_checkv_82659-130626/130626	47968	B10_6_months__818_Bacteroides_thetaiotaomicron__k141_2404	82659	130626	Bacteroides	Bacteroides thetaiotaomicron
B10_6_months	k141_24093_phage261_9016_27337_16_0.6	18322	B10_6_months__137838_Clostridium_neonatale__k141_24093	9017	27338	Clostridium	Clostridium neonatale
B10_6_months	k141_24189_phage283_1_16951_14_0.72	16951	B10_6_months__47678_Bacteroides_caccae__k141_24189	2	16952	Bacteroides	Bacteroides caccae
B10_6_months	k141_24355_phage351_7923_24524_15_0.73	16602	B10_6_months__137838_Clostridium_neonatale__k141_24355	7924	24525	Clostridium	Clostridium neonatale
B10_6_months	k141_24757_phage446_44977_58816_14_0.57	13840	B10_6_months__1547_Erysipelatoclostridium_ramosum__k141_24757	44978	58817	Erysipelatoclostridium	Erysipelatoclostridium ramosum
B10_6_months	k141_25043_phage490_21350_37107_21_0.83	15758	B10_6_months__435842_Streptococcus_sp._C150__k141_25043	21351	37108	Streptococcus	Streptococcus sp. C150
B10_6_months	k141_25253	41143	B10_6_months__48296_Acinetobacter_pittii__k141_25253	1	41143	Acinetobacter	Acinetobacter pittii
B10_6_months	k141_25289	18235	B10_6_months__29466_Veillonella_parvula__k141_25289	1	18235	Veillonella	Veillonella parvula
B10_6_months	k141_25495	36202	B10_6_months__573_Klebsiella_pneumoniae__k141_25495	1	36202	Klebsiella	Klebsiella pneumoniae
B10_6_months	k141_25562	72846	B10_6_months__545_Citrobacter_koseri__k141_25562	1	72846	Citrobacter	Citrobacter koseri
B10_6_months	k141_25586	57314	B10_6_months__47678_Bacteroides_caccae__k141_25586	1	57314	Bacteroides	Bacteroides caccae
B10_6_months	k141_26031_1_checkv_177585-202586/202586	25002	B10_6_months__47678_Bacteroides_caccae__k141_26031	177585	202586	Bacteroides	Bacteroides caccae
B10_6_months	k141_26122_phage170_8280_22090_12_0.77	13811	B10_6_months__137838_Clostridium_neonatale__k141_26122	8281	22091	Clostridium	Clostridium neonatale
B10_6_months	k141_26122_phage171_23909_35352_15_0.72	11443	B10_6_months__137838_Clostridium_neonatale__k141_26122	23910	35352	Clostridium	Clostridium neonatale
B10_6_months	k141_26216_phage185_1_20126_22_0.77	20126	B10_6_months__818_Bacteroides_thetaiotaomicron__k141_26216	2	20127	Bacteroides	Bacteroides thetaiotaomicron
B10_6_months	k141_27323_phage376_36870_65795_30_0.69	28926	B10_6_months__818_Bacteroides_thetaiotaomicron__k141_27323	36871	65796	Bacteroides	Bacteroides thetaiotaomicron
B10_6_months	k141_28776_phage189_49994_63853_13_0.66	13860	B10_6_months__137838_Clostridium_neonatale__k141_28776	49995	63854	Clostridium	Clostridium neonatale
B10_6_months	k141_28999	22717	B10_6_months__83427_uncultured_Streptococcus_sp.__k141_28999	1	22717	Streptococcus	uncultured Streptococcus sp.
B10_6_months	k141_29017	22178	B10_6_months__137838_Clostridium_neonatale__k141_29017	1	22178	Clostridium	Clostridium neonatale
B10_6_months	k141_29741	13091	B10_6_months__59620_uncultured_Clostridium_sp.__k141_29741	1	13091	Clostridium	uncultured Clostridium sp.
B10_6_months	k141_2974_phage231_110519_129927_26_0.61	19409	B10_6_months__1547_Erysipelatoclostridium_ramosum__k141_2974	110520	129928	Erysipelatoclostridium	Erysipelatoclostridium ramosum
B10_6_months	k141_29972_1_checkv_45663-81427/104367	35765	B10_6_months__818_Bacteroides_thetaiotaomicron__k141_29972	45663	81427	Bacteroides	Bacteroides thetaiotaomicron
B10_6_months	k141_30079_phage451_69896_84605_14_0.72	14710	B10_6_months__47678_Bacteroides_caccae__k141_30079	69897	84606	Bacteroides	Bacteroides caccae
B10_6_months	k141_30815	18771	B10_6_months__818_Bacteroides_thetaiotaomicron__k141_30815	1	18771	Bacteroides	Bacteroides thetaiotaomicron
B10_6_months	k141_30985_phage210_3_30320_28_0.73	30318	B10_6_months__137838_Clostridium_neonatale__k141_30985	4	30321	Clostridium	Clostridium neonatale
B10_6_months	k141_31117	20310	B10_6_months__137838_Clostridium_neonatale__k141_31117	1	20310	Clostridium	Clostridium neonatale
B10_6_months	k141_3113_1_checkv_67836-110920/110920	43085	B10_6_months__818_Bacteroides_thetaiotaomicron__k141_3113	67836	110920	Bacteroides	Bacteroides thetaiotaomicron
B10_6_months	k141_31457_phage282_7179_52653_35_0.69	45475	B10_6_months__137838_Clostridium_neonatale__k141_31457	7180	52654	Clostridium	Clostridium neonatale
B10_6_months	k141_32051_phage405_11716_22182_12_0.77	10467	B10_6_months__137838_Clostridium_neonatale__k141_32051	11717	22183	Clostridium	Clostridium neonatale
B10_6_months	k141_32343	10032	B10_6_months__59620_uncultured_Clostridium_sp.__k141_32343	1	10032	Clostridium	uncultured Clostridium sp.
B10_6_months	k141_32362_phage462_3_14288_25_0.87	14286	B10_6_months__137838_Clostridium_neonatale__k141_32362	4	14289	Clostridium	Clostridium neonatale
B10_6_months	k141_32588	11838	B10_6_months__48296_Acinetobacter_pittii__k141_32588	1	11838	Acinetobacter	Acinetobacter pittii
B10_6_months	k141_3264_phage297_11211_36820_32_0.81	25610	B10_6_months__137838_Clostridium_neonatale__k141_3264	11212	36821	Clostridium	Clostridium neonatale
B10_6_months	k141_32865_1_checkv_49336-245721/245721	196386	B10_6_months__818_Bacteroides_thetaiotaomicron__k141_32865	49336	245721	Bacteroides	Bacteroides thetaiotaomicron
B10_6_months	k141_32865_phage92_42809_74646_37_0.59	31838	B10_6_months__818_Bacteroides_thetaiotaomicron__k141_32865	42810	74647	Bacteroides	Bacteroides thetaiotaomicron
B10_6_months	k141_33011	62986	B10_6_months__573_Klebsiella_pneumoniae__k141_33011	1	62986	Klebsiella	Klebsiella pneumoniae
B10_6_months	k141_3308_phage323_45562_56059_19_0.59	10498	B10_6_months__59620_uncultured_Clostridium_sp.__k141_3308	45563	56060	Clostridium	uncultured Clostridium sp.
B10_6_months	k141_3316_phage329_3_10761_15_0.69	10759	B10_6_months__59620_uncultured_Clostridium_sp.__k141_3316	4	10762	Clostridium	uncultured Clostridium sp.
B10_6_months	k141_3316_phage330_21759_42930_35_0.69	21172	B10_6_months__59620_uncultured_Clostridium_sp.__k141_3316	21760	42931	Clostridium	uncultured Clostridium sp.
B10_6_months	k141_34131_phage413_18282_31528_10_0.62	13247	B10_6_months__59620_uncultured_Clostridium_sp.__k141_34131	18283	31529	Clostridium	uncultured Clostridium sp.
B10_6_months	k141_34930_phage21_3_18319_21_0.77	18317	B10_6_months__137838_Clostridium_neonatale__k141_34930	4	18320	Clostridium	Clostridium neonatale
B10_6_months	k141_34930_phage22_19041_38223_18_0.74	19183	B10_6_months__137838_Clostridium_neonatale__k141_34930	19042	38224	Clostridium	Clostridium neonatale
B10_6_months	k141_3504_1_checkv_6037-40443/80043	34407	B10_6_months__48296_Acinetobacter_pittii__k141_3504	6037	40443	Acinetobacter	Acinetobacter pittii
B10_6_months	k141_35069	12716	B10_6_months__33038_[Ruminococcus]_gnavus__k141_35069	1	12716	Mediterraneibacter	[Ruminococcus] gnavus
B10_6_months	k141_35803_phage255_173305_185156_11_0.73	11852	B10_6_months__818_Bacteroides_thetaiotaomicron__k141_35803	173306	185157	Bacteroides	Bacteroides thetaiotaomicron
B10_6_months	k141_36723_phage434_10043_25879_17_0.61	15837	B10_6_months__59620_uncultured_Clostridium_sp.__k141_36723	10044	25880	Clostridium	uncultured Clostridium sp.
B10_6_months	k141_36820_phage454_3_12412_19_0.88	12410	B10_6_months__137838_Clostridium_neonatale__k141_36820	4	12413	Clostridium	Clostridium neonatale
B10_6_months	k141_378_phage43_51_30463_24_0.6	30413	B10_6_months__137838_Clostridium_neonatale__k141_378	52	30464	Clostridium	Clostridium neonatale
B10_6_months	k141_5035_phage95_57_23032_24_0.75	22976	B10_6_months__137838_Clostridium_neonatale__k141_5035	58	23033	Clostridium	Clostridium neonatale
B10_6_months	k141_5550_phage227_25566_57315_34_0.7	31750	B10_6_months__137838_Clostridium_neonatale__k141_5550	25567	57316	Clostridium	Clostridium neonatale
B10_6_months	k141_5855	24025	B10_6_months__59620_uncultured_Clostridium_sp.__k141_5855	1	24025	Clostridium	uncultured Clostridium sp.
B10_6_months	k141_6030_1_checkv_98901-138189/164811	39289	B10_6_months__48296_Acinetobacter_pittii__k141_6030	98901	138189	Acinetobacter	Acinetobacter pittii
B10_6_months	k141_639_phage101_333_20214_15_0.62	19882	B10_6_months__1547_Erysipelatoclostridium_ramosum__k141_639	334	20215	Erysipelatoclostridium	Erysipelatoclostridium ramosum
B10_6_months	k141_7020_phage5_149_24425_12_0.62	24277	B10_6_months__59620_uncultured_Clostridium_sp.__k141_7020	150	24426	Clostridium	uncultured Clostridium sp.
B10_6_months	k141_7043_phage23_1_14356_13_0.89	14356	B10_6_months__137838_Clostridium_neonatale__k141_7043	2	14357	Clostridium	Clostridium neonatale
B10_6_months	k141_7382	10302	B10_6_months__59620_uncultured_Clostridium_sp.__k141_7382	1	10302	Clostridium	uncultured Clostridium sp.
B10_6_months	k141_7523	18310	B10_6_months__573_Klebsiella_pneumoniae__k141_7523	1	18310	Klebsiella	Klebsiella pneumoniae
B10_6_months	k141_8413	21129	B10_6_months__818_Bacteroides_thetaiotaomicron__k141_8413	1	21129	Bacteroides	Bacteroides thetaiotaomicron
B10_6_months	k141_8564_phage416_32994_51065_18_0.6	18072	B10_6_months__818_Bacteroides_thetaiotaomicron__k141_8564	32995	51066	Bacteroides	Bacteroides thetaiotaomicron
B10_6_months	k141_9144_phage484_475_32492_26_0.74	32018	B10_6_months__137838_Clostridium_neonatale__k141_9144	476	32493	Clostridium	Clostridium neonatale
B10_6_months	k141_9278	38244	B10_6_months__48296_Acinetobacter_pittii__k141_9278	1	38244	Acinetobacter	Acinetobacter pittii
B10_6_months	k141_9293_1_checkv_21632-54233/104317	32602	B10_6_months__545_Citrobacter_koseri__k141_9293	21632	54233	Citrobacter	Citrobacter koseri
B10_6_months	k141_9380	11240	B10_6_months__292800_Flavonifractor_plautii__k141_9380	1	11240	Flavonifractor	Flavonifractor plautii
B10_6_months	k141_9733	36613	B10_6_months__83427_uncultured_Streptococcus_sp.__k141_9733	1	36613	Streptococcus	uncultured Streptococcus sp.
B10_6_months	k141_9950_1_checkv_12779-47982/47982	35204	B10_6_months__48296_Acinetobacter_pittii__k141_9950	12779	47982	Acinetobacter	Acinetobacter pittii
B11_12_months	k141_100567	13860	B11_12_months__292800_Flavonifractor_plautii__k141_100567	1	13860	Flavonifractor	Flavonifractor plautii
B11_12_months	k141_102777	14331	B11_12_months__518634_Bifidobacterium_breve__k141_102777	1	14331	Bifidobacterium	Bifidobacterium breve
B11_12_months	k141_10359_phage360_36_12382_10_0.64	12347	B11_12_months__1262780_Clostridium_sp._CAG:221__k141_10359	37	12383	Clostridium	Clostridium sp. CAG:221
B11_12_months	k141_103822_1_checkv_1-32413/35053	32413	B11_12_months__1318_Streptococcus_parasanguinis__k141_103822	1	32413	Streptococcus	Streptococcus parasanguinis
B11_12_months	k141_103895_1_checkv_16355-29373/42506	13019	B11_12_months__292800_Flavonifractor_plautii__k141_103895	16355	29373	Flavonifractor	Flavonifractor plautii
B11_12_months	k141_104491_phage585_309_13514_14_0.65	13206	B11_12_months__1262780_Clostridium_sp._CAG:221__k141_104491	310	13515	Clostridium	Clostridium sp. CAG:221
B11_12_months	k141_104648_phage600_13252_24705_12_0.58	11454	B11_12_months__1262780_Clostridium_sp._CAG:221__k141_104648	13253	24706	Clostridium	Clostridium sp. CAG:221
B11_12_months	k141_104648_phage601_33626_44766_13_0.79	11141	B11_12_months__1262780_Clostridium_sp._CAG:221__k141_104648	33627	44767	Clostridium	Clostridium sp. CAG:221
B11_12_months	k141_105876_1_checkv_1-17556/25169	17556	B11_12_months__39778_Veillonella_dispar__k141_105876	1	17556	Veillonella	Veillonella dispar
B11_12_months	k141_10867_phage407_5747_19396_13_0.6	13650	B11_12_months__706562_Lactobacillus_rogosae__k141_10867	5748	19397	Lactobacillus	Lactobacillus rogosae
B11_12_months	k141_10919_phage422_1_12768_11_0.66	12768	B11_12_months__1262780_Clostridium_sp._CAG:221__k141_10919	2	12769	Clostridium	Clostridium sp. CAG:221
B11_12_months	k141_112332_phage627_88263_109565_12_0.56	21303	B11_12_months__706562_Lactobacillus_rogosae__k141_112332	88264	109566	Lactobacillus	Lactobacillus rogosae
B11_12_months	k141_113263_1_checkv_23186-62023/221245	38838	B11_12_months__371601_Bacteroides_xylanisolvens__k141_113263	23186	62023	Bacteroides	Bacteroides xylanisolvens
B11_12_months	k141_113510_1_checkv_46904-110610/268640	63707	B11_12_months__853_Faecalibacterium_prausnitzii__k141_113510	46904	110610	Faecalibacterium	Faecalibacterium prausnitzii
B11_12_months	k141_115999	15833	B11_12_months__216816_Bifidobacterium_longum__k141_115999	1	15833	Bifidobacterium	Bifidobacterium longum
B11_12_months	k141_117897_phage526_59257_84570_20_0.61	25314	B11_12_months__706562_Lactobacillus_rogosae__k141_117897	59258	84571	Lactobacillus	Lactobacillus rogosae
B11_12_months	k141_117897_phage527_117092_133182_16_0.59	16091	B11_12_months__706562_Lactobacillus_rogosae__k141_117897	117093	133183	Lactobacillus	Lactobacillus rogosae
B11_12_months	k141_119645_1_checkv_27307-48593/82161	21287	B11_12_months__1547_Erysipelatoclostridium_ramosum__k141_119645	27307	48593	Erysipelatoclostridium	Erysipelatoclostridium ramosum
B11_12_months	k141_120455	31070	B11_12_months__418240_Blautia_wexlerae__k141_120455	1	31070	Blautia	Blautia wexlerae
B11_12_months	k141_121316_1_checkv_19107-52882/111535	33776	B11_12_months__84112_Eggerthella_lenta__k141_121316	19107	52882	Eggerthella	Eggerthella lenta
B11_12_months	k141_121762_phage190_3_14362_11_0.76	14360	B11_12_months__1262780_Clostridium_sp._CAG:221__k141_121762	4	14363	Clostridium	Clostridium sp. CAG:221
B11_12_months	k141_123952	36407	B11_12_months__1262938_Prevotella_sp._CAG:924__k141_123952	1	36407	Prevotella	Prevotella sp. CAG:924
B11_12_months	k141_125147_phage520_64524_79288_14_0.57	14765	B11_12_months__1352_Enterococcus_faecium__k141_125147	64525	79289	Enterococcus	Enterococcus faecium
B11_12_months	k141_12701_phage589_26690_47741_22_0.57	21052	B11_12_months__706562_Lactobacillus_rogosae__k141_12701	26691	47742	Lactobacillus	Lactobacillus rogosae
B11_12_months	k141_12701_phage590_59466_75213_22_0.62	15748	B11_12_months__706562_Lactobacillus_rogosae__k141_12701	59467	75214	Lactobacillus	Lactobacillus rogosae
B11_12_months	k141_127094_1_checkv_94878-146630/188869	51753	B11_12_months__817_Bacteroides_fragilis__k141_127094	94878	146630	Bacteroides	Bacteroides fragilis
B11_12_months	k141_129372_phage222_2410_24682_20_0.67	22273	B11_12_months__1262780_Clostridium_sp._CAG:221__k141_129372	2411	24683	Clostridium	Clostridium sp. CAG:221
B11_12_months	k141_1303	21977	B11_12_months__1358_Lactococcus_lactis__k141_1303	1	21977	Lactococcus	Lactococcus lactis
B11_12_months	k141_132447_phage482_31108_42914_14_0.52	11807	B11_12_months__418240_Blautia_wexlerae__k141_132447	31109	42915	Blautia	Blautia wexlerae
B11_12_months	k141_136616_phage198_1_19688_19_0.66	19688	B11_12_months__1262780_Clostridium_sp._CAG:221__k141_136616	2	19689	Clostridium	Clostridium sp. CAG:221
B11_12_months	k141_139561	23932	B11_12_months__853_Faecalibacterium_prausnitzii__k141_139561	1	23932	Faecalibacterium	Faecalibacterium prausnitzii
B11_12_months	k141_15214_1_checkv_1-42890/78900	42890	B11_12_months__1423797_Lacticaseibacillus_rhamnosus__k141_15214	1	42890	Lacticaseibacillus	Lacticaseibacillus rhamnosus
B11_12_months	k141_18253_phage395_1_21276_19_0.61	21276	B11_12_months__706434_Megasphaera_micronuciformis__k141_18253	2	21277	Megasphaera	Megasphaera micronuciformis
B11_12_months	k141_18410	12212	B11_12_months__40545_Sutterella_wadsworthensis__k141_18410	1	12212	Sutterella	Sutterella wadsworthensis
B11_12_months	k141_19747	13361	B11_12_months__84112_Eggerthella_lenta__k141_19747	1	13361	Eggerthella	Eggerthella lenta
B11_12_months	k141_20581	30841	B11_12_months__423477_Veillonella_rogosae__k141_20581	1	30841	Veillonella	Veillonella rogosae
B11_12_months	k141_20841_phage671_38941_59335_18_0.56	20395	B11_12_months__84112_Eggerthella_lenta__k141_20841	38942	59336	Eggerthella	Eggerthella lenta
B11_12_months	k141_21073_1_checkv_257601-301020/366042	43420	B11_12_months__371601_Bacteroides_xylanisolvens__k141_21073	257601	301020	Bacteroides	Bacteroides xylanisolvens
B11_12_months	k141_21993_phage95_33399_57622_25_0.65	24224	B11_12_months__371601_Bacteroides_xylanisolvens__k141_21993	33400	57623	Bacteroides	Bacteroides xylanisolvens
B11_12_months	k141_22706_phage163_823_10859_18_0.87	10037	B11_12_months__1358_Lactococcus_lactis__k141_22706	824	10860	Lactococcus	Lactococcus lactis
B11_12_months	k141_24199	27772	B11_12_months__853_Faecalibacterium_prausnitzii__k141_24199	1	27772	Faecalibacterium	Faecalibacterium prausnitzii
B11_12_months	k141_25035_1_checkv_10831-55323/62746	44493	B11_12_months__1078480_Haemophilus_sputorum__k141_25035	10831	55323	Haemophilus	Haemophilus sputorum
B11_12_months	k141_27879_phage706_3_36238_61_0.88	36236	B11_12_months__435591_Parabacteroides_distasonis__k141_27879	4	36239	Parabacteroides	Parabacteroides distasonis
B11_12_months	k141_28476_1_checkv_11378-25127/25127	13750	B11_12_months__1308_Streptococcus_thermophilus__k141_28476	11378	25127	Streptococcus	Streptococcus thermophilus
B11_12_months	k141_28476_phage24_5548_19563_19_0.73	14016	B11_12_months__1308_Streptococcus_thermophilus__k141_28476	5549	19564	Streptococcus	Streptococcus thermophilus
B11_12_months	k141_28930_phage73_19869_34003_12_0.58	14135	B11_12_months__649756_Anaerostipes_hadrus__k141_28930	19870	34004	Anaerostipes	Anaerostipes hadrus
B11_12_months	k141_31642_phage343_495_13139_15_0.82	12645	B11_12_months__706562_Lactobacillus_rogosae__k141_31642	496	13140	Lactobacillus	Lactobacillus rogosae
B11_12_months	k141_31642_phage344_14003_36448_17_0.54	22446	B11_12_months__706562_Lactobacillus_rogosae__k141_31642	14004	36449	Lactobacillus	Lactobacillus rogosae
B11_12_months	k141_31642_phage346_89832_105063_15_0.78	15232	B11_12_months__706562_Lactobacillus_rogosae__k141_31642	89833	105064	Lactobacillus	Lactobacillus rogosae
B11_12_months	k141_32297_phage433_1_14354_18_0.92	14354	B11_12_months__1352_Enterococcus_faecium__k141_32297	2	14355	Enterococcus	Enterococcus faecium
B11_12_months	k141_32817_phage516_458_10600_12_0.71	10143	B11_12_months__1352_Enterococcus_faecium__k141_32817	459	10601	Enterococcus	Enterococcus faecium
B11_12_months	k141_34364	19227	B11_12_months__292800_Flavonifractor_plautii__k141_34364	1	19227	Flavonifractor	Flavonifractor plautii
B11_12_months	k141_35092_1_checkv_24039-58026/58026	33988	B11_12_months__84112_Eggerthella_lenta__k141_35092	24039	58026	Eggerthella	Eggerthella lenta
B11_12_months	k141_35452	83428	B11_12_months__28025_Bifidobacterium_animalis__k141_35452	1	83428	Bifidobacterium	Bifidobacterium animalis
B11_12_months	k141_39056_1_checkv_16671-47624/179757	30954	B11_12_months__1547_Erysipelatoclostridium_ramosum__k141_39056	16671	47624	Erysipelatoclostridium	Erysipelatoclostridium ramosum
B11_12_months	k141_41243_phage720_5490_15600_15_0.67	10111	B11_12_months__216816_Bifidobacterium_longum__k141_41243	5491	15601	Bifidobacterium	Bifidobacterium longum
B11_12_months	k141_44896_1_checkv_1792-41613/41613	39822	B11_12_months__435842_Streptococcus_sp._C150__k141_44896	1792	41613	Streptococcus	Streptococcus sp. C150
B11_12_months	k141_4513_phage459_36090_57175_20_0.67	21086	B11_12_months__706562_Lactobacillus_rogosae__k141_4513	36091	57176	Lactobacillus	Lactobacillus rogosae
B11_12_months	k141_45582_phage311_2_13177_14_0.88	13176	B11_12_months__1262780_Clostridium_sp._CAG:221__k141_45582	3	13178	Clostridium	Clostridium sp. CAG:221
B11_12_months	k141_46296_phage387_4345_33197_27_0.56	28853	B11_12_months__1547_Erysipelatoclostridium_ramosum__k141_46296	4346	33198	Erysipelatoclostridium	Erysipelatoclostridium ramosum
B11_12_months	k141_49786_phage33_387_39398_60_0.72	39012	B11_12_months__40545_Sutterella_wadsworthensis__k141_49786	388	39399	Sutterella	Sutterella wadsworthensis
B11_12_months	k141_51970_1_checkv_8409-32341/32341	23933	B11_12_months__292800_Flavonifractor_plautii__k141_51970	8409	32341	Flavonifractor	Flavonifractor plautii
B11_12_months	k141_51982_phage264_23086_36813_21_0.59	13728	B11_12_months__292800_Flavonifractor_plautii__k141_51982	23087	36814	Flavonifractor	Flavonifractor plautii
B11_12_months	k141_55341_phage727_130926_146515_18_0.63	15590	B11_12_months__1579_Lactobacillus_acidophilus__k141_55341	130927	146516	Lactobacillus	Lactobacillus acidophilus
B11_12_months	k141_55341_phage733_525007_538932_10_0.62	13926	B11_12_months__1579_Lactobacillus_acidophilus__k141_55341	525008	538933	Lactobacillus	Lactobacillus acidophilus
B11_12_months	k141_56892_phage52_10182_23732_16_0.72	13551	B11_12_months__1262780_Clostridium_sp._CAG:221__k141_56892	10183	23733	Clostridium	Clostridium sp. CAG:221
B11_12_months	k141_5801	23887	B11_12_months__853_Faecalibacterium_prausnitzii__k141_5801	1	23887	Faecalibacterium	Faecalibacterium prausnitzii
B11_12_months	k141_58054_1_checkv_56678-91995/120088	35318	B11_12_months__562_Escherichia_coli__k141_58054	56678	91995	Escherichia	Escherichia coli
B11_12_months	k141_58151_phage193_9486_25554_23_0.69	16069	B11_12_months__706562_Lactobacillus_rogosae__k141_58151	9487	25555	Lactobacillus	Lactobacillus rogosae
B11_12_months	k141_6344_phage668_5259_47572_32_0.54	42314	B11_12_months__292800_Flavonifractor_plautii__k141_6344	5260	47573	Flavonifractor	Flavonifractor plautii
B11_12_months	k141_64466_phage115_20870_39330_16_0.58	18461	B11_12_months__418240_Blautia_wexlerae__k141_64466	20871	39331	Blautia	Blautia wexlerae
B11_12_months	k141_66001_1_checkv_5248-43079/157485	37832	B11_12_months__187326_Megasphaera_micronuciformis__k141_66001	5248	43079	Megasphaera	Megasphaera micronuciformis
B11_12_months	k141_66302_phage393_117065_136758_19_0.68	19694	B11_12_months__1579_Lactobacillus_acidophilus__k141_66302	117066	136759	Lactobacillus	Lactobacillus acidophilus
B11_12_months	k141_66328	11454	B11_12_months__47715_Lacticaseibacillus_rhamnosus__k141_66328	1	11454	Lacticaseibacillus	Lacticaseibacillus rhamnosus
B11_12_months	k141_67956_phage552_159231_187465_25_0.71	28235	B11_12_months__706562_Lactobacillus_rogosae__k141_67956	159232	187466	Lactobacillus	Lactobacillus rogosae
B11_12_months	k141_69633_phage765_15172_37228_23_0.61	22057	B11_12_months__1262780_Clostridium_sp._CAG:221__k141_69633	15173	37229	Clostridium	Clostridium sp. CAG:221
B11_12_months	k141_70438	10127	B11_12_months__292800_Flavonifractor_plautii__k141_70438	1	10127	Flavonifractor	Flavonifractor plautii
B11_12_months	k141_75479	20289	B11_12_months__39778_Veillonella_dispar__k141_75479	1	20289	Veillonella	Veillonella dispar
B11_12_months	k141_78027_phage46_1_38304_40_0.73	38304	B11_12_months__1262780_Clostridium_sp._CAG:221__k141_78027	2	38305	Clostridium	Clostridium sp. CAG:221
B11_12_months	k141_79698	11295	B11_12_months__435591_Parabacteroides_distasonis__k141_79698	1	11295	Parabacteroides	Parabacteroides distasonis
B11_12_months	k141_82100_phage532_67436_91720_19_0.53	24285	B11_12_months__706562_Lactobacillus_rogosae__k141_82100	67437	91721	Lactobacillus	Lactobacillus rogosae
B11_12_months	k141_82100_phage533_92649_107062_15_0.72	14414	B11_12_months__706562_Lactobacillus_rogosae__k141_82100	92650	107063	Lactobacillus	Lactobacillus rogosae
B11_12_months	k141_82495	34313	B11_12_months__216816_Bifidobacterium_longum__k141_82495	1	34313	Bifidobacterium	Bifidobacterium longum
B11_12_months	k141_85575_phage88_3_10586_10_0.59	10584	B11_12_months__1262780_Clostridium_sp._CAG:221__k141_85575	4	10587	Clostridium	Clostridium sp. CAG:221
B11_12_months	k141_85695	41063	B11_12_months__1262938_Prevotella_sp._CAG:924__k141_85695	1	41063	Prevotella	Prevotella sp. CAG:924
B11_12_months	k141_87153_phage285_30517_43772_10_0.59	13256	B11_12_months__1308_Streptococcus_thermophilus__k141_87153	30518	43773	Streptococcus	Streptococcus thermophilus
B11_12_months	k141_87818_phage374_1_21252_26_0.76	21252	B11_12_months__1262780_Clostridium_sp._CAG:221__k141_87818	2	21253	Clostridium	Clostridium sp. CAG:221
B11_12_months	k141_92752_phage124_3_25166_27_0.76	25164	B11_12_months__1547_Erysipelatoclostridium_ramosum__k141_92752	4	25167	Erysipelatoclostridium	Erysipelatoclostridium ramosum
B11_12_months	k141_93011_1_checkv_11917-24371/33320	12455	B11_12_months__435842_Streptococcus_sp._C150__k141_93011	11917	24371	Streptococcus	Streptococcus sp. C150
B11_12_months	k141_93653	31381	B11_12_months__371601_Bacteroides_xylanisolvens__k141_93653	1	31381	Bacteroides	Bacteroides xylanisolvens
B11_12_months	k141_98634	17902	B11_12_months__292800_Flavonifractor_plautii__k141_98634	1	17902	Flavonifractor	Flavonifractor plautii
B11_12_months	k141_99460_1_checkv_1-10697/16469	10697	B11_12_months__1262780_Clostridium_sp._CAG:221__k141_99460	1	10697	Clostridium	Clostridium sp. CAG:221
B12_12_months	k141_11936_phage345_106850_121134_19_0.72	14285	B12_12_months__3005404_Clostridium_sp._AT4__k141_11936	106851	121135	Clostridium	Clostridium sp. AT4
B12_12_months	k141_12186_1_checkv_40191-62083/62083	21893	B12_12_months__360807_Roseburia_inulinivorans__k141_12186	40191	62083	Roseburia	Roseburia inulinivorans
B12_12_months	k141_12571_phage419_1_22835_24_0.71	22835	B12_12_months__208479_Enterocloster_bolteae__k141_12571	2	22836	Enterocloster	Enterocloster bolteae
B12_12_months	k141_14408_phage94_66169_87117_24_0.74	20949	B12_12_months__649756_Anaerostipes_hadrus__k141_14408	66170	87118	Anaerostipes	Anaerostipes hadrus
B12_12_months	k141_14856_1_checkv_24045-59240/99131	35196	B12_12_months__84112_Eggerthella_lenta__k141_14856	24045	59240	Eggerthella	Eggerthella lenta
B12_12_months	k141_1516	13450	B12_12_months__1499973_Escherichia_marmotae__k141_1516	1	13450	Escherichia	Escherichia marmotae
B12_12_months	k141_16086_phage319_13024_23062_10_0.51	10039	B12_12_months__1308_Streptococcus_thermophilus__k141_16086	13025	23063	Streptococcus	Streptococcus thermophilus
B12_12_months	k141_16899_1_checkv_271887-315027/429293	43141	B12_12_months__1689_Bifidobacterium_dentium__k141_16899	271887	315027	Bifidobacterium	Bifidobacterium dentium
B12_12_months	k141_17207_1_checkv_1-23394/49960	23394	B12_12_months__292800_Flavonifractor_plautii__k141_17207	1	23394	Flavonifractor	Flavonifractor plautii
B12_12_months	k141_18507_phage14_1_12736_27_0.63	12736	B12_12_months__208479_Enterocloster_bolteae__k141_18507	2	12737	Enterocloster	Enterocloster bolteae
B12_12_months	k141_18668_1_checkv_212055-237093/237093	25039	B12_12_months__360807_Roseburia_inulinivorans__k141_18668	212055	237093	Roseburia	Roseburia inulinivorans
B12_12_months	k141_18730_phage49_1_11609_18_0.51	11609	B12_12_months__1547_Erysipelatoclostridium_ramosum__k141_18730	2	11610	Erysipelatoclostridium	Erysipelatoclostridium ramosum
B12_12_months	k141_18730_phage50_14732_39647_23_0.56	24916	B12_12_months__1547_Erysipelatoclostridium_ramosum__k141_18730	14733	39648	Erysipelatoclostridium	Erysipelatoclostridium ramosum
B12_12_months	k141_18730_phage52_80199_91476_11_0.6	11278	B12_12_months__1547_Erysipelatoclostridium_ramosum__k141_18730	80200	91477	Erysipelatoclostridium	Erysipelatoclostridium ramosum
B12_12_months	k141_18730_phage53_95877_119095_21_0.66	23219	B12_12_months__1547_Erysipelatoclostridium_ramosum__k141_18730	95878	119096	Erysipelatoclostridium	Erysipelatoclostridium ramosum
B12_12_months	k141_18910_phage71_12336_31339_17_0.74	19004	B12_12_months__3011055_Enterocloster_citroniae__k141_18910	12337	31340	Enterocloster	Enterocloster citroniae
B12_12_months	k141_1989_phage270_19654_47844_32_0.56	28191	B12_12_months__292800_Flavonifractor_plautii__k141_1989	19655	47845	Flavonifractor	Flavonifractor plautii
B12_12_months	k141_20149_phage252_38982_51147_13_0.51	12166	B12_12_months__1308_Streptococcus_thermophilus__k141_20149	38983	51148	Streptococcus	Streptococcus thermophilus
B12_12_months	k141_23866_1_checkv_48178-84167/126340	35990	B12_12_months__29361_Tyzzerella_nexilis__k141_23866	48178	84167	Tyzzerella	Tyzzerella nexilis
B12_12_months	k141_24033_1_checkv_1-27681/38487	27681	B12_12_months__208479_Enterocloster_bolteae__k141_24033	1	27681	Enterocloster	Enterocloster bolteae
B12_12_months	k141_24062_1_checkv_11454-51135/70180	39682	B12_12_months__562_Escherichia_coli__k141_24062	11454	51135	Escherichia	Escherichia coli
B12_12_months	k141_25124_phage311_5724_26652_23_0.68	20929	B12_12_months__3011055_Enterocloster_citroniae__k141_25124	5725	26653	Enterocloster	Enterocloster citroniae
B12_12_months	k141_26114	15150	B12_12_months__208479_Enterocloster_bolteae__k141_26114	1	15150	Enterocloster	Enterocloster bolteae
B12_12_months	k141_26326_1_checkv_1-34436/186134	34436	B12_12_months__853_Faecalibacterium_prausnitzii__k141_26326	1	34436	Faecalibacterium	Faecalibacterium prausnitzii
B12_12_months	k141_27613_phage7_17393_76794_46_0.8	59402	B12_12_months__1547_Erysipelatoclostridium_ramosum__k141_27613	17394	76795	Erysipelatoclostridium	Erysipelatoclostridium ramosum
B12_12_months	k141_27613_phage9_100974_115710_14_0.53	14737	B12_12_months__1547_Erysipelatoclostridium_ramosum__k141_27613	100975	115711	Erysipelatoclostridium	Erysipelatoclostridium ramosum
B12_12_months	k141_29029_phage226_1_14566_17_0.73	14566	B12_12_months__292800_Flavonifractor_plautii__k141_29029	2	14567	Flavonifractor	Flavonifractor plautii
B12_12_months	k141_30672_1_checkv_14714-49824/49824	35111	B12_12_months__1522_[Clostridium]_innocuum__k141_30672	14714	49824	Erysipelatoclostridium	[Clostridium] innocuum
B12_12_months	k141_32223	11840	B12_12_months__1134687_Klebsiella_michiganensis__k141_32223	1	11840	Klebsiella	Klebsiella michiganensis
B12_12_months	k141_33008_phage85_477_21777_20_0.67	21301	B12_12_months__360807_Roseburia_inulinivorans__k141_33008	478	21778	Roseburia	Roseburia inulinivorans
B12_12_months	k141_33243_phage102_1925_17065_18_0.7	15141	B12_12_months__47715_Lacticaseibacillus_rhamnosus__k141_33243	1926	17066	Lacticaseibacillus	Lacticaseibacillus rhamnosus
B12_12_months	k141_35051_1_checkv_1-10746/26603	10746	B12_12_months__649756_Anaerostipes_hadrus__k141_35051	1	10746	Anaerostipes	Anaerostipes hadrus
B12_12_months	k141_35051_phage395_2974_14479_20_0.79	11506	B12_12_months__649756_Anaerostipes_hadrus__k141_35051	2975	14480	Anaerostipes	Anaerostipes hadrus
B12_12_months	k141_3586_phage541_162602_187001_26_0.66	24400	B12_12_months__1547_Erysipelatoclostridium_ramosum__k141_3586	162603	187002	Erysipelatoclostridium	Erysipelatoclostridium ramosum
B12_12_months	k141_3586_phage543_209322_219383_15_0.75	10062	B12_12_months__1547_Erysipelatoclostridium_ramosum__k141_3586	209323	219384	Erysipelatoclostridium	Erysipelatoclostridium ramosum
B12_12_months	k141_35947_phage551_211112_223263_13_0.51	12152	B12_12_months__1547_Erysipelatoclostridium_ramosum__k141_35947	211113	223264	Erysipelatoclostridium	Erysipelatoclostridium ramosum
B12_12_months	k141_37697_1_checkv_93957-128089/128089	34133	B12_12_months__562_Escherichia_coli__k141_37697	93957	128089	Escherichia	Escherichia coli
B12_12_months	k141_37_1_checkv_1-13802/90043	13802	B12_12_months__562_Escherichia_coli__k141_37	1	13802	Escherichia	Escherichia coli
B12_12_months	k141_38293_phage200_61304_82524_13_0.58	21221	B12_12_months__33038_[Ruminococcus]_gnavus__k141_38293	61305	82525	Mediterraneibacter	[Ruminococcus] gnavus
B12_12_months	k141_39152	26625	B12_12_months__47715_Lacticaseibacillus_rhamnosus__k141_39152	1	26625	Lacticaseibacillus	Lacticaseibacillus rhamnosus
B12_12_months	k141_39182_1_checkv_16515-34910/57516	18396	B12_12_months__1685_Bifidobacterium_breve__k141_39182	16515	34910	Bifidobacterium	Bifidobacterium breve
B12_12_months	k141_39607_1_checkv_34117-44789/44789	10673	B12_12_months__562_Escherichia_coli__k141_39607	34117	44789	Escherichia	Escherichia coli
B12_12_months	k141_39641	11133	B12_12_months__562_Escherichia_coli__k141_39641	1	11133	Escherichia	Escherichia coli
B12_12_months	k141_40485	19953	B12_12_months__562_Escherichia_coli__k141_40485	1	19953	Escherichia	Escherichia coli
B12_12_months	k141_4359_phage633_16280_31056_15_0.64	14777	B12_12_months__1308_Streptococcus_thermophilus__k141_4359	16281	31057	Streptococcus	Streptococcus thermophilus
B12_12_months	k141_46322_1_checkv_1-38914/79495	38914	B12_12_months__562_Escherichia_coli__k141_46322	1	38914	Escherichia	Escherichia coli
B12_12_months	k141_46535	18583	B12_12_months__208479_Enterocloster_bolteae__k141_46535	1	18583	Enterocloster	Enterocloster bolteae
B12_12_months	k141_47205_phage163_310_18256_17_0.77	17947	B12_12_months__29361_Tyzzerella_nexilis__k141_47205	311	18257	Tyzzerella	Tyzzerella nexilis
B12_12_months	k141_49188	17919	B12_12_months__47715_Lacticaseibacillus_rhamnosus__k141_49188	1	17919	Lacticaseibacillus	Lacticaseibacillus rhamnosus
B12_12_months	k141_503_phage57_77388_91554_13_0.58	14167	B12_12_months__33038_[Ruminococcus]_gnavus__k141_503	77389	91555	Mediterraneibacter	[Ruminococcus] gnavus
B12_12_months	k141_5360_phage142_2003_13980_12_0.62	11978	B12_12_months__1547_Erysipelatoclostridium_ramosum__k141_5360	2004	13981	Erysipelatoclostridium	Erysipelatoclostridium ramosum
B12_12_months	k141_54366_1_checkv_39223-67991/67991	28769	B12_12_months__208479_Enterocloster_bolteae__k141_54366	39223	67991	Enterocloster	Enterocloster bolteae
B12_12_months	k141_57239_phage225_183_11648_10_0.71	11465	B12_12_months__1308_Streptococcus_thermophilus__k141_57239	184	11648	Streptococcus	Streptococcus thermophilus
B12_12_months	k141_58115_1_checkv_70588-99038/99038	28451	B12_12_months__649756_Anaerostipes_hadrus__k141_58115	70588	99038	Anaerostipes	Anaerostipes hadrus
B12_12_months	k141_58468_phage398_56787_88227_36_0.72	31441	B12_12_months__1547_Erysipelatoclostridium_ramosum__k141_58468	56788	88228	Erysipelatoclostridium	Erysipelatoclostridium ramosum
B12_12_months	k141_5860_phage210_150939_176090_22_0.65	25152	B12_12_months__1547_Erysipelatoclostridium_ramosum__k141_5860	150940	176091	Erysipelatoclostridium	Erysipelatoclostridium ramosum
B12_12_months	k141_59292_1_checkv_1-39096/40764	39096	B12_12_months__208479_Enterocloster_bolteae__k141_59292	1	39096	Enterocloster	Enterocloster bolteae
B12_12_months	k141_62111_1_checkv_101855-139167/184561	37313	B12_12_months__1262889_Eubacterium_sp._CAG:38__k141_62111	101855	139167	Eubacterium	Eubacterium sp. CAG:38
B12_12_months	k141_63033_phage425_2_11063_10_0.66	11062	B12_12_months__1308_Streptococcus_thermophilus__k141_63033	3	11064	Streptococcus	Streptococcus thermophilus
B12_12_months	k141_63441_phage514_2675_22358_19_0.64	19684	B12_12_months__1547_Erysipelatoclostridium_ramosum__k141_63441	2676	22359	Erysipelatoclostridium	Erysipelatoclostridium ramosum
B12_12_months	k141_63639_phage530_3_23457_32_0.87	23455	B12_12_months__83427_uncultured_Streptococcus_sp.__k141_63639	4	23458	Streptococcus	uncultured Streptococcus sp.
B12_12_months	k141_67309_phage351_40843_58399_17_0.71	17557	B12_12_months__360807_Roseburia_inulinivorans__k141_67309	40844	58400	Roseburia	Roseburia inulinivorans
B12_12_months	k141_67805	24957	B12_12_months__360807_Roseburia_inulinivorans__k141_67805	1	24957	Roseburia	Roseburia inulinivorans
B12_12_months	k141_69404_phage77_24822_37211_19_0.68	12390	B12_12_months__360807_Roseburia_inulinivorans__k141_69404	24823	37212	Roseburia	Roseburia inulinivorans
B12_12_months	k141_69404_phage78_37639_60873_26_0.65	23235	B12_12_months__360807_Roseburia_inulinivorans__k141_69404	37640	60874	Roseburia	Roseburia inulinivorans
B12_12_months	k141_70867_1_checkv_78437-112846/219870	34410	B12_12_months__33038_[Ruminococcus]_gnavus__k141_70867	78437	112846	Mediterraneibacter	[Ruminococcus] gnavus
B12_12_months	k141_70903	36586	B12_12_months__562_Escherichia_coli__k141_70903	1	36586	Escherichia	Escherichia coli
B12_12_months	k141_72395	23240	B12_12_months__562_Escherichia_coli__k141_72395	1	23240	Escherichia	Escherichia coli
B12_12_months	k141_72480_1_checkv_185546-223797/265059	38252	B12_12_months__2057791_Enterococcus_sp._CR-Ec1__k141_72480	185546	223797	Enterococcus	Enterococcus sp. CR-Ec1
B12_12_months	k141_72680_phage459_25145_45971_21_0.64	20827	B12_12_months__1262889_Eubacterium_sp._CAG:38__k141_72680	25146	45972	Eubacterium	Eubacterium sp. CAG:38
B12_12_months	k141_7697_1_checkv_57611-77900/77900	20290	B12_12_months__292800_Flavonifractor_plautii__k141_7697	57611	77900	Flavonifractor	Flavonifractor plautii
B12_12_months	k141_785_1_checkv_14351-24696/36522	10346	B12_12_months__292800_Flavonifractor_plautii__k141_785	14351	24696	Flavonifractor	Flavonifractor plautii
B12_12_months	k141_8495_1_checkv_42433-101930/184479	59498	B12_12_months__29361_Tyzzerella_nexilis__k141_8495	42433	101930	Tyzzerella	Tyzzerella nexilis
B12_12_months	k141_8975_phage533_21263_36334_15_0.68	15072	B12_12_months__360807_Roseburia_inulinivorans__k141_8975	21264	36335	Roseburia	Roseburia inulinivorans
B12_12_months	k141_9286_1_checkv_17059-76783/88457	59725	B12_12_months__360807_Roseburia_inulinivorans__k141_9286	17059	76783	Roseburia	Roseburia inulinivorans
B12_6_months	k141_10175_phage388_35491_56570_16_0.58	21080	B12_6_months__1502_Clostridium_perfringens__k141_10175	35492	56571	Clostridium	Clostridium perfringens
B12_6_months	k141_10557_phage433_1_29684_22_0.8	29684	B12_6_months__1261_Peptostreptococcus_anaerobius__k141_10557	2	29685	Peptostreptococcus	Peptostreptococcus anaerobius
B12_6_months	k141_11015_phage506_3030_31611_23_0.64	28582	B12_6_months__1491_Clostridium_botulinum__k141_11015	3031	31612	Clostridium	Clostridium botulinum
B12_6_months	k141_11460_phage16_39930_55098_13_0.56	15169	B12_6_months__137838_Clostridium_neonatale__k141_11460	39931	55099	Clostridium	Clostridium neonatale
B12_6_months	k141_11721_1_checkv_1-13687/98786	13687	B12_6_months__562_Escherichia_coli__k141_11721	1	13687	Escherichia	Escherichia coli
B12_6_months	k141_1194_1_checkv_2503-30651/30651	28149	B12_6_months__548_Klebsiella_aerogenes__k141_1194	2503	30651	Klebsiella	Klebsiella aerogenes
B12_6_months	k141_1244_phage178_1_18460_18_0.68	18460	B12_6_months__1491_Clostridium_botulinum__k141_1244	2	18461	Clostridium	Clostridium botulinum
B12_6_months	k141_12657	25243	B12_6_months__546_Citrobacter_freundii__k141_12657	1	25243	Citrobacter	Citrobacter freundii
B12_6_months	k141_1287_phage194_2_17180_17_0.64	17179	B12_6_months__1261_Peptostreptococcus_anaerobius__k141_1287	3	17181	Peptostreptococcus	Peptostreptococcus anaerobius
B12_6_months	k141_13603_phage418_200016_212810_12_0.54	12795	B12_6_months__1502_Clostridium_perfringens__k141_13603	200017	212811	Clostridium	Clostridium perfringens
B12_6_months	k141_13603_phage420_249123_263444_12_0.53	14322	B12_6_months__1502_Clostridium_perfringens__k141_13603	249124	263445	Clostridium	Clostridium perfringens
B12_6_months	k141_14160_phage502_53890_76139_23_0.59	22250	B12_6_months__292800_Flavonifractor_plautii__k141_14160	53891	76140	Flavonifractor	Flavonifractor plautii
B12_6_months	k141_15393_1_checkv_62189-102579/135570	40391	B12_6_months__137838_Clostridium_neonatale__k141_15393	62189	102579	Clostridium	Clostridium neonatale
B12_6_months	k141_15861_phage105_22499_39185_20_0.67	16687	B12_6_months__137838_Clostridium_neonatale__k141_15861	22500	39186	Clostridium	Clostridium neonatale
B12_6_months	k141_15976_1_checkv_4156-31482/31482	27327	B12_6_months__546_Citrobacter_freundii__k141_15976	4156	31482	Citrobacter	Citrobacter freundii
B12_6_months	k141_16088	10805	B12_6_months__548_Klebsiella_aerogenes__k141_16088	1	10805	Klebsiella	Klebsiella aerogenes
B12_6_months	k141_16105	10809	B12_6_months__137838_Clostridium_neonatale__k141_16105	1	10809	Clostridium	Clostridium neonatale
B12_6_months	k141_16774	11292	B12_6_months__137838_Clostridium_neonatale__k141_16774	1	11292	Clostridium	Clostridium neonatale
B12_6_months	k141_1690_1_checkv_33706-78732/104675	45027	B12_6_months__29466_Veillonella_parvula__k141_1690	33706	78732	Veillonella	Veillonella parvula
B12_6_months	k141_20470_phage292_2_16526_16_0.72	16525	B12_6_months__1261_Peptostreptococcus_anaerobius__k141_20470	3	16527	Peptostreptococcus	Peptostreptococcus anaerobius
B12_6_months	k141_20596_phage311_2_36438_41_0.73	36436	B12_6_months__1502_Clostridium_perfringens__k141_20596	3	36438	Clostridium	Clostridium perfringens
B12_6_months	k141_21425_phage439_2_13023_21_0.58	13022	B12_6_months__548_Klebsiella_aerogenes__k141_21425	3	13024	Klebsiella	Klebsiella aerogenes
B12_6_months	k141_2334_1_checkv_30370-41496/41496	11127	B12_6_months__292800_Flavonifractor_plautii__k141_2334	30370	41496	Flavonifractor	Flavonifractor plautii
B12_6_months	k141_24062	13768	B12_6_months__562_Escherichia_coli__k141_24062	1	13768	Escherichia	Escherichia coli
B12_6_months	k141_24743_phage381_18454_38717_26_0.68	20264	B12_6_months__137838_Clostridium_neonatale__k141_24743	18455	38718	Clostridium	Clostridium neonatale
B12_6_months	k141_25933_1_checkv_54088-80885/80885	26798	B12_6_months__292800_Flavonifractor_plautii__k141_25933	54088	80885	Flavonifractor	Flavonifractor plautii
B12_6_months	k141_26073_1_checkv_1-11865/80106	11865	B12_6_months__562_Escherichia_coli__k141_26073	1	11865	Escherichia	Escherichia coli
B12_6_months	k141_26568_phage12_411_23102_25_0.81	22692	B12_6_months__1261_Peptostreptococcus_anaerobius__k141_26568	412	23103	Peptostreptococcus	Peptostreptococcus anaerobius
B12_6_months	k141_28139_1_checkv_80267-117070/719805	36804	B12_6_months__1351_Enterococcus_faecalis__k141_28139	80267	117070	Enterococcus	Enterococcus faecalis
B12_6_months	k141_28237_phage351_1_40230_64_0.88	40230	B12_6_months__1261_Peptostreptococcus_anaerobius__k141_28237	2	40231	Peptostreptococcus	Peptostreptococcus anaerobius
B12_6_months	k141_29949_phage588_62237_75268_13_0.64	13032	B12_6_months__1261_Peptostreptococcus_anaerobius__k141_29949	62238	75269	Peptostreptococcus	Peptostreptococcus anaerobius
B12_6_months	k141_3086_1_checkv_43735-77938/148442	34204	B12_6_months__1502_Clostridium_perfringens__k141_3086	43735	77938	Clostridium	Clostridium perfringens
B12_6_months	k141_30990_phage164_1_11017_13_0.69	11017	B12_6_months__137838_Clostridium_neonatale__k141_30990	2	11018	Clostridium	Clostridium neonatale
B12_6_months	k141_32054_phage375_2483_21540_16_0.58	19058	B12_6_months__1261_Peptostreptococcus_anaerobius__k141_32054	2484	21541	Peptostreptococcus	Peptostreptococcus anaerobius
B12_6_months	k141_32525_phage467_22455_49709_30_0.57	27255	B12_6_months__292800_Flavonifractor_plautii__k141_32525	22456	49710	Flavonifractor	Flavonifractor plautii
B12_6_months	k141_33271_phage592_1_13061_19_0.78	13061	B12_6_months__137838_Clostridium_neonatale__k141_33271	2	13062	Clostridium	Clostridium neonatale
B12_6_months	k141_34195_phage18_405_21199_20_0.63	20795	B12_6_months__1491_Clostridium_botulinum__k141_34195	406	21200	Clostridium	Clostridium botulinum
B12_6_months	k141_34213_phage34_19993_56914_30_0.54	36922	B12_6_months__1502_Clostridium_perfringens__k141_34213	19994	56915	Clostridium	Clostridium perfringens
B12_6_months	k141_35834_1_checkv_1-23056/34021	23056	B12_6_months__1491_Clostridium_botulinum__k141_35834	1	23056	Clostridium	Clostridium botulinum
B12_6_months	k141_36060_phage379_39771_50125_10_0.59	10355	B12_6_months__435842_Streptococcus_sp._C150__k141_36060	39772	50126	Streptococcus	Streptococcus sp. C150
B12_6_months	k141_36946_phage497_282_54454_44_0.66	54173	B12_6_months__137838_Clostridium_neonatale__k141_36946	283	54455	Clostridium	Clostridium neonatale
B12_6_months	k141_37735_phage600_173018_186512_14_0.62	13495	B12_6_months__137838_Clostridium_neonatale__k141_37735	173019	186513	Clostridium	Clostridium neonatale
B12_6_months	k141_38703_phage210_26395_44714_30_0.71	18320	B12_6_months__137838_Clostridium_neonatale__k141_38703	26396	44715	Clostridium	Clostridium neonatale
B12_6_months	k141_39134_1_checkv_97673-119161/119161	21489	B12_6_months__292800_Flavonifractor_plautii__k141_39134	97673	119161	Flavonifractor	Flavonifractor plautii
B12_6_months	k141_39469_phage335_24035_37456_16_0.58	13422	B12_6_months__137838_Clostridium_neonatale__k141_39469	24036	37457	Clostridium	Clostridium neonatale
B12_6_months	k141_40194_1_checkv_1-18392/21879	18392	B12_6_months__546_Citrobacter_freundii__k141_40194	1	18392	Citrobacter	Citrobacter freundii
B12_6_months	k141_40195_phage431_17759_30065_10_0.7	12307	B12_6_months__1491_Clostridium_botulinum__k141_40195	17760	30066	Clostridium	Clostridium botulinum
B12_6_months	k141_40574_phage499_3_16894_24_0.78	16892	B12_6_months__1491_Clostridium_botulinum__k141_40574	4	16895	Clostridium	Clostridium botulinum
B12_6_months	k141_40779	22488	B12_6_months__137838_Clostridium_neonatale__k141_40779	1	22488	Clostridium	Clostridium neonatale
B12_6_months	k141_4127	11262	B12_6_months__546_Citrobacter_freundii__k141_4127	1	11262	Citrobacter	Citrobacter freundii
B12_6_months	k141_41649_phage13_1745_23801_19_0.66	22057	B12_6_months__137838_Clostridium_neonatale__k141_41649	1746	23802	Clostridium	Clostridium neonatale
B12_6_months	k141_42006_phage61_78293_90353_11_0.58	12061	B12_6_months__1502_Clostridium_perfringens__k141_42006	78294	90354	Clostridium	Clostridium perfringens
B12_6_months	k141_42305_phage123_67275_84832_12_0.55	17558	B12_6_months__1502_Clostridium_perfringens__k141_42305	67276	84833	Clostridium	Clostridium perfringens
B12_6_months	k141_42305_phage128_218611_231362_13_0.6	12752	B12_6_months__1502_Clostridium_perfringens__k141_42305	218612	231363	Clostridium	Clostridium perfringens
B12_6_months	k141_43168_phage267_41270_52674_12_0.79	11405	B12_6_months__1261_Peptostreptococcus_anaerobius__k141_43168	41271	52675	Peptostreptococcus	Peptostreptococcus anaerobius
B12_6_months	k141_43770_1_checkv_1-10617/18944	10617	B12_6_months__546_Citrobacter_freundii__k141_43770	1	10617	Citrobacter	Citrobacter freundii
B12_6_months	k141_45663_phage97_114_21180_19_0.7	21067	B12_6_months__1261_Peptostreptococcus_anaerobius__k141_45663	115	21181	Peptostreptococcus	Peptostreptococcus anaerobius
B12_6_months	k141_45663_phage98_26186_53917_23_0.77	27732	B12_6_months__1261_Peptostreptococcus_anaerobius__k141_45663	26187	53918	Peptostreptococcus	Peptostreptococcus anaerobius
B12_6_months	k141_46346_1_checkv_1-25888/45943	25888	B12_6_months__1261_Peptostreptococcus_anaerobius__k141_46346	1	25888	Peptostreptococcus	Peptostreptococcus anaerobius
B12_6_months	k141_4671_phage193_81667_94396_11_0.56	12730	B12_6_months__1491_Clostridium_botulinum__k141_4671	81668	94397	Clostridium	Clostridium botulinum
B12_6_months	k141_47502_phage402_19421_44062_27_0.65	24642	B12_6_months__435842_Streptococcus_sp._C150__k141_47502	19422	44063	Streptococcus	Streptococcus sp. C150
B12_6_months	k141_48771	15663	B12_6_months__562_Escherichia_coli__k141_48771	1	15663	Escherichia	Escherichia coli
B12_6_months	k141_49886	24472	B12_6_months__546_Citrobacter_freundii__k141_49886	1	24472	Citrobacter	Citrobacter freundii
B12_6_months	k141_52446	20638	B12_6_months__562_Escherichia_coli__k141_52446	1	20638	Escherichia	Escherichia coli
B12_6_months	k141_52921_phage1_9804_27627_22_0.6	17824	B12_6_months__1491_Clostridium_botulinum__k141_52921	9805	27628	Clostridium	Clostridium botulinum
B12_6_months	k141_52997_1_checkv_84572-124447/127264	39876	B12_6_months__562_Escherichia_coli__k141_52997	84572	124447	Escherichia	Escherichia coli
B12_6_months	k141_53481_1_checkv_29151-54686/54686	25536	B12_6_months__562_Escherichia_coli__k141_53481	29151	54686	Escherichia	Escherichia coli
B12_6_months	k141_54324_phage277_1_20911_21_0.61	20911	B12_6_months__137838_Clostridium_neonatale__k141_54324	2	20912	Clostridium	Clostridium neonatale
B12_6_months	k141_55016_phage369_11532_23182_10_0.6	11651	B12_6_months__137838_Clostridium_neonatale__k141_55016	11533	23183	Clostridium	Clostridium neonatale
B12_6_months	k141_55189_phage392_2_17549_24_0.8	17548	B12_6_months__29466_Veillonella_parvula__k141_55189	3	17550	Veillonella	Veillonella parvula
B12_6_months	k141_57436_phage108_71641_84580_12_0.56	12940	B12_6_months__1502_Clostridium_perfringens__k141_57436	71642	84581	Clostridium	Clostridium perfringens
B12_6_months	k141_57703_phage155_10619_26346_15_0.61	15728	B12_6_months__261299_Intestinibacter_bartlettii__k141_57703	10620	26347	Intestinibacter	Intestinibacter bartlettii
B12_6_months	k141_58047	27356	B12_6_months__137838_Clostridium_neonatale__k141_58047	1	27356	Clostridium	Clostridium neonatale
B12_6_months	k141_58832_phage303_160_23534_23_0.63	23375	B12_6_months__28026_Bifidobacterium_pseudocatenulatum__k141_58832	161	23535	Bifidobacterium	Bifidobacterium pseudocatenulatum
B12_6_months	k141_59050_phage349_1_25436_31_0.79	25436	B12_6_months__137838_Clostridium_neonatale__k141_59050	2	25437	Clostridium	Clostridium neonatale
B12_6_months	k141_59221	21446	B12_6_months__137838_Clostridium_neonatale__k141_59221	1	21446	Clostridium	Clostridium neonatale
B12_6_months	k141_7736_phage38_53682_74854_20_0.72	21173	B12_6_months__1502_Clostridium_perfringens__k141_7736	53683	74855	Clostridium	Clostridium perfringens
B12_6_months	k141_9613_1_checkv_1-32723/73256	32723	B12_6_months__562_Escherichia_coli__k141_9613	1	32723	Escherichia	Escherichia coli
B13_12_months	k141_102401_phage829_11_23927_26_0.73	23917	B13_12_months__137838_Clostridium_neonatale__k141_102401	12	23928	Clostridium	Clostridium neonatale
B13_12_months	k141_102629_phage864_2_38346_44_0.71	38345	B13_12_months__137838_Clostridium_neonatale__k141_102629	3	38347	Clostridium	Clostridium neonatale
B13_12_months	k141_103704_phage1058_3_18830_18_0.63	18828	B13_12_months__40518_Ruminococcus_bromii__k141_103704	4	18831	Ruminococcus	Ruminococcus bromii
B13_12_months	k141_105486_phage1331_6453_18937_12_0.63	12485	B13_12_months__1160721_Ruminococcus_bicirculans__k141_105486	6454	18938	Ruminococcus	Ruminococcus bicirculans
B13_12_months	k141_106433	12609	B13_12_months__46228_[Ruminococcus]_lactaris__k141_106433	1	12609	Mediterraneibacter	[Ruminococcus] lactaris
B13_12_months	k141_106658_phage1507_31372_44906_16_0.71	13534	B13_12_months__40520_Blautia_obeum__k141_106658	31373	44906	Blautia	Blautia obeum
B13_12_months	k141_106997_phage1547_747_11409_11_0.6	10663	B13_12_months__2292372_Ruminococcus_sp._AM42-11__k141_106997	748	11410	Ruminococcus	Ruminococcus sp. AM42-11
B13_12_months	k141_108210	25938	B13_12_months__29361_Tyzzerella_nexilis__k141_108210	1	25938	Tyzzerella	Tyzzerella nexilis
B13_12_months	k141_109179	31272	B13_12_months__1720194_Clostridium_sp._AT4__k141_109179	1	31272	Clostridium	Clostridium sp. AT4
B13_12_months	k141_110439_phage358_3_16414_15_0.71	16412	B13_12_months__1547_Erysipelatoclostridium_ramosum__k141_110439	4	16415	Erysipelatoclostridium	Erysipelatoclostridium ramosum
B13_12_months	k141_111333_1_checkv_1-20701/40650	20701	B13_12_months__1311774_Acinetobacter_pittii__k141_111333	1	20701	Acinetobacter	Acinetobacter pittii
B13_12_months	k141_112344_1_checkv_1-25115/47584	25115	B13_12_months__1160721_Ruminococcus_bicirculans__k141_112344	1	25115	Ruminococcus	Ruminococcus bicirculans
B13_12_months	k141_112580_phage827_8478_22141_10_0.71	13664	B13_12_months__29347_[Clostridium]_scindens__k141_112580	8479	22142	Lachnoclostridium	[Clostridium] scindens
B13_12_months	k141_113259_phage1040_10378_24064_12_0.59	13687	B13_12_months__2093857_Dysosmobacter_welbionis__k141_113259	10379	24065	Dysosmobacter	Dysosmobacter welbionis
B13_12_months	k141_113648_phage1090_3086_23843_12_0.65	20758	B13_12_months__341225_[Clostridium]_saccharogumia__k141_113648	3087	23844	Erysipelatoclostridium	[Clostridium] saccharogumia
B13_12_months	k141_114381_1_checkv_93528-153965/199144	60438	B13_12_months__1262887_Eubacterium_sp._CAG:252__k141_114381	93528	153965	Eubacterium	Eubacterium sp. CAG:252
B13_12_months	k141_114706_phage1324_1_24497_23_0.74	24497	B13_12_months__137838_Clostridium_neonatale__k141_114706	2	24498	Clostridium	Clostridium neonatale
B13_12_months	k141_114890_phage1352_60386_71252_12_0.56	10867	B13_12_months__1262887_Eubacterium_sp._CAG:252__k141_114890	60387	71253	Eubacterium	Eubacterium sp. CAG:252
B13_12_months	k141_115127	32363	B13_12_months__46228_[Ruminococcus]_lactaris__k141_115127	1	32363	Mediterraneibacter	[Ruminococcus] lactaris
B13_12_months	k141_115278	22504	B13_12_months__2292308_Clostridium_sp._OF03-18AA__k141_115278	1	22504	Clostridium	Clostridium sp. OF03-18AA
B13_12_months	k141_11558	32571	B13_12_months__2305242_Clostridium_sp._AM34-11AC__k141_11558	1	32571	Clostridium	Clostridium sp. AM34-11AC
B13_12_months	k141_116505	106517	B13_12_months__239935_Akkermansia_muciniphila__k141_116505	1	106517	Akkermansia	Akkermansia muciniphila
B13_12_months	k141_116679	30674	B13_12_months__100884_Coprobacillus_cateniformis__k141_116679	1	30674	Coprobacillus	Coprobacillus cateniformis
B13_12_months	k141_120933	11848	B13_12_months__1547_Erysipelatoclostridium_ramosum__k141_120933	1	11848	Erysipelatoclostridium	Erysipelatoclostridium ramosum
B13_12_months	k141_121061_phage263_15157_49475_22_0.61	34319	B13_12_months__1547_Erysipelatoclostridium_ramosum__k141_121061	15158	49476	Erysipelatoclostridium	Erysipelatoclostridium ramosum
B13_12_months	k141_122510_2_checkv_40895-59236/59236	18342	B13_12_months__1262769_Clostridium_sp._CAG:1013__k141_122510	40895	59236	Clostridium	Clostridium sp. CAG:1013
B13_12_months	k141_122807	19274	B13_12_months__39777_Veillonella_atypica__k141_122807	1	19274	Veillonella	Veillonella atypica
B13_12_months	k141_122863_phage642_126_17078_17_0.82	16953	B13_12_months__47715_Lacticaseibacillus_rhamnosus__k141_122863	127	17079	Lacticaseibacillus	Lacticaseibacillus rhamnosus
B13_12_months	k141_123282	11360	B13_12_months__137838_Clostridium_neonatale__k141_123282	1	11360	Clostridium	Clostridium neonatale
B13_12_months	k141_123307_1_checkv_1-33281/44656	33281	B13_12_months__3009767_Clostridium_sp._1001175st1_A10__k141_123307	1	33281	Clostridium	Clostridium sp. 1001175st1 A10
B13_12_months	k141_123905_phage856_17459_35049_15_0.7	17591	B13_12_months__137838_Clostridium_neonatale__k141_123905	17460	35050	Clostridium	Clostridium neonatale
B13_12_months	k141_124189_phage981_705_25073_23_0.52	24369	B13_12_months__2292351_Eubacterium_sp._AM49-13BH__k141_124189	706	25074	Eubacterium	Eubacterium sp. AM49-13BH
B13_12_months	k141_125912_phage1313_166_33564_26_0.72	33399	B13_12_months__40518_Ruminococcus_bromii__k141_125912	167	33565	Ruminococcus	Ruminococcus bromii
B13_12_months	k141_126949	28029	B13_12_months__137838_Clostridium_neonatale__k141_126949	1	28029	Clostridium	Clostridium neonatale
B13_12_months	k141_127535	34187	B13_12_months__28025_Bifidobacterium_animalis__k141_127535	1	34187	Bifidobacterium	Bifidobacterium animalis
B13_12_months	k141_127724	25044	B13_12_months__28025_Bifidobacterium_animalis__k141_127724	1	25044	Bifidobacterium	Bifidobacterium animalis
B13_12_months	k141_12773_phage325_163_19233_16_0.67	19071	B13_12_months__1547_Erysipelatoclostridium_ramosum__k141_12773	164	19234	Erysipelatoclostridium	Erysipelatoclostridium ramosum
B13_12_months	k141_127793	16447	B13_12_months__1547_Erysipelatoclostridium_ramosum__k141_127793	1	16447	Erysipelatoclostridium	Erysipelatoclostridium ramosum
B13_12_months	k141_129936	10331	B13_12_months__512314_uncultured_Roseburia_sp.__k141_129936	1	10331	Roseburia	uncultured Roseburia sp.
B13_12_months	k141_130570_1_checkv_2540-23370/23370	20831	B13_12_months__29347_[Clostridium]_scindens__k141_130570	2540	23370	Lachnoclostridium	[Clostridium] scindens
B13_12_months	k141_130925_phage31_1957_13833_15_0.57	11877	B13_12_months__1598_Limosilactobacillus_reuteri__k141_130925	1958	13834	Limosilactobacillus	Limosilactobacillus reuteri
B13_12_months	k141_130985_1_checkv_1-12967/25127	12967	B13_12_months__137838_Clostridium_neonatale__k141_130985	1	12967	Clostridium	Clostridium neonatale
B13_12_months	k141_132201_1_checkv_157974-200180/200180	42207	B13_12_months__246787_Bacteroides_cellulosilyticus__k141_132201	157974	200180	Bacteroides	Bacteroides cellulosilyticus
B13_12_months	k141_132433_phage410_294_22153_19_0.59	21859	B13_12_months__39486_Dorea_formicigenerans__k141_132433	295	22153	Dorea	Dorea formicigenerans
B13_12_months	k141_13312_phage445_3_33707_49_0.87	33704	B13_12_months__137838_Clostridium_neonatale__k141_13312	4	33707	Clostridium	Clostridium neonatale
B13_12_months	k141_136133_phage1152_26106_49498_21_0.61	23393	B13_12_months__1547_Erysipelatoclostridium_ramosum__k141_136133	26107	49499	Erysipelatoclostridium	Erysipelatoclostridium ramosum
B13_12_months	k141_136462	24497	B13_12_months__1547_Erysipelatoclostridium_ramosum__k141_136462	1	24497	Erysipelatoclostridium	Erysipelatoclostridium ramosum
B13_12_months	k141_137729	10862	B13_12_months__1160721_Ruminococcus_bicirculans__k141_137729	1	10862	Ruminococcus	Ruminococcus bicirculans
B13_12_months	k141_137743_phage1462_2_14365_13_0.72	14364	B13_12_months__1982628_Faecalibacillus_faecis__k141_137743	3	14366	Faecalibacillus	Faecalibacillus faecis
B13_12_months	k141_140393_phage1857_116_10693_10_0.54	10578	B13_12_months__137838_Clostridium_neonatale__k141_140393	117	10694	Clostridium	Clostridium neonatale
B13_12_months	k141_142759	91721	B13_12_months__246787_Bacteroides_cellulosilyticus__k141_142759	1	91721	Bacteroides	Bacteroides cellulosilyticus
B13_12_months	k141_144221_phage542_8196_21107_15_0.64	12912	B13_12_months__137838_Clostridium_neonatale__k141_144221	8197	21108	Clostridium	Clostridium neonatale
B13_12_months	k141_145131_1_checkv_50187-74803/74803	24617	B13_12_months__29347_[Clostridium]_scindens__k141_145131	50187	74803	Lachnoclostridium	[Clostridium] scindens
B13_12_months	k141_145176	27789	B13_12_months__28025_Bifidobacterium_animalis__k141_145176	1	27789	Bifidobacterium	Bifidobacterium animalis
B13_12_months	k141_145601_phage812_1_11502_20_0.6	11502	B13_12_months__165186_uncultured_Ruminococcus_sp.__k141_145601	2	11503	Ruminococcus	uncultured Ruminococcus sp.
B13_12_months	k141_146175_1_checkv_38137-48843/48843	10707	B13_12_months__1598_Limosilactobacillus_reuteri__k141_146175	38137	48843	Limosilactobacillus	Limosilactobacillus reuteri
B13_12_months	k141_146520_phage1041_47_13511_15_0.64	13465	B13_12_months__100884_Coprobacillus_cateniformis__k141_146520	48	13512	Coprobacillus	Coprobacillus cateniformis
B13_12_months	k141_146655_phage1071_180_20215_18_0.66	20036	B13_12_months__1598_Limosilactobacillus_reuteri__k141_146655	181	20216	Limosilactobacillus	Limosilactobacillus reuteri
B13_12_months	k141_147305_phage1145_1_15787_17_0.72	15787	B13_12_months__100884_Coprobacillus_cateniformis__k141_147305	2	15788	Coprobacillus	Coprobacillus cateniformis
B13_12_months	k141_14765	34674	B13_12_months__1262784_Clostridium_sp._CAG:245__k141_14765	1	34674	Clostridium	Clostridium sp. CAG:245
B13_12_months	k141_148149	10805	B13_12_months__165186_uncultured_Ruminococcus_sp.__k141_148149	1	10805	Ruminococcus	uncultured Ruminococcus sp.
B13_12_months	k141_148467_phage1388_10701_22588_17_0.55	11888	B13_12_months__1720194_Clostridium_sp._AT4__k141_148467	10702	22589	Clostridium	Clostridium sp. AT4
B13_12_months	k141_148467_phage1389_25715_35854_14_0.52	10139	B13_12_months__1720194_Clostridium_sp._AT4__k141_148467	25716	35854	Clostridium	Clostridium sp. AT4
B13_12_months	k141_149171	47385	B13_12_months__216816_Bifidobacterium_longum__k141_149171	1	47385	Bifidobacterium	Bifidobacterium longum
B13_12_months	k141_149486_phage1575_138_11835_10_0.57	11698	B13_12_months__1263065_Clostridium_clostridioforme_CAG:132__k141_149486	139	11836	Clostridium	Clostridium clostridioforme CAG:132
B13_12_months	k141_15203_phage778_394_17696_12_0.78	17303	B13_12_months__341225_[Clostridium]_saccharogumia__k141_15203	395	17697	Erysipelatoclostridium	[Clostridium] saccharogumia
B13_12_months	k141_152790_1_checkv_40798-113560/184456	72763	B13_12_months__626937_Christensenella_minuta__k141_152790	40798	113560	Christensenella	Christensenella minuta
B13_12_months	k141_152916	40898	B13_12_months__2292372_Ruminococcus_sp._AM42-11__k141_152916	1	40898	Ruminococcus	Ruminococcus sp. AM42-11
B13_12_months	k141_15423_phage813_1_14320_16_0.7	14320	B13_12_months__100884_Coprobacillus_cateniformis__k141_15423	2	14321	Coprobacillus	Coprobacillus cateniformis
B13_12_months	k141_156495_phage826_1_12684_10_0.67	12684	B13_12_months__261299_Intestinibacter_bartlettii__k141_156495	2	12685	Intestinibacter	Intestinibacter bartlettii
B13_12_months	k141_157079_phage909_7037_17798_12_0.73	10762	B13_12_months__278064_uncultured_Dialister_sp.__k141_157079	7038	17799	Dialister	uncultured Dialister sp.
B13_12_months	k141_157603_phage993_2_17180_19_0.85	17179	B13_12_months__261299_Intestinibacter_bartlettii__k141_157603	3	17181	Intestinibacter	Intestinibacter bartlettii
B13_12_months	k141_158299_1_checkv_71833-118880/206172	47048	B13_12_months__40518_Ruminococcus_bromii__k141_158299	71833	118880	Ruminococcus	Ruminococcus bromii
B13_12_months	k141_159791_phage1339_2_17919_14_0.74	17918	B13_12_months__341225_[Clostridium]_saccharogumia__k141_159791	3	17920	Erysipelatoclostridium	[Clostridium] saccharogumia
B13_12_months	k141_161831	20428	B13_12_months__137838_Clostridium_neonatale__k141_161831	1	20428	Clostridium	Clostridium neonatale
B13_12_months	k141_162288_1_checkv_26738-57303/83406	30566	B13_12_months__562_Escherichia_coli__k141_162288	26738	57303	Escherichia	Escherichia coli
B13_12_months	k141_162313_phage1670_22141_33917_16_0.65	11777	B13_12_months__137838_Clostridium_neonatale__k141_162313	22142	33918	Clostridium	Clostridium neonatale
B13_12_months	k141_163488_phage14_150530_175835_24_0.64	25306	B13_12_months__1262887_Eubacterium_sp._CAG:252__k141_163488	150531	175836	Eubacterium	Eubacterium sp. CAG:252
B13_12_months	k141_164486	15682	B13_12_months__1263065_Clostridium_clostridioforme_CAG:132__k141_164486	1	15682	Clostridium	Clostridium clostridioforme CAG:132
B13_12_months	k141_164948	38811	B13_12_months__2093857_Dysosmobacter_welbionis__k141_164948	1	38811	Dysosmobacter	Dysosmobacter welbionis
B13_12_months	k141_165228_1_checkv_106295-161633/161633	55339	B13_12_months__61171_Holdemania_filiformis__k141_165228	106295	161633	Holdemania	Holdemania filiformis
B13_12_months	k141_166691_1_checkv_17337-45909/94232	28573	B13_12_months__39486_Dorea_formicigenerans__k141_166691	17337	45909	Dorea	Dorea formicigenerans
B13_12_months	k141_166868_phage749_1411_20544_18_0.57	19134	B13_12_months__137838_Clostridium_neonatale__k141_166868	1412	20545	Clostridium	Clostridium neonatale
B13_12_months	k141_167262_1_checkv_21666-38373/71621	16708	B13_12_months__2093857_Dysosmobacter_welbionis__k141_167262	21666	38373	Dysosmobacter	Dysosmobacter welbionis
B13_12_months	k141_167318_phage825_5606_18957_13_0.73	13352	B13_12_months__261299_Intestinibacter_bartlettii__k141_167318	5607	18958	Intestinibacter	Intestinibacter bartlettii
B13_12_months	k141_168076_1_checkv_1-30571/35628	30571	B13_12_months__239935_Akkermansia_muciniphila__k141_168076	1	30571	Akkermansia	Akkermansia muciniphila
B13_12_months	k141_168447	10073	B13_12_months__2305242_Clostridium_sp._AM34-11AC__k141_168447	1	10073	Clostridium	Clostridium sp. AM34-11AC
B13_12_months	k141_168645_phage1094_1_50538_49_0.7	50538	B13_12_months__261299_Intestinibacter_bartlettii__k141_168645	2	50539	Intestinibacter	Intestinibacter bartlettii
B13_12_months	k141_169062_phage1151_1_18338_15_0.8	18337	B13_12_months__261299_Intestinibacter_bartlettii__k141_169062	2	18338	Intestinibacter	Intestinibacter bartlettii
B13_12_months	k141_169510_phage1272_7883_19446_14_0.78	11564	B13_12_months__341225_[Clostridium]_saccharogumia__k141_169510	7884	19447	Erysipelatoclostridium	[Clostridium] saccharogumia
B13_12_months	k141_169781	20203	B13_12_months__137838_Clostridium_neonatale__k141_169781	1	20203	Clostridium	Clostridium neonatale
B13_12_months	k141_17246_phage1120_1795_45319_40_0.8	43525	B13_12_months__137838_Clostridium_neonatale__k141_17246	1796	45320	Clostridium	Clostridium neonatale
B13_12_months	k141_173603_1_checkv_71868-108793/108793	36926	B13_12_months__818_Bacteroides_thetaiotaomicron__k141_173603	71868	108793	Bacteroides	Bacteroides thetaiotaomicron
B13_12_months	k141_175059_phage138_3_24957_13_0.74	24955	B13_12_months__301302_Roseburia_faecis__k141_175059	4	24958	Roseburia	Roseburia faecis
B13_12_months	k141_175218_phage184_2_24453_28_0.75	24452	B13_12_months__1547_Erysipelatoclostridium_ramosum__k141_175218	3	24454	Erysipelatoclostridium	Erysipelatoclostridium ramosum
B13_12_months	k141_17606_phage1176_3112_14447_11_0.63	11336	B13_12_months__512314_uncultured_Roseburia_sp.__k141_17606	3113	14448	Roseburia	uncultured Roseburia sp.
B13_12_months	k141_17662_phage1187_76036_90041_15_0.59	14006	B13_12_months__1160721_Ruminococcus_bicirculans__k141_17662	76037	90042	Ruminococcus	Ruminococcus bicirculans
B13_12_months	k141_177167_phage621_92136_109777_11_0.59	17642	B13_12_months__1262887_Eubacterium_sp._CAG:252__k141_177167	92137	109778	Eubacterium	Eubacterium sp. CAG:252
B13_12_months	k141_177498_phage666_652_17140_10_0.61	16489	B13_12_months__137838_Clostridium_neonatale__k141_177498	653	17141	Clostridium	Clostridium neonatale
B13_12_months	k141_178275	13995	B13_12_months__46228_[Ruminococcus]_lactaris__k141_178275	1	13995	Mediterraneibacter	[Ruminococcus] lactaris
B13_12_months	k141_180523_phage1213_9365_29875_22_0.7	20511	B13_12_months__246787_Bacteroides_cellulosilyticus__k141_180523	9366	29876	Bacteroides	Bacteroides cellulosilyticus
B13_12_months	k141_181589_1_checkv_64838-83686/83686	18849	B13_12_months__61171_Holdemania_filiformis__k141_181589	64838	83686	Holdemania	Holdemania filiformis
B13_12_months	k141_181606	13777	B13_12_months__2305242_Clostridium_sp._AM34-11AC__k141_181606	1	13777	Clostridium	Clostridium sp. AM34-11AC
B13_12_months	k141_182333_1_checkv_62458-91638/91638	29181	B13_12_months__48296_Acinetobacter_pittii__k141_182333	62458	91638	Acinetobacter	Acinetobacter pittii
B13_12_months	k141_182973	12662	B13_12_months__2293210_Ruminococcus_sp._AM36-2AA__k141_182973	1	12662	Ruminococcus	Ruminococcus sp. AM36-2AA
B13_12_months	k141_184543_phage1817_15803_29546_16_0.62	13744	B13_12_months__1982628_Faecalibacillus_faecis__k141_184543	15804	29547	Faecalibacillus	Faecalibacillus faecis
B13_12_months	k141_184787	13340	B13_12_months__1897016_Roseburia_sp._CAG:10041_57__k141_184787	1	13340	Roseburia	Roseburia sp. CAG:10041_57
B13_12_months	k141_185490_phage49_53080_85706_21_0.64	32627	B13_12_months__88431_Dorea_longicatena__k141_185490	53081	85707	Dorea	Dorea longicatena
B13_12_months	k141_186315_1_checkv_1-66447/127443	66447	B13_12_months__1262897_Faecalibacterium_sp._CAG:74__k141_186315	1	66447	Faecalibacterium	Faecalibacterium sp. CAG:74
B13_12_months	k141_188055_1_checkv_17522-55239/55239	37718	B13_12_months__1547_Erysipelatoclostridium_ramosum__k141_188055	17522	55239	Erysipelatoclostridium	Erysipelatoclostridium ramosum
B13_12_months	k141_188999	35587	B13_12_months__137838_Clostridium_neonatale__k141_188999	1	35587	Clostridium	Clostridium neonatale
B13_12_months	k141_189299_phage755_10533_24154_13_0.62	13622	B13_12_months__1598_Limosilactobacillus_reuteri__k141_189299	10534	24155	Limosilactobacillus	Limosilactobacillus reuteri
B13_12_months	k141_18948	14320	B13_12_months__2559709_Clostridium_sp._1001175st1_A10__k141_18948	1	14320	Clostridium	Clostridium sp. 1001175st1 A10
B13_12_months	k141_191066	24250	B13_12_months__2291994_Absiella_sp._AM09-50__k141_191066	1	24250	Absiella	Absiella sp. AM09-50
B13_12_months	k141_193442	19346	B13_12_months__301301_Roseburia_hominis__k141_193442	1	19346	Roseburia	Roseburia hominis
B13_12_months	k141_19545	35441	B13_12_months__1262897_Faecalibacterium_sp._CAG:74__k141_19545	1	35441	Faecalibacterium	Faecalibacterium sp. CAG:74
B13_12_months	k141_198858_phage537_500_17690_16_0.75	17191	B13_12_months__137838_Clostridium_neonatale__k141_198858	501	17691	Clostridium	Clostridium neonatale
B13_12_months	k141_19942	139255	B13_12_months__239935_Akkermansia_muciniphila__k141_19942	1	139255	Akkermansia	Akkermansia muciniphila
B13_12_months	k141_20078	11530	B13_12_months__137838_Clostridium_neonatale__k141_20078	1	11530	Clostridium	Clostridium neonatale
B13_12_months	k141_200986_1_checkv_1-38211/49672	38211	B13_12_months__2293210_Ruminococcus_sp._AM36-2AA__k141_200986	1	38211	Ruminococcus	Ruminococcus sp. AM36-2AA
B13_12_months	k141_203646	14596	B13_12_months__1263065_Clostridium_clostridioforme_CAG:132__k141_203646	1	14596	Clostridium	Clostridium clostridioforme CAG:132
B13_12_months	k141_203772	32557	B13_12_months__2292308_Clostridium_sp._OF03-18AA__k141_203772	1	32557	Clostridium	Clostridium sp. OF03-18AA
B13_12_months	k141_204053_1_checkv_6920-32969/32969	26050	B13_12_months__1263065_Clostridium_clostridioforme_CAG:132__k141_204053	6920	32969	Clostridium	Clostridium clostridioforme CAG:132
B13_12_months	k141_204163	13187	B13_12_months__1160721_Ruminococcus_bicirculans__k141_204163	1	13187	Ruminococcus	Ruminococcus bicirculans
B13_12_months	k141_204448	17158	B13_12_months__278064_uncultured_Dialister_sp.__k141_204448	1	17158	Dialister	uncultured Dialister sp.
B13_12_months	k141_205104	40738	B13_12_months__2093857_Dysosmobacter_welbionis__k141_205104	1	40738	Dysosmobacter	Dysosmobacter welbionis
B13_12_months	k141_206340_phage1757_3_16129_15_0.68	16127	B13_12_months__261299_Intestinibacter_bartlettii__k141_206340	4	16130	Intestinibacter	Intestinibacter bartlettii
B13_12_months	k141_206607_1_checkv_1-13918/59427	13918	B13_12_months__1262897_Faecalibacterium_sp._CAG:74__k141_206607	1	13918	Faecalibacterium	Faecalibacterium sp. CAG:74
B13_12_months	k141_206742_phage1825_9326_22018_14_0.74	12693	B13_12_months__137838_Clostridium_neonatale__k141_206742	9327	22019	Clostridium	Clostridium neonatale
B13_12_months	k141_206960_phage1856_18108_36910_18_0.79	18803	B13_12_months__40518_Ruminococcus_bromii__k141_206960	18109	36911	Ruminococcus	Ruminococcus bromii
B13_12_months	k141_207398_1_checkv_26866-60335/67310	33470	B13_12_months__1262769_Clostridium_sp._CAG:1013__k141_207398	26866	60335	Clostridium	Clostridium sp. CAG:1013
B13_12_months	k141_208031	30420	B13_12_months__2292372_Ruminococcus_sp._AM42-11__k141_208031	1	30420	Ruminococcus	Ruminococcus sp. AM42-11
B13_12_months	k141_2080_phage377_3_20517_24_0.61	20515	B13_12_months__1262882_Eubacterium_sp._CAG:180__k141_2080	4	20518	Eubacterium	Eubacterium sp. CAG:180
B13_12_months	k141_208382_phage211_1_13745_19_0.82	13744	B13_12_months__1311774_Acinetobacter_pittii__k141_208382	2	13745	Acinetobacter	Acinetobacter pittii
B13_12_months	k141_208606_phage275_16227_55148_36_0.76	38922	B13_12_months__341225_[Clostridium]_saccharogumia__k141_208606	16228	55149	Erysipelatoclostridium	[Clostridium] saccharogumia
B13_12_months	k141_20957_phage1736_2_32466_32_0.81	32465	B13_12_months__137838_Clostridium_neonatale__k141_20957	3	32467	Clostridium	Clostridium neonatale
B13_12_months	k141_210004_phage538_17_10776_14_0.94	10760	B13_12_months__137838_Clostridium_neonatale__k141_210004	18	10777	Clostridium	Clostridium neonatale
B13_12_months	k141_210491_1_checkv_1-53729/59523	53729	B13_12_months__1160721_Ruminococcus_bicirculans__k141_210491	1	53729	Ruminococcus	Ruminococcus bicirculans
B13_12_months	k141_211511_phage847_26572_75482_46_0.67	48911	B13_12_months__1547_Erysipelatoclostridium_ramosum__k141_211511	26573	75483	Erysipelatoclostridium	Erysipelatoclostridium ramosum
B13_12_months	k141_212254_phage994_1_16836_18_0.63	16836	B13_12_months__100884_Coprobacillus_cateniformis__k141_212254	2	16837	Coprobacillus	Coprobacillus cateniformis
B13_12_months	k141_212426_phage1033_772_13691_13_0.51	12920	B13_12_months__48296_Acinetobacter_pittii__k141_212426	773	13692	Acinetobacter	Acinetobacter pittii
B13_12_months	k141_212426_phage1034_94188_107010_11_0.54	12823	B13_12_months__48296_Acinetobacter_pittii__k141_212426	94189	107011	Acinetobacter	Acinetobacter pittii
B13_12_months	k141_216396_1_checkv_11344-45863/52085	34520	B13_12_months__48296_Acinetobacter_pittii__k141_216396	11344	45863	Acinetobacter	Acinetobacter pittii
B13_12_months	k141_216922_phage1674_310_11302_12_0.75	10993	B13_12_months__1598_Limosilactobacillus_reuteri__k141_216922	311	11303	Limosilactobacillus	Limosilactobacillus reuteri
B13_12_months	k141_22693_1_checkv_1-15086/69134	15086	B13_12_months__239935_Akkermansia_muciniphila__k141_22693	1	15086	Akkermansia	Akkermansia muciniphila
B13_12_months	k141_23591_phage357_1_41282_36_0.7	41282	B13_12_months__261299_Intestinibacter_bartlettii__k141_23591	2	41283	Intestinibacter	Intestinibacter bartlettii
B13_12_months	k141_25843	22285	B13_12_months__2305242_Clostridium_sp._AM34-11AC__k141_25843	1	22285	Clostridium	Clostridium sp. AM34-11AC
B13_12_months	k141_26414_phage946_28497_39383_10_0.73	10887	B13_12_months__137838_Clostridium_neonatale__k141_26414	28498	39384	Clostridium	Clostridium neonatale
B13_12_months	k141_26500_1_checkv_87091-104664/104664	17574	B13_12_months__1628085_Agathobaculum_butyriciproducens__k141_26500	87091	104664	Agathobaculum	Agathobaculum butyriciproducens
B13_12_months	k141_26828_phage1046_60806_80196_22_0.52	19391	B13_12_months__1547_Erysipelatoclostridium_ramosum__k141_26828	60807	80197	Erysipelatoclostridium	Erysipelatoclostridium ramosum
B13_12_months	k141_27928_phage1159_35212_45869_10_0.73	10658	B13_12_months__1982628_Faecalibacillus_faecis__k141_27928	35213	45870	Faecalibacillus	Faecalibacillus faecis
B13_12_months	k141_28259_phage1209_11096_21868_14_0.59	10773	B13_12_months__2292308_Clostridium_sp._OF03-18AA__k141_28259	11097	21869	Clostridium	Clostridium sp. OF03-18AA
B13_12_months	k141_29959	33977	B13_12_months__301301_Roseburia_hominis__k141_29959	1	33977	Roseburia	Roseburia hominis
B13_12_months	k141_30310	66954	B13_12_months__40518_Ruminococcus_bromii__k141_30310	1	66954	Ruminococcus	Ruminococcus bromii
B13_12_months	k141_3133_1_checkv_20910-57824/169637	36915	B13_12_months__1262911_Oscillibacter_sp._CAG:241__k141_3133	20910	57824	Oscillibacter	Oscillibacter sp. CAG:241
B13_12_months	k141_31767	11848	B13_12_months__2292372_Ruminococcus_sp._AM42-11__k141_31767	1	11848	Ruminococcus	Ruminococcus sp. AM42-11
B13_12_months	k141_32930_phage50_4104_18469_17_0.67	14366	B13_12_months__2292351_Eubacterium_sp._AM49-13BH__k141_32930	4105	18470	Eubacterium	Eubacterium sp. AM49-13BH
B13_12_months	k141_33909_1_checkv_5777-17439/17439	11663	B13_12_months__2292372_Ruminococcus_sp._AM42-11__k141_33909	5777	17439	Ruminococcus	Ruminococcus sp. AM42-11
B13_12_months	k141_34377_1_checkv_6402-43088/64362	36687	B13_12_months__48296_Acinetobacter_pittii__k141_34377	6402	43088	Acinetobacter	Acinetobacter pittii
B13_12_months	k141_34425_1_checkv_1-11149/59253	11149	B13_12_months__40520_Blautia_obeum__k141_34425	1	11149	Blautia	Blautia obeum
B13_12_months	k141_37017	20470	B13_12_months__2305242_Clostridium_sp._AM34-11AC__k141_37017	1	20470	Clostridium	Clostridium sp. AM34-11AC
B13_12_months	k141_382	25618	B13_12_months__40520_Blautia_obeum__k141_382	1	25618	Blautia	Blautia obeum
B13_12_months	k141_38973	15830	B13_12_months__137838_Clostridium_neonatale__k141_38973	1	15830	Clostridium	Clostridium neonatale
B13_12_months	k141_40191_phage1385_37036_61794_26_0.63	24759	B13_12_months__1547_Erysipelatoclostridium_ramosum__k141_40191	37037	61795	Erysipelatoclostridium	Erysipelatoclostridium ramosum
B13_12_months	k141_42809_phage1774_25146_50360_27_0.66	25215	B13_12_months__1982628_Faecalibacillus_faecis__k141_42809	25147	50361	Faecalibacillus	Faecalibacillus faecis
B13_12_months	k141_43432_phage1886_10765_28568_13_0.62	17804	B13_12_months__2293016_Clostridium_sp._AF37-5__k141_43432	10766	28569	Clostridium	Clostridium sp. AF37-5
B13_12_months	k141_43929	18844	B13_12_months__39777_Veillonella_atypica__k141_43929	1	18844	Veillonella	Veillonella atypica
B13_12_months	k141_44269_1_checkv_36927-54363/54363	17437	B13_12_months__818_Bacteroides_thetaiotaomicron__k141_44269	36927	54363	Bacteroides	Bacteroides thetaiotaomicron
B13_12_months	k141_44515_phage189_6660_29669_20_0.68	23010	B13_12_months__341225_[Clostridium]_saccharogumia__k141_44515	6661	29670	Erysipelatoclostridium	[Clostridium] saccharogumia
B13_12_months	k141_45074_phage309_3_17455_23_0.9	17453	B13_12_months__137838_Clostridium_neonatale__k141_45074	4	17456	Clostridium	Clostridium neonatale
B13_12_months	k141_4553_phage890_63812_82159_12_0.8	18348	B13_12_months__1160721_Ruminococcus_bicirculans__k141_4553	63813	82160	Ruminococcus	Ruminococcus bicirculans
B13_12_months	k141_4553_phage891_94328_110598_11_0.74	16271	B13_12_months__1160721_Ruminococcus_bicirculans__k141_4553	94329	110599	Ruminococcus	Ruminococcus bicirculans
B13_12_months	k141_46003_1_checkv_60971-93878/93878	32908	B13_12_months__47715_Lacticaseibacillus_rhamnosus__k141_46003	60971	93878	Lacticaseibacillus	Lacticaseibacillus rhamnosus
B13_12_months	k141_46579_phage647_1_15988_18_0.9	15988	B13_12_months__137838_Clostridium_neonatale__k141_46579	2	15989	Clostridium	Clostridium neonatale
B13_12_months	k141_4699_phage956_144_10642_12_0.89	10499	B13_12_months__1598_Limosilactobacillus_reuteri__k141_4699	145	10643	Limosilactobacillus	Limosilactobacillus reuteri
B13_12_months	k141_4699_phage957_11665_31674_20_0.77	20010	B13_12_months__1598_Limosilactobacillus_reuteri__k141_4699	11666	31675	Limosilactobacillus	Limosilactobacillus reuteri
B13_12_months	k141_47653	16244	B13_12_months__29347_[Clostridium]_scindens__k141_47653	1	16244	Lachnoclostridium	[Clostridium] scindens
B13_12_months	k141_47688	25219	B13_12_months__1547_Erysipelatoclostridium_ramosum__k141_47688	1	25219	Erysipelatoclostridium	Erysipelatoclostridium ramosum
B13_12_months	k141_48515	31304	B13_12_months__216816_Bifidobacterium_longum__k141_48515	1	31304	Bifidobacterium	Bifidobacterium longum
B13_12_months	k141_48959_phage1084_36896_61269_21_0.61	24374	B13_12_months__2293016_Clostridium_sp._AF37-5__k141_48959	36897	61270	Clostridium	Clostridium sp. AF37-5
B13_12_months	k141_49072	54634	B13_12_months__487175_Parasutterella_excrementihominis__k141_49072	1	54634	Parasutterella	Parasutterella excrementihominis
B13_12_months	k141_49281_phage1118_2525_20433_25_0.67	17909	B13_12_months__100884_Coprobacillus_cateniformis__k141_49281	2526	20434	Coprobacillus	Coprobacillus cateniformis
B13_12_months	k141_50844	16962	B13_12_months__48296_Acinetobacter_pittii__k141_50844	1	16962	Acinetobacter	Acinetobacter pittii
B13_12_months	k141_54604	29521	B13_12_months__1628085_Agathobaculum_butyriciproducens__k141_54604	1	29521	Agathobaculum	Agathobaculum butyriciproducens
B13_12_months	k141_54893_phage76_90_20372_25_0.73	20283	B13_12_months__137838_Clostridium_neonatale__k141_54893	91	20373	Clostridium	Clostridium neonatale
B13_12_months	k141_56706_phage439_1764_24605_17_0.67	22842	B13_12_months__261299_Intestinibacter_bartlettii__k141_56706	1765	24606	Intestinibacter	Intestinibacter bartlettii
B13_12_months	k141_56796_phage458_22544_56975_34_0.66	34432	B13_12_months__341225_[Clostridium]_saccharogumia__k141_56796	22545	56976	Erysipelatoclostridium	[Clostridium] saccharogumia
B13_12_months	k141_58399_1_checkv_1-11728/14718	11728	B13_12_months__341225_[Clostridium]_saccharogumia__k141_58399	1	11728	Erysipelatoclostridium	[Clostridium] saccharogumia
B13_12_months	k141_60720_phage1182_55610_72031_23_0.69	16422	B13_12_months__1982628_Faecalibacillus_faecis__k141_60720	55611	72032	Faecalibacillus	Faecalibacillus faecis
B13_12_months	k141_60815_phage1222_3_16988_17_0.63	16985	B13_12_months__1262784_Clostridium_sp._CAG:245__k141_60815	4	16988	Clostridium	Clostridium sp. CAG:245
B13_12_months	k141_610	38589	B13_12_months__166486_Roseburia_intestinalis__k141_610	1	38589	Roseburia	Roseburia intestinalis
B13_12_months	k141_62644_phage1512_815_16948_18_0.72	16134	B13_12_months__137838_Clostridium_neonatale__k141_62644	816	16949	Clostridium	Clostridium neonatale
B13_12_months	k141_63347_phage1590_125_23223_30_0.81	23099	B13_12_months__1547_Erysipelatoclostridium_ramosum__k141_63347	126	23224	Erysipelatoclostridium	Erysipelatoclostridium ramosum
B13_12_months	k141_63391_phage1592_7820_22435_16_0.58	14615	B13_12_months__1262769_Clostridium_sp._CAG:1013__k141_63391	7821	22435	Clostridium	Clostridium sp. CAG:1013
B13_12_months	k141_63448_phage1603_2_18262_16_0.74	18261	B13_12_months__137838_Clostridium_neonatale__k141_63448	3	18263	Clostridium	Clostridium neonatale
B13_12_months	k141_634_phage110_78006_92720_17_0.73	14714	B13_12_months__137838_Clostridium_neonatale__k141_634	78007	92720	Clostridium	Clostridium neonatale
B13_12_months	k141_63653_1_checkv_10701-39163/70670	28463	B13_12_months__46228_[Ruminococcus]_lactaris__k141_63653	10701	39163	Mediterraneibacter	[Ruminococcus] lactaris
B13_12_months	k141_63980_phage1712_225_12173_18_0.62	11949	B13_12_months__1311774_Acinetobacter_pittii__k141_63980	226	12174	Acinetobacter	Acinetobacter pittii
B13_12_months	k141_64985_phage1837_10575_22929_13_0.58	12355	B13_12_months__1982628_Faecalibacillus_faecis__k141_64985	10576	22930	Faecalibacillus	Faecalibacillus faecis
B13_12_months	k141_66316	40545	B13_12_months__246787_Bacteroides_cellulosilyticus__k141_66316	1	40545	Bacteroides	Bacteroides cellulosilyticus
B13_12_months	k141_67300_phage480_3_12207_11_0.67	12205	B13_12_months__341225_[Clostridium]_saccharogumia__k141_67300	4	12208	Erysipelatoclostridium	[Clostridium] saccharogumia
B13_12_months	k141_68261_phage628_3_14178_18_0.66	14176	B13_12_months__100884_Coprobacillus_cateniformis__k141_68261	4	14179	Coprobacillus	Coprobacillus cateniformis
B13_12_months	k141_6904	15397	B13_12_months__137838_Clostridium_neonatale__k141_6904	1	15397	Clostridium	Clostridium neonatale
B13_12_months	k141_69812	29848	B13_12_months__216816_Bifidobacterium_longum__k141_69812	1	29848	Bifidobacterium	Bifidobacterium longum
B13_12_months	k141_70200	28153	B13_12_months__2093857_Dysosmobacter_welbionis__k141_70200	1	28153	Dysosmobacter	Dysosmobacter welbionis
B13_12_months	k141_71278	14134	B13_12_months__1262769_Clostridium_sp._CAG:1013__k141_71278	1	14134	Clostridium	Clostridium sp. CAG:1013
B13_12_months	k141_72805_phage1280_61379_82799_23_0.69	21421	B13_12_months__1982628_Faecalibacillus_faecis__k141_72805	61380	82800	Faecalibacillus	Faecalibacillus faecis
B13_12_months	k141_73457	16356	B13_12_months__1628085_Agathobaculum_butyriciproducens__k141_73457	1	16356	Agathobaculum	Agathobaculum butyriciproducens
B13_12_months	k141_73612_phage1377_124_12244_14_0.69	12120	B13_12_months__137838_Clostridium_neonatale__k141_73612	125	12244	Clostridium	Clostridium neonatale
B13_12_months	k141_75611_phage1693_39129_56562_13_0.73	17434	B13_12_months__1982628_Faecalibacillus_faecis__k141_75611	39130	56563	Faecalibacillus	Faecalibacillus faecis
B13_12_months	k141_75696_phage1713_2_28095_35_0.84	28093	B13_12_months__1262784_Clostridium_sp._CAG:245__k141_75696	3	28095	Clostridium	Clostridium sp. CAG:245
B13_12_months	k141_75740	68435	B13_12_months__2093857_Dysosmobacter_welbionis__k141_75740	1	68435	Dysosmobacter	Dysosmobacter welbionis
B13_12_months	k141_76421	29656	B13_12_months__2093857_Dysosmobacter_welbionis__k141_76421	1	29656	Dysosmobacter	Dysosmobacter welbionis
B13_12_months	k141_77089	11846	B13_12_months__261299_Intestinibacter_bartlettii__k141_77089	1	11846	Intestinibacter	Intestinibacter bartlettii
B13_12_months	k141_77522_phage322_1_29212_52_0.74	29212	B13_12_months__999413_[Clostridium]_innocuum__k141_77522	2	29213	Erysipelatoclostridium	[Clostridium] innocuum
B13_12_months	k141_77597_phage337_9874_33387_20_0.65	23513	B13_12_months__1160721_Ruminococcus_bicirculans__k141_77597	9875	33387	Ruminococcus	Ruminococcus bicirculans
B13_12_months	k141_7887	10398	B13_12_months__278064_uncultured_Dialister_sp.__k141_7887	1	10398	Dialister	uncultured Dialister sp.
B13_12_months	k141_79816_1_checkv_140943-193328/202114	52386	B13_12_months__246787_Bacteroides_cellulosilyticus__k141_79816	140943	193328	Bacteroides	Bacteroides cellulosilyticus
B13_12_months	k141_80775_phage1036_3_23050_29_0.81	23048	B13_12_months__137838_Clostridium_neonatale__k141_80775	4	23051	Clostridium	Clostridium neonatale
B13_12_months	k141_81041	12844	B13_12_months__2559709_Clostridium_sp._1001175st1_A10__k141_81041	1	12844	Clostridium	Clostridium sp. 1001175st1 A10
B13_12_months	k141_81271_phage1096_2_19003_21_0.66	19002	B13_12_months__137838_Clostridium_neonatale__k141_81271	3	19004	Clostridium	Clostridium neonatale
B13_12_months	k141_82094_phage1241_67259_83719_19_0.62	16461	B13_12_months__88431_Dorea_longicatena__k141_82094	67260	83720	Dorea	Dorea longicatena
B13_12_months	k141_82521_phage1309_2_16010_17_0.63	16009	B13_12_months__729_Haemophilus_parainfluenzae__k141_82521	3	16011	Haemophilus	Haemophilus parainfluenzae
B13_12_months	k141_82679	22606	B13_12_months__137838_Clostridium_neonatale__k141_82679	1	22606	Clostridium	Clostridium neonatale
B13_12_months	k141_832	15276	B13_12_months__1547_Erysipelatoclostridium_ramosum__k141_832	1	15276	Erysipelatoclostridium	Erysipelatoclostridium ramosum
B13_12_months	k141_84169	58508	B13_12_months__1628085_Agathobaculum_butyriciproducens__k141_84169	1	58508	Agathobaculum	Agathobaculum butyriciproducens
B13_12_months	k141_84225	11474	B13_12_months__1262784_Clostridium_sp._CAG:245__k141_84225	1	11474	Clostridium	Clostridium sp. CAG:245
B13_12_months	k141_85621	12953	B13_12_months__1547_Erysipelatoclostridium_ramosum__k141_85621	1	12953	Erysipelatoclostridium	Erysipelatoclostridium ramosum
B13_12_months	k141_88790_phage416_162_32232_36_0.75	32071	B13_12_months__137838_Clostridium_neonatale__k141_88790	163	32233	Clostridium	Clostridium neonatale
B13_12_months	k141_89120_1_checkv_8317-28227/92771	19911	B13_12_months__47715_Lacticaseibacillus_rhamnosus__k141_89120	8317	28227	Lacticaseibacillus	Lacticaseibacillus rhamnosus
B13_12_months	k141_89642_phage582_586_12185_19_0.87	11600	B13_12_months__137838_Clostridium_neonatale__k141_89642	587	12186	Clostridium	Clostridium neonatale
B13_12_months	k141_90781_phage810_9204_30697_16_0.59	21494	B13_12_months__1547_Erysipelatoclostridium_ramosum__k141_90781	9205	30698	Erysipelatoclostridium	Erysipelatoclostridium ramosum
B13_12_months	k141_91287	14496	B13_12_months__29347_[Clostridium]_scindens__k141_91287	1	14496	Lachnoclostridium	[Clostridium] scindens
B13_12_months	k141_91446	13252	B13_12_months__3009767_Clostridium_sp._1001175st1_A10__k141_91446	1	13252	Clostridium	Clostridium sp. 1001175st1 A10
B13_12_months	k141_92125	99536	B13_12_months__1262769_Clostridium_sp._CAG:1013__k141_92125	1	99536	Clostridium	Clostridium sp. CAG:1013
B13_12_months	k141_92436_1_checkv_192015-246203/246203	54189	B13_12_months__1262882_Eubacterium_sp._CAG:180__k141_92436	192015	246203	Eubacterium	Eubacterium sp. CAG:180
B13_12_months	k141_92697_phage1117_3313_15169_12_0.52	11857	B13_12_months__1598_Limosilactobacillus_reuteri__k141_92697	3314	15170	Limosilactobacillus	Limosilactobacillus reuteri
B13_12_months	k141_92714_1_checkv_45361-57237/65104	11877	B13_12_months__40520_Blautia_obeum__k141_92714	45361	57237	Blautia	Blautia obeum
B13_12_months	k141_93114_1_checkv_77457-116949/164901	39493	B13_12_months__1982628_Faecalibacillus_faecis__k141_93114	77457	116949	Faecalibacillus	Faecalibacillus faecis
B13_12_months	k141_93371_1_checkv_71528-105806/130753	34279	B13_12_months__562_Escherichia_coli__k141_93371	71528	105806	Escherichia	Escherichia coli
B13_12_months	k141_94845_phage1510_426_12992_16_0.65	12567	B13_12_months__341225_[Clostridium]_saccharogumia__k141_94845	427	12993	Erysipelatoclostridium	[Clostridium] saccharogumia
B13_12_months	k141_95793_phage1657_14516_35140_18_0.68	20625	B13_12_months__1547_Erysipelatoclostridium_ramosum__k141_95793	14517	35141	Erysipelatoclostridium	Erysipelatoclostridium ramosum
B13_12_months	k141_95848	17215	B13_12_months__2292308_Clostridium_sp._OF03-18AA__k141_95848	1	17215	Clostridium	Clostridium sp. OF03-18AA
B13_12_months	k141_96081_phage1720_89901_103884_15_0.62	13983	B13_12_months__1982628_Faecalibacillus_faecis__k141_96081	89902	103884	Faecalibacillus	Faecalibacillus faecis
B13_12_months	k141_98290	17520	B13_12_months__40520_Blautia_obeum__k141_98290	1	17520	Blautia	Blautia obeum
B13_12_months	k141_98353	29014	B13_12_months__2305242_Clostridium_sp._AM34-11AC__k141_98353	1	29014	Clostridium	Clostridium sp. AM34-11AC
B13_12_months	k141_98931_phage140_73_10678_12_0.67	10606	B13_12_months__1262784_Clostridium_sp._CAG:245__k141_98931	74	10679	Clostridium	Clostridium sp. CAG:245
B13_12_months	k141_99605	42061	B13_12_months__1628085_Agathobaculum_butyriciproducens__k141_99605	1	42061	Agathobaculum	Agathobaculum butyriciproducens
B13_12_months	k141_99609	41785	B13_12_months__1262882_Eubacterium_sp._CAG:180__k141_99609	1	41785	Eubacterium	Eubacterium sp. CAG:180
B13_12_months	k141_99947_phage364_140384_154353_14_0.56	13970	B13_12_months__1262882_Eubacterium_sp._CAG:180__k141_99947	140385	154354	Eubacterium	Eubacterium sp. CAG:180
B14_12_months	k141_100182	52208	B14_12_months__1628085_Agathobaculum_butyriciproducens__k141_100182	1	52208	Agathobaculum	Agathobaculum butyriciproducens
B14_12_months	k141_101093	13512	B14_12_months__28026_Bifidobacterium_pseudocatenulatum__k141_101093	1	13512	Bifidobacterium	Bifidobacterium pseudocatenulatum
B14_12_months	k141_102650	16166	B14_12_months__1193534_uncultured_Flavonifractor_sp.__k141_102650	1	16166	Flavonifractor	uncultured Flavonifractor sp.
B14_12_months	k141_10359	18508	B14_12_months__562_Escherichia_coli__k141_10359	1	18508	Escherichia	Escherichia coli
B14_12_months	k141_104677	33900	B14_12_months__2292251_Ruminococcus_sp._AF21-42__k141_104677	1	33900	Ruminococcus	Ruminococcus sp. AF21-42
B14_12_months	k141_106858	41238	B14_12_months__33038_[Ruminococcus]_gnavus__k141_106858	1	41238	Mediterraneibacter	[Ruminococcus] gnavus
B14_12_months	k141_10730	16358	B14_12_months__166486_Roseburia_intestinalis__k141_10730	1	16358	Roseburia	Roseburia intestinalis
B14_12_months	k141_113595	20803	B14_12_months__649756_Anaerostipes_hadrus__k141_113595	1	20803	Anaerostipes	Anaerostipes hadrus
B14_12_months	k141_117103_phage318_10917_36538_23_0.74	25622	B14_12_months__435842_Streptococcus_sp._C150__k141_117103	10918	36539	Streptococcus	Streptococcus sp. C150
B14_12_months	k141_12039	26975	B14_12_months__28026_Bifidobacterium_pseudocatenulatum__k141_12039	1	26975	Bifidobacterium	Bifidobacterium pseudocatenulatum
B14_12_months	k141_123324	25691	B14_12_months__33038_[Ruminococcus]_gnavus__k141_123324	1	25691	Mediterraneibacter	[Ruminococcus] gnavus
B14_12_months	k141_12358	66710	B14_12_months__1628085_Agathobaculum_butyriciproducens__k141_12358	1	66710	Agathobaculum	Agathobaculum butyriciproducens
B14_12_months	k141_126121_phage167_5767_20501_11_0.59	14735	B14_12_months__435842_Streptococcus_sp._C150__k141_126121	5768	20502	Streptococcus	Streptococcus sp. C150
B14_12_months	k141_128033	109145	B14_12_months__649756_Anaerostipes_hadrus__k141_128033	1	109145	Anaerostipes	Anaerostipes hadrus
B14_12_months	k141_129302_1_checkv_16317-31873/31873	15557	B14_12_months__39488_Anaerobutyricum_hallii__k141_129302	16317	31873	Anaerobutyricum	Anaerobutyricum hallii
B14_12_months	k141_133801	10948	B14_12_months__1550024_Ruthenibacterium_lactatiformans__k141_133801	1	10948	Ruthenibacterium	Ruthenibacterium lactatiformans
B14_12_months	k141_134742	10722	B14_12_months__39488_Anaerobutyricum_hallii__k141_134742	1	10722	Anaerobutyricum	Anaerobutyricum hallii
B14_12_months	k141_136111_1_checkv_1-46513/71868	46513	B14_12_months__2292251_Ruminococcus_sp._AF21-42__k141_136111	1	46513	Ruminococcus	Ruminococcus sp. AF21-42
B14_12_months	k141_137050_phage231_37178_61422_24_0.59	24245	B14_12_months__1547_Erysipelatoclostridium_ramosum__k141_137050	37179	61423	Erysipelatoclostridium	Erysipelatoclostridium ramosum
B14_12_months	k141_137300	18803	B14_12_months__33038_[Ruminococcus]_gnavus__k141_137300	1	18803	Mediterraneibacter	[Ruminococcus] gnavus
B14_12_months	k141_137469	28788	B14_12_months__166486_Roseburia_intestinalis__k141_137469	1	28788	Roseburia	Roseburia intestinalis
B14_12_months	k141_143603	27961	B14_12_months__649756_Anaerostipes_hadrus__k141_143603	1	27961	Anaerostipes	Anaerostipes hadrus
B14_12_months	k141_143859	11182	B14_12_months__1193534_uncultured_Flavonifractor_sp.__k141_143859	1	11182	Flavonifractor	uncultured Flavonifractor sp.
B14_12_months	k141_146569	15305	B14_12_months__1550024_Ruthenibacterium_lactatiformans__k141_146569	1	15305	Ruthenibacterium	Ruthenibacterium lactatiformans
B14_12_months	k141_147849	11999	B14_12_months__1193534_uncultured_Flavonifractor_sp.__k141_147849	1	11999	Flavonifractor	uncultured Flavonifractor sp.
B14_12_months	k141_152583	29523	B14_12_months__1628085_Agathobaculum_butyriciproducens__k141_152583	1	29523	Agathobaculum	Agathobaculum butyriciproducens
B14_12_months	k141_153493	16209	B14_12_months__1193534_uncultured_Flavonifractor_sp.__k141_153493	1	16209	Flavonifractor	uncultured Flavonifractor sp.
B14_12_months	k141_154657_1_checkv_55953-68456/68456	12504	B14_12_months__33038_[Ruminococcus]_gnavus__k141_154657	55953	68456	Mediterraneibacter	[Ruminococcus] gnavus
B14_12_months	k141_158958_1_checkv_27891-51948/51948	24058	B14_12_months__1193534_uncultured_Flavonifractor_sp.__k141_158958	27891	51948	Flavonifractor	uncultured Flavonifractor sp.
B14_12_months	k141_16006	60645	B14_12_months__39488_Anaerobutyricum_hallii__k141_16006	1	60645	Anaerobutyricum	Anaerobutyricum hallii
B14_12_months	k141_161549_1_checkv_14588-28170/34840	13583	B14_12_months__1193534_uncultured_Flavonifractor_sp.__k141_161549	14588	28170	Flavonifractor	uncultured Flavonifractor sp.
B14_12_months	k141_23056	30453	B14_12_months__2292251_Ruminococcus_sp._AF21-42__k141_23056	1	30453	Ruminococcus	Ruminococcus sp. AF21-42
B14_12_months	k141_24031	20636	B14_12_months__562_Escherichia_coli__k141_24031	1	20636	Escherichia	Escherichia coli
B14_12_months	k141_24648	14876	B14_12_months__1150298_Fusicatenibacter_saccharivorans__k141_24648	1	14876	Fusicatenibacter	Fusicatenibacter saccharivorans
B14_12_months	k141_24791	46595	B14_12_months__39488_Anaerobutyricum_hallii__k141_24791	1	46595	Anaerobutyricum	Anaerobutyricum hallii
B14_12_months	k141_26316	12069	B14_12_months__196_Campylobacter_fetus__k141_26316	1	12069	Campylobacter	Campylobacter fetus
B14_12_months	k141_30043	38890	B14_12_months__1150298_Fusicatenibacter_saccharivorans__k141_30043	1	38890	Fusicatenibacter	Fusicatenibacter saccharivorans
B14_12_months	k141_31257	57774	B14_12_months__166486_Roseburia_intestinalis__k141_31257	1	57774	Roseburia	Roseburia intestinalis
B14_12_months	k141_33150_phage203_354_19799_17_0.82	19446	B14_12_months__83427_uncultured_Streptococcus_sp.__k141_33150	355	19800	Streptococcus	uncultured Streptococcus sp.
B14_12_months	k141_36043_phage458_151_12743_15_0.8	12593	B14_12_months__1193534_uncultured_Flavonifractor_sp.__k141_36043	152	12744	Flavonifractor	uncultured Flavonifractor sp.
B14_12_months	k141_36043_phage459_13714_34198_30_0.76	20485	B14_12_months__1193534_uncultured_Flavonifractor_sp.__k141_36043	13715	34199	Flavonifractor	uncultured Flavonifractor sp.
B14_12_months	k141_36709_phage555_19279_33273_15_0.58	13995	B14_12_months__435842_Streptococcus_sp._C150__k141_36709	19280	33274	Streptococcus	Streptococcus sp. C150
B14_12_months	k141_42562_phage122_27828_43642_13_0.55	15815	B14_12_months__435842_Streptococcus_sp._C150__k141_42562	27829	43643	Streptococcus	Streptococcus sp. C150
B14_12_months	k141_42621_phage136_2_15303_11_0.78	15302	B14_12_months__1547_Erysipelatoclostridium_ramosum__k141_42621	3	15304	Erysipelatoclostridium	Erysipelatoclostridium ramosum
B14_12_months	k141_48185_phage740_27699_47101_13_0.6	19403	B14_12_months__39488_Anaerobutyricum_hallii__k141_48185	27700	47102	Anaerobutyricum	Anaerobutyricum hallii
B14_12_months	k141_52781_1_checkv_5812-43501/52277	37690	B14_12_months__83427_uncultured_Streptococcus_sp.__k141_52781	5812	43501	Streptococcus	uncultured Streptococcus sp.
B14_12_months	k141_53483_1_checkv_8391-23718/23718	15328	B14_12_months__165186_uncultured_Ruminococcus_sp.__k141_53483	8391	23718	Ruminococcus	uncultured Ruminococcus sp.
B14_12_months	k141_53706	34491	B14_12_months__1193534_uncultured_Flavonifractor_sp.__k141_53706	1	34491	Flavonifractor	uncultured Flavonifractor sp.
B14_12_months	k141_57626_phage634_3_19287_18_0.66	19285	B14_12_months__239935_Akkermansia_muciniphila__k141_57626	4	19288	Akkermansia	Akkermansia muciniphila
B14_12_months	k141_58766	80764	B14_12_months__1628085_Agathobaculum_butyriciproducens__k141_58766	1	80764	Agathobaculum	Agathobaculum butyriciproducens
B14_12_months	k141_58983_phage783_25168_38141_16_0.55	12974	B14_12_months__39488_Anaerobutyricum_hallii__k141_58983	25169	38142	Anaerobutyricum	Anaerobutyricum hallii
B14_12_months	k141_63354	18863	B14_12_months__1150298_Fusicatenibacter_saccharivorans__k141_63354	1	18863	Fusicatenibacter	Fusicatenibacter saccharivorans
B14_12_months	k141_63516_1_checkv_1-24925/43442	24925	B14_12_months__1628085_Agathobaculum_butyriciproducens__k141_63516	1	24925	Agathobaculum	Agathobaculum butyriciproducens
B14_12_months	k141_6437_1_checkv_19647-31705/49363	12059	B14_12_months__39488_Anaerobutyricum_hallii__k141_6437	19647	31705	Anaerobutyricum	Anaerobutyricum hallii
B14_12_months	k141_65211	14056	B14_12_months__1193534_uncultured_Flavonifractor_sp.__k141_65211	1	14056	Flavonifractor	uncultured Flavonifractor sp.
B14_12_months	k141_68015	20691	B14_12_months__166486_Roseburia_intestinalis__k141_68015	1	20691	Roseburia	Roseburia intestinalis
B14_12_months	k141_68210_phage633_4650_14862_15_0.66	10213	B14_12_months__1193534_uncultured_Flavonifractor_sp.__k141_68210	4651	14863	Flavonifractor	uncultured Flavonifractor sp.
B14_12_months	k141_7200_phage833_3_19344_21_0.61	19342	B14_12_months__1547_Erysipelatoclostridium_ramosum__k141_7200	4	19345	Erysipelatoclostridium	Erysipelatoclostridium ramosum
B14_12_months	k141_73267_1_checkv_6534-20080/49096	13547	B14_12_months__649756_Anaerostipes_hadrus__k141_73267	6534	20080	Anaerostipes	Anaerostipes hadrus
B14_12_months	k141_7640	50276	B14_12_months__1628085_Agathobaculum_butyriciproducens__k141_7640	1	50276	Agathobaculum	Agathobaculum butyriciproducens
B14_12_months	k141_79018_phage699_6438_26872_24_0.68	20435	B14_12_months__1193534_uncultured_Flavonifractor_sp.__k141_79018	6439	26873	Flavonifractor	uncultured Flavonifractor sp.
B14_12_months	k141_7930	15395	B14_12_months__83427_uncultured_Streptococcus_sp.__k141_7930	1	15395	Streptococcus	uncultured Streptococcus sp.
B14_12_months	k141_795	58594	B14_12_months__649756_Anaerostipes_hadrus__k141_795	1	58594	Anaerostipes	Anaerostipes hadrus
B14_12_months	k141_79860	64092	B14_12_months__649756_Anaerostipes_hadrus__k141_79860	1	64092	Anaerostipes	Anaerostipes hadrus
B14_12_months	k141_8134	20014	B14_12_months__1193534_uncultured_Flavonifractor_sp.__k141_8134	1	20014	Flavonifractor	uncultured Flavonifractor sp.
B14_12_months	k141_83402	11045	B14_12_months__1193534_uncultured_Flavonifractor_sp.__k141_83402	1	11045	Flavonifractor	uncultured Flavonifractor sp.
B14_12_months	k141_84798	12359	B14_12_months__239935_Akkermansia_muciniphila__k141_84798	1	12359	Akkermansia	Akkermansia muciniphila
B14_12_months	k141_86920	19436	B14_12_months__165186_uncultured_Ruminococcus_sp.__k141_86920	1	19436	Ruminococcus	uncultured Ruminococcus sp.
B14_12_months	k141_89914_phage784_15666_28936_16_0.62	13271	B14_12_months__1547_Erysipelatoclostridium_ramosum__k141_89914	15667	28937	Erysipelatoclostridium	Erysipelatoclostridium ramosum
B14_12_months	k141_9124	12696	B14_12_months__166486_Roseburia_intestinalis__k141_9124	1	12696	Roseburia	Roseburia intestinalis
B14_12_months	k141_91295	16471	B14_12_months__1150298_Fusicatenibacter_saccharivorans__k141_91295	1	16471	Fusicatenibacter	Fusicatenibacter saccharivorans
B14_12_months	k141_97316_1_checkv_8157-52063/77074	43907	B14_12_months__1193534_uncultured_Flavonifractor_sp.__k141_97316	8157	52063	Flavonifractor	uncultured Flavonifractor sp.
B14_12_months	k141_97329	12699	B14_12_months__165186_uncultured_Ruminococcus_sp.__k141_97329	1	12699	Ruminococcus	uncultured Ruminococcus sp.
B14_12_months	k141_99958_1_checkv_1-39940/56477	39940	B14_12_months__649756_Anaerostipes_hadrus__k141_99958	1	39940	Anaerostipes	Anaerostipes hadrus
B15_12_months	k141_13356_phage327_30230_56537_25_0.58	26308	B15_12_months__33038_[Ruminococcus]_gnavus__k141_13356	30231	56538	Mediterraneibacter	[Ruminococcus] gnavus
B15_12_months	k141_13517_phage361_244_33153_39_0.67	32910	B15_12_months__35703_Citrobacter_amalonaticus__k141_13517	245	33154	Citrobacter	Citrobacter amalonaticus
B15_12_months	k141_15212	13264	B15_12_months__395631_Phytobacter_diazotrophicus__k141_15212	1	13264	Phytobacter	Phytobacter diazotrophicus
B15_12_months	k141_15538	11773	B15_12_months__736_Haemophilus_paraphrohaemolyticus__k141_15538	1	11773	Haemophilus	Haemophilus paraphrohaemolyticus
B15_12_months	k141_1673_phage170_3_16052_19_0.71	16050	B15_12_months__1308_Streptococcus_thermophilus__k141_1673	4	16053	Streptococcus	Streptococcus thermophilus
B15_12_months	k141_18272	27333	B15_12_months__736_Haemophilus_paraphrohaemolyticus__k141_18272	1	27333	Haemophilus	Haemophilus paraphrohaemolyticus
B15_12_months	k141_20205_1_checkv_30190-52159/52159	21970	B15_12_months__571_Klebsiella_oxytoca__k141_20205	30190	52159	Klebsiella	Klebsiella oxytoca
B15_12_months	k141_21451_phage87_6364_38666_53_0.8	32303	B15_12_months__729_Haemophilus_parainfluenzae__k141_21451	6365	38667	Haemophilus	Haemophilus parainfluenzae
B15_12_months	k141_27710	12039	B15_12_months__546_Citrobacter_freundii__k141_27710	1	12039	Citrobacter	Citrobacter freundii
B15_12_months	k141_28984_phage376_2_14337_18_0.6	14336	B15_12_months__1308_Streptococcus_thermophilus__k141_28984	3	14338	Streptococcus	Streptococcus thermophilus
B15_12_months	k141_31817	22948	B15_12_months__1358_Lactococcus_lactis__k141_31817	1	22948	Lactococcus	Lactococcus lactis
B15_12_months	k141_3223_phage359_2_33303_31_0.63	33302	B15_12_months__1358_Lactococcus_lactis__k141_3223	3	33304	Lactococcus	Lactococcus lactis
B15_12_months	k141_32444_phage134_7995_19181_17_0.73	11187	B15_12_months__729_Haemophilus_parainfluenzae__k141_32444	7996	19182	Haemophilus	Haemophilus parainfluenzae
B15_12_months	k141_33836_phage299_22439_36872_13_0.58	14434	B15_12_months__571_Klebsiella_oxytoca__k141_33836	22440	36873	Klebsiella	Klebsiella oxytoca
B15_12_months	k141_34824	45280	B15_12_months__47715_Lacticaseibacillus_rhamnosus__k141_34824	1	45280	Lacticaseibacillus	Lacticaseibacillus rhamnosus
B15_12_months	k141_34962_1_checkv_9855-22227/31827	12373	B15_12_months__546_Citrobacter_freundii__k141_34962	9855	22227	Citrobacter	Citrobacter freundii
B15_12_months	k141_3645_phage408_14039_28583_18_0.6	14545	B15_12_months__1308_Streptococcus_thermophilus__k141_3645	14040	28584	Streptococcus	Streptococcus thermophilus
B15_12_months	k141_38268_phage214_2_21664_26_0.65	21663	B15_12_months__395631_Phytobacter_diazotrophicus__k141_38268	3	21665	Phytobacter	Phytobacter diazotrophicus
B15_12_months	k141_39838_1_checkv_1-13919/22338	13919	B15_12_months__546_Citrobacter_freundii__k141_39838	1	13919	Citrobacter	Citrobacter freundii
B15_12_months	k141_39959_phage415_235872_255164_21_0.64	19293	B15_12_months__33038_[Ruminococcus]_gnavus__k141_39959	235873	255165	Mediterraneibacter	[Ruminococcus] gnavus
B15_12_months	k141_43913_1_checkv_12539-28153/28153	15615	B15_12_months__35703_Citrobacter_amalonaticus__k141_43913	12539	28153	Citrobacter	Citrobacter amalonaticus
B15_12_months	k141_45821	10595	B15_12_months__571_Klebsiella_oxytoca__k141_45821	1	10595	Klebsiella	Klebsiella oxytoca
B15_12_months	k141_4639_1_checkv_1-22793/28500	22793	B15_12_months__546_Citrobacter_freundii__k141_4639	1	22793	Citrobacter	Citrobacter freundii
B15_12_months	k141_46978	18769	B15_12_months__736_Haemophilus_paraphrohaemolyticus__k141_46978	1	18769	Haemophilus	Haemophilus paraphrohaemolyticus
B15_12_months	k141_4731_phage540_39628_54404_14_0.6	14777	B15_12_months__1502943_Veillonella_seminalis__k141_4731	39629	54405	Veillonella	Veillonella seminalis
B15_12_months	k141_49146_phage247_2_31155_53_0.76	31154	B15_12_months__729_Haemophilus_parainfluenzae__k141_49146	3	31156	Haemophilus	Haemophilus parainfluenzae
B15_12_months	k141_49566_phage311_1_10233_19_0.92	10233	B15_12_months__1358_Lactococcus_lactis__k141_49566	2	10234	Lactococcus	Lactococcus lactis
B15_12_months	k141_49719	19952	B15_12_months__571_Klebsiella_oxytoca__k141_49719	1	19952	Klebsiella	Klebsiella oxytoca
B15_12_months	k141_55412_phage364_1192_23747_25_0.67	22556	B15_12_months__39777_Veillonella_atypica__k141_55412	1193	23748	Veillonella	Veillonella atypica
B15_12_months	k141_55461_1_checkv_1-38039/46078	38039	B15_12_months__729_Haemophilus_parainfluenzae__k141_55461	1	38039	Haemophilus	Haemophilus parainfluenzae
B15_12_months	k141_55959_phage464_164_17981_20_0.64	17818	B15_12_months__33038_[Ruminococcus]_gnavus__k141_55959	165	17982	Mediterraneibacter	[Ruminococcus] gnavus
B15_12_months	k141_6090_phage115_3_10104_21_0.88	10102	B15_12_months__1358_Lactococcus_lactis__k141_6090	4	10105	Lactococcus	Lactococcus lactis
B15_12_months	k141_62296_phage584_2_15166_21_0.69	15165	B15_12_months__546_Citrobacter_freundii__k141_62296	3	15167	Citrobacter	Citrobacter freundii
B15_12_months	k141_63548_phage79_4168_21806_18_0.81	17639	B15_12_months__1358_Lactococcus_lactis__k141_63548	4169	21807	Lactococcus	Lactococcus lactis
B15_12_months	k141_67620_phage530_147174_161414_15_0.61	14241	B15_12_months__1502943_Veillonella_seminalis__k141_67620	147175	161415	Veillonella	Veillonella seminalis
B15_12_months	k141_67988	21947	B15_12_months__1358_Lactococcus_lactis__k141_67988	1	21947	Lactococcus	Lactococcus lactis
B15_12_months	k141_68510	27084	B15_12_months__395631_Phytobacter_diazotrophicus__k141_68510	1	27084	Phytobacter	Phytobacter diazotrophicus
B15_12_months	k141_68587_phage68_2_18854_29_0.74	18853	B15_12_months__395631_Phytobacter_diazotrophicus__k141_68587	3	18855	Phytobacter	Phytobacter diazotrophicus
B15_12_months	k141_68886	32780	B15_12_months__39777_Veillonella_atypica__k141_68886	1	32780	Veillonella	Veillonella atypica
B15_12_months	k141_70775	25780	B15_12_months__546_Citrobacter_freundii__k141_70775	1	25780	Citrobacter	Citrobacter freundii
B15_12_months	k141_73738	17555	B15_12_months__39777_Veillonella_atypica__k141_73738	1	17555	Veillonella	Veillonella atypica
B15_12_months	k141_78783_phage31_5134_27464_28_0.72	22330	B15_12_months__571_Klebsiella_oxytoca__k141_78783	5135	27464	Klebsiella	Klebsiella oxytoca
B15_12_months	k141_821	14165	B15_12_months__35703_Citrobacter_amalonaticus__k141_821	1	14165	Citrobacter	Citrobacter amalonaticus
B15_12_months	k141_82508_1_checkv_1-41853/61990	41853	B15_12_months__571_Klebsiella_oxytoca__k141_82508	1	41853	Klebsiella	Klebsiella oxytoca
B15_12_months	k141_82543	26842	B15_12_months__571_Klebsiella_oxytoca__k141_82543	1	26842	Klebsiella	Klebsiella oxytoca
B15_12_months	k141_8785	20013	B15_12_months__83427_uncultured_Streptococcus_sp.__k141_8785	1	20013	Streptococcus	uncultured Streptococcus sp.
B15_12_months	k141_9275_1_checkv_5186-19698/19698	14513	B15_12_months__571_Klebsiella_oxytoca__k141_9275	5186	19698	Klebsiella	Klebsiella oxytoca
B15_12_months	k141_9854_phage536_1_11246_24_0.75	11246	B15_12_months__35703_Citrobacter_amalonaticus__k141_9854	2	11247	Citrobacter	Citrobacter amalonaticus
B15_6_months	k141_10164_phage221_247_13635_12_0.62	13389	B15_6_months__137838_Clostridium_neonatale__k141_10164	248	13636	Clostridium	Clostridium neonatale
B15_6_months	k141_1042_phage168_1_24525_38_0.68	24525	B15_6_months__823_Parabacteroides_distasonis__k141_1042	2	24526	Parabacteroides	Parabacteroides distasonis
B15_6_months	k141_10493_phage285_32_11299_11_0.75	11268	B15_6_months__84112_Eggerthella_lenta__k141_10493	33	11300	Eggerthella	Eggerthella lenta
B15_6_months	k141_10500_phage290_1_12996_13_0.54	12996	B15_6_months__137838_Clostridium_neonatale__k141_10500	2	12997	Clostridium	Clostridium neonatale
B15_6_months	k141_13676_phage14_7_27900_32_0.68	27894	B15_6_months__1492_Clostridium_butyricum__k141_13676	8	27901	Clostridium	Clostridium butyricum
B15_6_months	k141_14206	10026	B15_6_months__137838_Clostridium_neonatale__k141_14206	1	10026	Clostridium	Clostridium neonatale
B15_6_months	k141_14686_phage199_107685_119532_15_0.74	11848	B15_6_months__1492_Clostridium_butyricum__k141_14686	107686	119533	Clostridium	Clostridium butyricum
B15_6_months	k141_15094	16837	B15_6_months__823_Parabacteroides_distasonis__k141_15094	1	16837	Parabacteroides	Parabacteroides distasonis
B15_6_months	k141_15871_phage372_17_20669_32_0.87	20653	B15_6_months__1492_Clostridium_butyricum__k141_15871	18	20670	Clostridium	Clostridium butyricum
B15_6_months	k141_16237_phage49_51750_65560_12_0.63	13811	B15_6_months__137838_Clostridium_neonatale__k141_16237	51751	65561	Clostridium	Clostridium neonatale
B15_6_months	k141_17446_phage277_1_14750_25_0.81	14750	B15_6_months__137838_Clostridium_neonatale__k141_17446	2	14751	Clostridium	Clostridium neonatale
B15_6_months	k141_17915_phage378_112668_144050_31_0.55	31383	B15_6_months__1492_Clostridium_butyricum__k141_17915	112669	144051	Clostridium	Clostridium butyricum
B15_6_months	k141_18018_phage423_3_36767_34_0.62	36765	B15_6_months__84112_Eggerthella_lenta__k141_18018	4	36768	Eggerthella	Eggerthella lenta
B15_6_months	k141_18388_phage50_3758_20179_14_0.68	16422	B15_6_months__137838_Clostridium_neonatale__k141_18388	3759	20180	Clostridium	Clostridium neonatale
B15_6_months	k141_18549	13767	B15_6_months__83427_uncultured_Streptococcus_sp.__k141_18549	1	13767	Streptococcus	uncultured Streptococcus sp.
B15_6_months	k141_18601_phage98_521_33866_37_0.64	33346	B15_6_months__137838_Clostridium_neonatale__k141_18601	522	33867	Clostridium	Clostridium neonatale
B15_6_months	k141_19512_phage329_139841_170662_29_0.73	30822	B15_6_months__1492_Clostridium_butyricum__k141_19512	139842	170663	Clostridium	Clostridium butyricum
B15_6_months	k141_19692_phage368_7624_22299_15_0.61	14676	B15_6_months__137838_Clostridium_neonatale__k141_19692	7625	22300	Clostridium	Clostridium neonatale
B15_6_months	k141_20098	37863	B15_6_months__823_Parabacteroides_distasonis__k141_20098	1	37863	Parabacteroides	Parabacteroides distasonis
B15_6_months	k141_20290_phage441_88467_112405_17_0.77	23939	B15_6_months__1492_Clostridium_butyricum__k141_20290	88468	112406	Clostridium	Clostridium butyricum
B15_6_months	k141_20680_phage30_3_17334_25_0.73	17332	B15_6_months__137838_Clostridium_neonatale__k141_20680	4	17335	Clostridium	Clostridium neonatale
B15_6_months	k141_21107	16406	B15_6_months__1463165_Klebsiella_quasipneumoniae__k141_21107	1	16406	Klebsiella	Klebsiella quasipneumoniae
B15_6_months	k141_22255_1_checkv_151385-163748/163748	12364	B15_6_months__1492_Clostridium_butyricum__k141_22255	151385	163748	Clostridium	Clostridium butyricum
B15_6_months	k141_2311	38057	B15_6_months__2107999_Lactobacillus_paragasseri__k141_2311	1	38057	Lactobacillus	Lactobacillus paragasseri
B15_6_months	k141_23302	13175	B15_6_months__582_Morganella_morganii__k141_23302	1	13175	Morganella	Morganella morganii
B15_6_months	k141_23577	21458	B15_6_months__2107999_Lactobacillus_paragasseri__k141_23577	1	21458	Lactobacillus	Lactobacillus paragasseri
B15_6_months	k141_24622	19796	B15_6_months__137838_Clostridium_neonatale__k141_24622	1	19796	Clostridium	Clostridium neonatale
B15_6_months	k141_2535_1_checkv_24739-59114/82089	34376	B15_6_months__2107999_Lactobacillus_paragasseri__k141_2535	24739	59114	Lactobacillus	Lactobacillus paragasseri
B15_6_months	k141_25361	12834	B15_6_months__249061_uncultured_Actinomyces_sp.__k141_25361	1	12834	Actinomyces	uncultured Actinomyces sp.
B15_6_months	k141_25634_phage96_27865_48503_15_0.63	20639	B15_6_months__1492_Clostridium_butyricum__k141_25634	27866	48504	Clostridium	Clostridium butyricum
B15_6_months	k141_25748	12087	B15_6_months__137838_Clostridium_neonatale__k141_25748	1	12087	Clostridium	Clostridium neonatale
B15_6_months	k141_25998	22027	B15_6_months__2107999_Lactobacillus_paragasseri__k141_25998	1	22027	Lactobacillus	Lactobacillus paragasseri
B15_6_months	k141_26175	15614	B15_6_months__729_Haemophilus_parainfluenzae__k141_26175	1	15614	Haemophilus	Haemophilus parainfluenzae
B15_6_months	k141_26678	20671	B15_6_months__1492_Clostridium_butyricum__k141_26678	1	20671	Clostridium	Clostridium butyricum
B15_6_months	k141_26765_1_checkv_92955-122811/122811	29857	B15_6_months__1492_Clostridium_butyricum__k141_26765	92955	122811	Clostridium	Clostridium butyricum
B15_6_months	k141_27177	13236	B15_6_months__137838_Clostridium_neonatale__k141_27177	1	13236	Clostridium	Clostridium neonatale
B15_6_months	k141_27218_1_checkv_1-22324/38149	22324	B15_6_months__1463165_Klebsiella_quasipneumoniae__k141_27218	1	22324	Klebsiella	Klebsiella quasipneumoniae
B15_6_months	k141_27357_phage0_2_23526_27_0.86	23525	B15_6_months__1492_Clostridium_butyricum__k141_27357	3	23527	Clostridium	Clostridium butyricum
B15_6_months	k141_27587	24684	B15_6_months__582_Morganella_morganii__k141_27587	1	24684	Morganella	Morganella morganii
B15_6_months	k141_27772	23125	B15_6_months__83427_uncultured_Streptococcus_sp.__k141_27772	1	23125	Streptococcus	uncultured Streptococcus sp.
B15_6_months	k141_2809	11250	B15_6_months__137838_Clostridium_neonatale__k141_2809	1	11250	Clostridium	Clostridium neonatale
B15_6_months	k141_2818_1_checkv_1-37054/46518	37054	B15_6_months__582_Morganella_morganii__k141_2818	1	37054	Morganella	Morganella morganii
B15_6_months	k141_28572_phage336_17745_28541_14_0.6	10797	B15_6_months__1492_Clostridium_butyricum__k141_28572	17746	28542	Clostridium	Clostridium butyricum
B15_6_months	k141_28572_phage337_40927_52027_12_0.59	11101	B15_6_months__1492_Clostridium_butyricum__k141_28572	40928	52028	Clostridium	Clostridium butyricum
B15_6_months	k141_28572_phage338_69652_86166_16_0.63	16515	B15_6_months__1492_Clostridium_butyricum__k141_28572	69653	86167	Clostridium	Clostridium butyricum
B15_6_months	k141_28907	12056	B15_6_months__582_Morganella_morganii__k141_28907	1	12056	Morganella	Morganella morganii
B15_6_months	k141_29064_phage371_1_10836_12_0.63	10836	B15_6_months__137838_Clostridium_neonatale__k141_29064	2	10837	Clostridium	Clostridium neonatale
B15_6_months	k141_29753_phage26_67904_80478_15_0.64	12575	B15_6_months__823_Parabacteroides_distasonis__k141_29753	67905	80479	Parabacteroides	Parabacteroides distasonis
B15_6_months	k141_29929_phage63_10867_27223_14_0.54	16357	B15_6_months__28025_Bifidobacterium_animalis__k141_29929	10868	27224	Bifidobacterium	Bifidobacterium animalis
B15_6_months	k141_30123_phage101_30116_42037_11_0.64	11922	B15_6_months__1492_Clostridium_butyricum__k141_30123	30117	42038	Clostridium	Clostridium butyricum
B15_6_months	k141_30241_phage119_105_11779_15_0.72	11675	B15_6_months__823_Parabacteroides_distasonis__k141_30241	106	11780	Parabacteroides	Parabacteroides distasonis
B15_6_months	k141_30241_phage123_93603_115032_19_0.69	21430	B15_6_months__823_Parabacteroides_distasonis__k141_30241	93604	115033	Parabacteroides	Parabacteroides distasonis
B15_6_months	k141_31153	19429	B15_6_months__1492_Clostridium_butyricum__k141_31153	1	19429	Clostridium	Clostridium butyricum
B15_6_months	k141_31253_1_checkv_1-20306/32012	20306	B15_6_months__582_Morganella_morganii__k141_31253	1	20306	Morganella	Morganella morganii
B15_6_months	k141_32014	39925	B15_6_months__2107999_Lactobacillus_paragasseri__k141_32014	1	39925	Lactobacillus	Lactobacillus paragasseri
B15_6_months	k141_32760_1_checkv_3509-14090/14090	10582	B15_6_months__1351_Enterococcus_faecalis__k141_32760	3509	14090	Enterococcus	Enterococcus faecalis
B15_6_months	k141_32949_phage207_7823_24820_17_0.57	16998	B15_6_months__137838_Clostridium_neonatale__k141_32949	7824	24821	Clostridium	Clostridium neonatale
B15_6_months	k141_33055_phage222_15713_35348_13_0.49	19636	B15_6_months__1492_Clostridium_butyricum__k141_33055	15714	35349	Clostridium	Clostridium butyricum
B15_6_months	k141_33325	23422	B15_6_months__137838_Clostridium_neonatale__k141_33325	1	23422	Clostridium	Clostridium neonatale
B15_6_months	k141_33808	74224	B15_6_months__823_Parabacteroides_distasonis__k141_33808	1	74224	Parabacteroides	Parabacteroides distasonis
B15_6_months	k141_34568	10572	B15_6_months__68891_Streptococcus_peroris__k141_34568	1	10572	Streptococcus	Streptococcus peroris
B15_6_months	k141_35231_1_checkv_15812-40293/77960	24482	B15_6_months__582_Morganella_morganii__k141_35231	15812	40293	Morganella	Morganella morganii
B15_6_months	k141_35793_1_checkv_1-39949/50673	39949	B15_6_months__729_Haemophilus_parainfluenzae__k141_35793	1	39949	Haemophilus	Haemophilus parainfluenzae
B15_6_months	k141_4039_phage316_628_24994_23_0.53	24367	B15_6_months__137838_Clostridium_neonatale__k141_4039	629	24995	Clostridium	Clostridium neonatale
B15_6_months	k141_4097_1_checkv_87205-120643/120643	33439	B15_6_months__582_Morganella_morganii__k141_4097	87205	120643	Morganella	Morganella morganii
B15_6_months	k141_4226	15660	B15_6_months__83427_uncultured_Streptococcus_sp.__k141_4226	1	15660	Streptococcus	uncultured Streptococcus sp.
B15_6_months	k141_4360_phage385_869_13256_16_0.53	12387	B15_6_months__2107999_Lactobacillus_paragasseri__k141_4360	870	13256	Lactobacillus	Lactobacillus paragasseri
B15_6_months	k141_4684_phage33_76212_96498_19_0.54	20287	B15_6_months__1492_Clostridium_butyricum__k141_4684	76213	96499	Clostridium	Clostridium butyricum
B15_6_months	k141_680_phage79_155_14287_10_0.79	14133	B15_6_months__1492_Clostridium_butyricum__k141_680	156	14288	Clostridium	Clostridium butyricum
B15_6_months	k141_7084	34062	B15_6_months__435842_Streptococcus_sp._C150__k141_7084	1	34062	Streptococcus	Streptococcus sp. C150
B15_6_months	k141_7541_phage214_72666_86747_21_0.75	14082	B15_6_months__435842_Streptococcus_sp._C150__k141_7541	72667	86748	Streptococcus	Streptococcus sp. C150
B15_6_months	k141_9456_phage76_599_13671_10_0.55	13073	B15_6_months__1492_Clostridium_butyricum__k141_9456	600	13672	Clostridium	Clostridium butyricum
B15_6_months	k141_9456_phage77_76609_93660_17_0.67	17052	B15_6_months__1492_Clostridium_butyricum__k141_9456	76610	93661	Clostridium	Clostridium butyricum
B15_6_months	k141_9509_phage86_5211_18258_15_0.63	13048	B15_6_months__137838_Clostridium_neonatale__k141_9509	5212	18259	Clostridium	Clostridium neonatale
B15_6_months	k141_9737	10074	B15_6_months__1351_Enterococcus_faecalis__k141_9737	1	10074	Enterococcus	Enterococcus faecalis
B16_6_months	k141_1002_1_checkv_19886-45207/45207	25322	B16_6_months__747375_uncultured_Solobacterium_sp.__k141_1002	19886	45207	Solobacterium	uncultured Solobacterium sp.
B16_6_months	k141_10731	22875	B16_6_months__292800_Flavonifractor_plautii__k141_10731	1	22875	Flavonifractor	Flavonifractor plautii
B16_6_months	k141_12512_phage481_58763_68824_12_0.55	10062	B16_6_months__1547_Erysipelatoclostridium_ramosum__k141_12512	58764	68825	Erysipelatoclostridium	Erysipelatoclostridium ramosum
B16_6_months	k141_13578	21754	B16_6_months__1352_Enterococcus_faecium__k141_13578	1	21754	Enterococcus	Enterococcus faecium
B16_6_months	k141_13904_1_checkv_1-59184/93620	59184	B16_6_months__39486_Dorea_formicigenerans__k141_13904	1	59184	Dorea	Dorea formicigenerans
B16_6_months	k141_14876	13126	B16_6_months__39486_Dorea_formicigenerans__k141_14876	1	13126	Dorea	Dorea formicigenerans
B16_6_months	k141_16584	16428	B16_6_months__1352_Enterococcus_faecium__k141_16584	1	16428	Enterococcus	Enterococcus faecium
B16_6_months	k141_16945	14318	B16_6_months__1352_Enterococcus_faecium__k141_16945	1	14318	Enterococcus	Enterococcus faecium
B16_6_months	k141_17401_1_checkv_26855-56841/118317	29987	B16_6_months__131111_Schaalia_turicensis__k141_17401	26855	56841	Schaalia	Schaalia turicensis
B16_6_months	k141_17908	14174	B16_6_months__562_Escherichia_coli__k141_17908	1	14174	Escherichia	Escherichia coli
B16_6_months	k141_18154_phage431_7417_47211_47_0.75	39795	B16_6_months__29363_Clostridium_paraputrificum__k141_18154	7418	47212	Clostridium	Clostridium paraputrificum
B16_6_months	k141_18620_phage503_25845_47005_24_0.55	21161	B16_6_months__29363_Clostridium_paraputrificum__k141_18620	25846	47006	Clostridium	Clostridium paraputrificum
B16_6_months	k141_20238_1_checkv_1-59671/84753	59671	B16_6_months__131111_Schaalia_turicensis__k141_20238	1	59671	Schaalia	Schaalia turicensis
B16_6_months	k141_20243_phage285_26049_51104_33_0.6	25056	B16_6_months__131111_Schaalia_turicensis__k141_20243	26050	51105	Schaalia	Schaalia turicensis
B16_6_months	k141_20549	21531	B16_6_months__1547_Erysipelatoclostridium_ramosum__k141_20549	1	21531	Erysipelatoclostridium	Erysipelatoclostridium ramosum
B16_6_months	k141_20757_phage346_416_11849_11_0.56	11434	B16_6_months__33945_Enterococcus_avium__k141_20757	417	11850	Enterococcus	Enterococcus avium
B16_6_months	k141_21413	11978	B16_6_months__1382_Lancefieldella_parvula__k141_21413	1	11978	Lancefieldella	Lancefieldella parvula
B16_6_months	k141_21596_phage449_14325_29866_19_0.6	15542	B16_6_months__1496_Clostridioides_difficile__k141_21596	14326	29867	Clostridioides	Clostridioides difficile
B16_6_months	k141_21749	31972	B16_6_months__1352_Enterococcus_faecium__k141_21749	1	31972	Enterococcus	Enterococcus faecium
B16_6_months	k141_23120	51872	B16_6_months__39486_Dorea_formicigenerans__k141_23120	1	51872	Dorea	Dorea formicigenerans
B16_6_months	k141_23994	10832	B16_6_months__1496_Clostridioides_difficile__k141_23994	1	10832	Clostridioides	Clostridioides difficile
B16_6_months	k141_24629_phage148_11917_25220_14_0.62	13304	B16_6_months__1496_Clostridioides_difficile__k141_24629	11918	25221	Clostridioides	Clostridioides difficile
B16_6_months	k141_26071_1_checkv_93138-132042/177512	38905	B16_6_months__33945_Enterococcus_avium__k141_26071	93138	132042	Enterococcus	Enterococcus avium
B16_6_months	k141_26311_phage394_3_11237_10_0.6	11235	B16_6_months__1496_Clostridioides_difficile__k141_26311	4	11238	Clostridioides	Clostridioides difficile
B16_6_months	k141_27915	17757	B16_6_months__1352_Enterococcus_faecium__k141_27915	1	17757	Enterococcus	Enterococcus faecium
B16_6_months	k141_28069_phage669_107_12227_13_0.75	12121	B16_6_months__1547_Erysipelatoclostridium_ramosum__k141_28069	108	12228	Erysipelatoclostridium	Erysipelatoclostridium ramosum
B16_6_months	k141_28524_1_checkv_16186-46830/66124	30645	B16_6_months__84112_Eggerthella_lenta__k141_28524	16186	46830	Eggerthella	Eggerthella lenta
B16_6_months	k141_28900	12096	B16_6_months__1496_Clostridioides_difficile__k141_28900	1	12096	Clostridioides	Clostridioides difficile
B16_6_months	k141_29666_phage162_2_13459_18_0.55	13458	B16_6_months__562_Escherichia_coli__k141_29666	3	13460	Escherichia	Escherichia coli
B16_6_months	k141_29950_phage197_13702_26555_16_0.57	12854	B16_6_months__1502_Clostridium_perfringens__k141_29950	13703	26556	Clostridium	Clostridium perfringens
B16_6_months	k141_30337_phage289_54906_66621_10_0.6	11716	B16_6_months__1547_Erysipelatoclostridium_ramosum__k141_30337	54907	66622	Erysipelatoclostridium	Erysipelatoclostridium ramosum
B16_6_months	k141_3178_phage487_60175_98232_43_0.63	38058	B16_6_months__131111_Schaalia_turicensis__k141_3178	60176	98233	Schaalia	Schaalia turicensis
B16_6_months	k141_33854	20374	B16_6_months__562_Escherichia_coli__k141_33854	1	20374	Escherichia	Escherichia coli
B16_6_months	k141_34906_phage261_149_25009_21_0.68	24861	B16_6_months__39486_Dorea_formicigenerans__k141_34906	150	25010	Dorea	Dorea formicigenerans
B16_6_months	k141_34912_1_checkv_9585-28799/28799	19215	B16_6_months__29363_Clostridium_paraputrificum__k141_34912	9585	28799	Clostridium	Clostridium paraputrificum
B16_6_months	k141_35030_phage319_56638_93329_45_0.63	36692	B16_6_months__817_Bacteroides_fragilis__k141_35030	56639	93330	Bacteroides	Bacteroides fragilis
B16_6_months	k141_3530	11098	B16_6_months__562_Escherichia_coli__k141_3530	1	11098	Escherichia	Escherichia coli
B16_6_months	k141_35328_1_checkv_1-23931/25521	23931	B16_6_months__562_Escherichia_coli__k141_35328	1	23931	Escherichia	Escherichia coli
B16_6_months	k141_35636	11135	B16_6_months__1496_Clostridioides_difficile__k141_35636	1	11135	Clostridioides	Clostridioides difficile
B16_6_months	k141_35784	16043	B16_6_months__562_Escherichia_coli__k141_35784	1	16043	Escherichia	Escherichia coli
B16_6_months	k141_35982_1_checkv_10127-45088/67284	34962	B16_6_months__29363_Clostridium_paraputrificum__k141_35982	10127	45088	Clostridium	Clostridium paraputrificum
B16_6_months	k141_35982_phage447_5458_33726_52_0.84	28269	B16_6_months__29363_Clostridium_paraputrificum__k141_35982	5459	33727	Clostridium	Clostridium paraputrificum
B16_6_months	k141_37072_1_checkv_51763-85304/85304	33542	B16_6_months__1685_Bifidobacterium_breve__k141_37072	51763	85304	Bifidobacterium	Bifidobacterium breve
B16_6_months	k141_37181_phage604_1_36878_29_0.58	36878	B16_6_months__1502_Clostridium_perfringens__k141_37181	2	36879	Clostridium	Clostridium perfringens
B16_6_months	k141_37193	27633	B16_6_months__1502_Clostridium_perfringens__k141_37193	1	27633	Clostridium	Clostridium perfringens
B16_6_months	k141_37439_phage640_2_33004_23_0.7	33003	B16_6_months__1496_Clostridioides_difficile__k141_37439	3	33005	Clostridioides	Clostridioides difficile
B16_6_months	k141_3759	10620	B16_6_months__33945_Enterococcus_avium__k141_3759	1	10620	Enterococcus	Enterococcus avium
B16_6_months	k141_37780	21860	B16_6_months__1354_Enterococcus_hirae__k141_37780	1	21860	Enterococcus	Enterococcus hirae
B16_6_months	k141_37835	27429	B16_6_months__562_Escherichia_coli__k141_37835	1	27429	Escherichia	Escherichia coli
B16_6_months	k141_38009_1_checkv_1-20284/42101	20284	B16_6_months__562_Escherichia_coli__k141_38009	1	20284	Escherichia	Escherichia coli
B16_6_months	k141_38703_1_checkv_60482-89315/89315	28834	B16_6_months__817_Bacteroides_fragilis__k141_38703	60482	89315	Bacteroides	Bacteroides fragilis
B16_6_months	k141_38778_1_checkv_3472-50095/50095	46624	B16_6_months__40545_Sutterella_wadsworthensis__k141_38778	3472	50095	Sutterella	Sutterella wadsworthensis
B16_6_months	k141_39275	18600	B16_6_months__131111_Schaalia_turicensis__k141_39275	1	18600	Schaalia	Schaalia turicensis
B16_6_months	k141_39349_1_checkv_36414-48200/51748	11787	B16_6_months__29363_Clostridium_paraputrificum__k141_39349	36414	48200	Clostridium	Clostridium paraputrificum
B16_6_months	k141_40068	26862	B16_6_months__216816_Bifidobacterium_longum__k141_40068	1	26862	Bifidobacterium	Bifidobacterium longum
B16_6_months	k141_41807_phage644_3882_26134_31_0.84	22253	B16_6_months__29363_Clostridium_paraputrificum__k141_41807	3883	26135	Clostridium	Clostridium paraputrificum
B16_6_months	k141_42178_1_checkv_75570-95535/95535	19966	B16_6_months__39486_Dorea_formicigenerans__k141_42178	75570	95535	Dorea	Dorea formicigenerans
B16_6_months	k141_42273	63983	B16_6_months__1352_Enterococcus_faecium__k141_42273	1	63983	Enterococcus	Enterococcus faecium
B16_6_months	k141_42575	10717	B16_6_months__244366_Klebsiella_variicola__k141_42575	1	10717	Klebsiella	Klebsiella variicola
B16_6_months	k141_42937_1_checkv_1-19116/21359	19116	B16_6_months__1496_Clostridioides_difficile__k141_42937	1	19116	Clostridioides	Clostridioides difficile
B16_6_months	k141_44839_phage296_103186_117274_19_0.59	14089	B16_6_months__817_Bacteroides_fragilis__k141_44839	103187	117275	Bacteroides	Bacteroides fragilis
B16_6_months	k141_46163_phage488_3905_14805_11_0.55	10901	B16_6_months__1496_Clostridioides_difficile__k141_46163	3906	14806	Clostridioides	Clostridioides difficile
B16_6_months	k141_48155_phage146_285244_298246_15_0.49	13003	B16_6_months__33038_[Ruminococcus]_gnavus__k141_48155	285245	298247	Mediterraneibacter	[Ruminococcus] gnavus
B16_6_months	k141_49186	14914	B16_6_months__84112_Eggerthella_lenta__k141_49186	1	14914	Eggerthella	Eggerthella lenta
B16_6_months	k141_5018_phage53_198_10737_10_0.57	10540	B16_6_months__1354_Enterococcus_hirae__k141_5018	199	10738	Enterococcus	Enterococcus hirae
B16_6_months	k141_50253_phage438_2_19945_18_0.58	19944	B16_6_months__1496_Clostridioides_difficile__k141_50253	3	19946	Clostridioides	Clostridioides difficile
B16_6_months	k141_50736_phage523_191_12886_21_0.87	12696	B16_6_months__1496_Clostridioides_difficile__k141_50736	192	12887	Clostridioides	Clostridioides difficile
B16_6_months	k141_51514_phage601_10611_30775_17_0.58	20165	B16_6_months__292800_Flavonifractor_plautii__k141_51514	10612	30776	Flavonifractor	Flavonifractor plautii
B16_6_months	k141_51640	20817	B16_6_months__33038_[Ruminococcus]_gnavus__k141_51640	1	20817	Mediterraneibacter	[Ruminococcus] gnavus
B16_6_months	k141_52576_phage106_1_12949_10_0.84	12949	B16_6_months__1502_Clostridium_perfringens__k141_52576	2	12950	Clostridium	Clostridium perfringens
B16_6_months	k141_53206_phage195_34815_45096_11_0.64	10282	B16_6_months__1351_Enterococcus_faecalis__k141_53206	34816	45097	Enterococcus	Enterococcus faecalis
B16_6_months	k141_53280_phage217_39539_57241_18_0.53	17703	B16_6_months__1502_Clostridium_perfringens__k141_53280	39540	57242	Clostridium	Clostridium perfringens
B16_6_months	k141_53665_1_checkv_38612-74289/74289	35678	B16_6_months__33945_Enterococcus_avium__k141_53665	38612	74289	Enterococcus	Enterococcus avium
B16_6_months	k141_54591	23242	B16_6_months__1382_Lancefieldella_parvula__k141_54591	1	23242	Lancefieldella	Lancefieldella parvula
B16_6_months	k141_54991_phage444_1276_26105_25_0.65	24830	B16_6_months__29363_Clostridium_paraputrificum__k141_54991	1277	26106	Clostridium	Clostridium paraputrificum
B16_6_months	k141_55302_1_checkv_32984-44065/44065	11082	B16_6_months__33038_[Ruminococcus]_gnavus__k141_55302	32984	44065	Mediterraneibacter	[Ruminococcus] gnavus
B16_6_months	k141_5532_phage118_18792_51962_31_0.56	33171	B16_6_months__292800_Flavonifractor_plautii__k141_5532	18793	51963	Flavonifractor	Flavonifractor plautii
B16_6_months	k141_55662_phage564_176_15826_14_0.56	15651	B16_6_months__1351_Enterococcus_faecalis__k141_55662	177	15827	Enterococcus	Enterococcus faecalis
B16_6_months	k141_56012_1_checkv_10165-21455/28519	11291	B16_6_months__562_Escherichia_coli__k141_56012	10165	21455	Escherichia	Escherichia coli
B16_6_months	k141_56682_phage0_116_14764_11_0.64	14649	B16_6_months__29363_Clostridium_paraputrificum__k141_56682	117	14765	Clostridium	Clostridium paraputrificum
B16_6_months	k141_57911_phage157_18334_36527_13_0.61	18194	B16_6_months__1502_Clostridium_perfringens__k141_57911	18335	36528	Clostridium	Clostridium perfringens
B16_6_months	k141_58346_phage205_20434_35917_13_0.6	15484	B16_6_months__1502_Clostridium_perfringens__k141_58346	20435	35918	Clostridium	Clostridium perfringens
B16_6_months	k141_58776	27560	B16_6_months__1496_Clostridioides_difficile__k141_58776	1	27560	Clostridioides	Clostridioides difficile
B16_6_months	k141_59133	18164	B16_6_months__216816_Bifidobacterium_longum__k141_59133	1	18164	Bifidobacterium	Bifidobacterium longum
B16_6_months	k141_59844_phage419_241648_268305_17_0.63	26658	B16_6_months__817_Bacteroides_fragilis__k141_59844	241649	268306	Bacteroides	Bacteroides fragilis
B16_6_months	k141_60254_phage494_11668_68214_65_0.73	56547	B16_6_months__1502_Clostridium_perfringens__k141_60254	11669	68215	Clostridium	Clostridium perfringens
B16_6_months	k141_60354	12106	B16_6_months__1496_Clostridioides_difficile__k141_60354	1	12106	Clostridioides	Clostridioides difficile
B16_6_months	k141_60680	10317	B16_6_months__244366_Klebsiella_variicola__k141_60680	1	10317	Klebsiella	Klebsiella variicola
B16_6_months	k141_60805_phage570_81751_116078_38_0.74	34328	B16_6_months__84112_Eggerthella_lenta__k141_60805	81752	116079	Eggerthella	Eggerthella lenta
B16_6_months	k141_60993	12765	B16_6_months__249061_uncultured_Actinomyces_sp.__k141_60993	1	12765	Actinomyces	uncultured Actinomyces sp.
B16_6_months	k141_60995_1_checkv_8317-28227/90945	19911	B16_6_months__47715_Lacticaseibacillus_rhamnosus__k141_60995	8317	28227	Lacticaseibacillus	Lacticaseibacillus rhamnosus
B16_6_months	k141_61645	11456	B16_6_months__1685_Bifidobacterium_breve__k141_61645	1	11456	Bifidobacterium	Bifidobacterium breve
B16_6_months	k141_62456_phage125_139_17482_16_0.53	17344	B16_6_months__1502_Clostridium_perfringens__k141_62456	140	17483	Clostridium	Clostridium perfringens
B16_6_months	k141_62638_1_checkv_1-30397/49184	30397	B16_6_months__1547_Erysipelatoclostridium_ramosum__k141_62638	1	30397	Erysipelatoclostridium	Erysipelatoclostridium ramosum
B16_6_months	k141_62967_1_checkv_103148-136055/136055	32908	B16_6_months__47715_Lacticaseibacillus_rhamnosus__k141_62967	103148	136055	Lacticaseibacillus	Lacticaseibacillus rhamnosus
B16_6_months	k141_63039_phage190_3_26991_37_0.76	26989	B16_6_months__29363_Clostridium_paraputrificum__k141_63039	4	26992	Clostridium	Clostridium paraputrificum
B16_6_months	k141_63039_phage191_27490_43504_34_0.87	16015	B16_6_months__29363_Clostridium_paraputrificum__k141_63039	27491	43505	Clostridium	Clostridium paraputrificum
B16_6_months	k141_63311_phage219_10378_24786_11_0.62	14409	B16_6_months__29363_Clostridium_paraputrificum__k141_63311	10379	24787	Clostridium	Clostridium paraputrificum
B16_6_months	k141_64487_1_checkv_85817-145857/588818	60041	B16_6_months__817_Bacteroides_fragilis__k141_64487	85817	145857	Bacteroides	Bacteroides fragilis
B16_6_months	k141_65092_phage458_1258_17616_18_0.65	16359	B16_6_months__1547_Erysipelatoclostridium_ramosum__k141_65092	1259	17617	Erysipelatoclostridium	Erysipelatoclostridium ramosum
B16_6_months	k141_65164_1_checkv_12900-32567/86184	19668	B16_6_months__817_Bacteroides_fragilis__k141_65164	12900	32567	Bacteroides	Bacteroides fragilis
B16_6_months	k141_6616	13396	B16_6_months__68891_Streptococcus_peroris__k141_6616	1	13396	Streptococcus	Streptococcus peroris
B16_6_months	k141_67487_phage169_8939_27799_19_0.56	18861	B16_6_months__292800_Flavonifractor_plautii__k141_67487	8940	27800	Flavonifractor	Flavonifractor plautii
B16_6_months	k141_67565	53763	B16_6_months__1496_Clostridioides_difficile__k141_67565	1	53763	Clostridioides	Clostridioides difficile
B16_6_months	k141_68111	15298	B16_6_months__29363_Clostridium_paraputrificum__k141_68111	1	15298	Clostridium	Clostridium paraputrificum
B16_6_months	k141_68447_phage343_33662_48818_15_0.63	15157	B16_6_months__1502_Clostridium_perfringens__k141_68447	33663	48819	Clostridium	Clostridium perfringens
B16_6_months	k141_6877	41481	B16_6_months__84112_Eggerthella_lenta__k141_6877	1	41481	Eggerthella	Eggerthella lenta
B16_6_months	k141_69775_phage542_19960_31837_13_0.68	11878	B16_6_months__131111_Schaalia_turicensis__k141_69775	19961	31838	Schaalia	Schaalia turicensis
B16_6_months	k141_70390	31739	B16_6_months__1685_Bifidobacterium_breve__k141_70390	1	31739	Bifidobacterium	Bifidobacterium breve
B16_6_months	k141_71614	10338	B16_6_months__292800_Flavonifractor_plautii__k141_71614	1	10338	Flavonifractor	Flavonifractor plautii
B16_6_months	k141_72143	11121	B16_6_months__1496_Clostridioides_difficile__k141_72143	1	11121	Clostridioides	Clostridioides difficile
B16_6_months	k141_72576_phage185_3_18227_19_0.57	18225	B16_6_months__1502_Clostridium_perfringens__k141_72576	4	18228	Clostridium	Clostridium perfringens
B16_6_months	k141_72592_1_checkv_84907-112998/118060	28092	B16_6_months__292800_Flavonifractor_plautii__k141_72592	84907	112998	Flavonifractor	Flavonifractor plautii
B16_6_months	k141_73718	13784	B16_6_months__1382_Lancefieldella_parvula__k141_73718	1	13784	Lancefieldella	Lancefieldella parvula
B16_6_months	k141_74869_phage516_90_18801_26_0.74	18712	B16_6_months__1352_Enterococcus_faecium__k141_74869	91	18802	Enterococcus	Enterococcus faecium
B16_6_months	k141_7909_phage507_50926_66700_23_0.52	15775	B16_6_months__33038_[Ruminococcus]_gnavus__k141_7909	50927	66701	Mediterraneibacter	[Ruminococcus] gnavus
B16_6_months	k141_8072_phage536_16438_59123_45_0.72	42686	B16_6_months__1502_Clostridium_perfringens__k141_8072	16439	59124	Clostridium	Clostridium perfringens
B16_6_months	k141_8475_phage607_155833_172533_14_0.69	16701	B16_6_months__817_Bacteroides_fragilis__k141_8475	155834	172534	Bacteroides	Bacteroides fragilis
B16_6_months	k141_979	53295	B16_6_months__1685_Bifidobacterium_breve__k141_979	1	53295	Bifidobacterium	Bifidobacterium breve
B17_6_months	k141_10742_phage316_101_35641_28_0.75	35541	B17_6_months__33038_[Ruminococcus]_gnavus__k141_10742	102	35642	Mediterraneibacter	[Ruminococcus] gnavus
B17_6_months	k141_11361_phage46_25_15448_26_0.58	15424	B17_6_months__545_Citrobacter_koseri__k141_11361	26	15449	Citrobacter	Citrobacter koseri
B17_6_months	k141_11599_phage112_3_18419_19_0.85	18417	B17_6_months__68892_Streptococcus_infantis__k141_11599	4	18420	Streptococcus	Streptococcus infantis
B17_6_months	k141_1219	24842	B17_6_months__292800_Flavonifractor_plautii__k141_1219	1	24842	Flavonifractor	Flavonifractor plautii
B17_6_months	k141_12545	18912	B17_6_months__249061_uncultured_Actinomyces_sp.__k141_12545	1	18912	Actinomyces	uncultured Actinomyces sp.
B17_6_months	k141_12595_phage17_11291_27598_15_0.79	16308	B17_6_months__33038_[Ruminococcus]_gnavus__k141_12595	11292	27599	Mediterraneibacter	[Ruminococcus] gnavus
B17_6_months	k141_12947_phage170_126316_152680_29_0.66	26365	B17_6_months__105841_Anaerostipes_caccae__k141_12947	126317	152681	Anaerostipes	Anaerostipes caccae
B17_6_months	k141_13866_1_checkv_29385-44314/44314	14930	B17_6_months__1522_[Clostridium]_innocuum__k141_13866	29385	44314	Erysipelatoclostridium	[Clostridium] innocuum
B17_6_months	k141_13888	11875	B17_6_months__59620_uncultured_Clostridium_sp.__k141_13888	1	11875	Clostridium	uncultured Clostridium sp.
B17_6_months	k141_14524_1_checkv_591-17963/17963	17373	B17_6_months__59620_uncultured_Clostridium_sp.__k141_14524	591	17963	Clostridium	uncultured Clostridium sp.
B17_6_months	k141_1457_1_checkv_30176-41325/41325	11150	B17_6_months__292800_Flavonifractor_plautii__k141_1457	30176	41325	Flavonifractor	Flavonifractor plautii
B17_6_months	k141_15645	54639	B17_6_months__43675_Rothia_mucilaginosa__k141_15645	1	54639	Rothia	Rothia mucilaginosa
B17_6_months	k141_15674	20443	B17_6_months__1522_[Clostridium]_innocuum__k141_15674	1	20443	Erysipelatoclostridium	[Clostridium] innocuum
B17_6_months	k141_15856_1_checkv_30639-63677/63677	33039	B17_6_months__545_Citrobacter_koseri__k141_15856	30639	63677	Citrobacter	Citrobacter koseri
B17_6_months	k141_16228_phage238_1_12128_18_0.6	12128	B17_6_months__545_Citrobacter_koseri__k141_16228	2	12129	Citrobacter	Citrobacter koseri
B17_6_months	k141_16321_1_checkv_42007-61205/61205	19199	B17_6_months__1522_[Clostridium]_innocuum__k141_16321	42007	61205	Erysipelatoclostridium	[Clostridium] innocuum
B17_6_months	k141_1654_phage78_24385_62975_35_0.63	38591	B17_6_months__84112_Eggerthella_lenta__k141_1654	24386	62976	Eggerthella	Eggerthella lenta
B17_6_months	k141_17153_1_checkv_11102-42544/42544	31443	B17_6_months__545_Citrobacter_koseri__k141_17153	11102	42544	Citrobacter	Citrobacter koseri
B17_6_months	k141_17183_phage133_142_15825_15_0.67	15684	B17_6_months__59620_uncultured_Clostridium_sp.__k141_17183	143	15826	Clostridium	uncultured Clostridium sp.
B17_6_months	k141_17449	17687	B17_6_months__33038_[Ruminococcus]_gnavus__k141_17449	1	17687	Mediterraneibacter	[Ruminococcus] gnavus
B17_6_months	k141_17810_1_checkv_79579-118314/118314	38736	B17_6_months__1134687_Klebsiella_michiganensis__k141_17810	79579	118314	Klebsiella	Klebsiella michiganensis
B17_6_months	k141_18155_1_checkv_1-25073/142811	25073	B17_6_months__43675_Rothia_mucilaginosa__k141_18155	1	25073	Rothia	Rothia mucilaginosa
B17_6_months	k141_18215_1_checkv_1-29931/54983	29931	B17_6_months__59620_uncultured_Clostridium_sp.__k141_18215	1	29931	Clostridium	uncultured Clostridium sp.
B17_6_months	k141_19114_1_checkv_1-42086/60639	42086	B17_6_months__545_Citrobacter_koseri__k141_19114	1	42086	Citrobacter	Citrobacter koseri
B17_6_months	k141_19399_phage360_1_22903_17_0.6	22903	B17_6_months__68892_Streptococcus_infantis__k141_19399	2	22904	Streptococcus	Streptococcus infantis
B17_6_months	k141_20160_phage134_3004_17540_10_0.64	14537	B17_6_months__33038_[Ruminococcus]_gnavus__k141_20160	3005	17541	Mediterraneibacter	[Ruminococcus] gnavus
B17_6_months	k141_20170_1_checkv_344906-385914/385914	41009	B17_6_months__105841_Anaerostipes_caccae__k141_20170	344906	385914	Anaerostipes	Anaerostipes caccae
B17_6_months	k141_20669_phage341_23679_46383_30_0.75	22705	B17_6_months__37734_Enterococcus_casseliflavus__k141_20669	23680	46384	Enterococcus	Enterococcus casseliflavus
B17_6_months	k141_21285_phage64_49635_85628_30_0.73	35994	B17_6_months__1547_Erysipelatoclostridium_ramosum__k141_21285	49636	85629	Erysipelatoclostridium	Erysipelatoclostridium ramosum
B17_6_months	k141_21712_phage212_3_22467_22_0.84	22465	B17_6_months__33038_[Ruminococcus]_gnavus__k141_21712	4	22468	Mediterraneibacter	[Ruminococcus] gnavus
B17_6_months	k141_21859_1_checkv_233539-260318/260318	26780	B17_6_months__1522_[Clostridium]_innocuum__k141_21859	233539	260318	Erysipelatoclostridium	[Clostridium] innocuum
B17_6_months	k141_22169_1_checkv_33389-48219/48219	14831	B17_6_months__59620_uncultured_Clostridium_sp.__k141_22169	33389	48219	Clostridium	uncultured Clostridium sp.
B17_6_months	k141_22239	32469	B17_6_months__59620_uncultured_Clostridium_sp.__k141_22239	1	32469	Clostridium	uncultured Clostridium sp.
B17_6_months	k141_2754_phage398_30140_45415_18_0.7	15276	B17_6_months__1547_Erysipelatoclostridium_ramosum__k141_2754	30141	45416	Erysipelatoclostridium	Erysipelatoclostridium ramosum
B17_6_months	k141_337_1_checkv_58381-93285/93285	34905	B17_6_months__1134687_Klebsiella_michiganensis__k141_337	58381	93285	Klebsiella	Klebsiella michiganensis
B17_6_months	k141_4312_1_checkv_22971-59435/59435	36465	B17_6_months__1134687_Klebsiella_michiganensis__k141_4312	22971	59435	Klebsiella	Klebsiella michiganensis
B17_6_months	k141_5210_phage261_199938_221836_26_0.66	21899	B17_6_months__1547_Erysipelatoclostridium_ramosum__k141_5210	199939	221837	Erysipelatoclostridium	Erysipelatoclostridium ramosum
B17_6_months	k141_5410	13922	B17_6_months__545_Citrobacter_koseri__k141_5410	1	13922	Citrobacter	Citrobacter koseri
B17_6_months	k141_6091_phage148_29786_46560_17_0.75	16775	B17_6_months__1522_[Clostridium]_innocuum__k141_6091	29787	46561	Erysipelatoclostridium	[Clostridium] innocuum
B17_6_months	k141_6199_phage204_75763_86567_14_0.65	10805	B17_6_months__1547_Erysipelatoclostridium_ramosum__k141_6199	75764	86568	Erysipelatoclostridium	Erysipelatoclostridium ramosum
B17_6_months	k141_7046_phage12_157_18949_17_0.6	18793	B17_6_months__59620_uncultured_Clostridium_sp.__k141_7046	158	18950	Clostridium	uncultured Clostridium sp.
B17_6_months	k141_7220_phage76_29535_41328_15_0.6	11794	B17_6_months__84112_Eggerthella_lenta__k141_7220	29536	41329	Eggerthella	Eggerthella lenta
B17_6_months	k141_734_phage141_123_17713_15_0.74	17591	B17_6_months__33038_[Ruminococcus]_gnavus__k141_734	124	17714	Mediterraneibacter	[Ruminococcus] gnavus
B17_6_months	k141_7484	47384	B17_6_months__249061_uncultured_Actinomyces_sp.__k141_7484	1	47384	Actinomyces	uncultured Actinomyces sp.
B17_6_months	k141_7719_1_checkv_15979-50644/50644	34666	B17_6_months__545_Citrobacter_koseri__k141_7719	15979	50644	Citrobacter	Citrobacter koseri
B17_6_months	k141_8078	25417	B17_6_months__545_Citrobacter_koseri__k141_8078	1	25417	Citrobacter	Citrobacter koseri
B17_6_months	k141_808	30124	B17_6_months__249061_uncultured_Actinomyces_sp.__k141_808	1	30124	Actinomyces	uncultured Actinomyces sp.
B17_6_months	k141_8166_phage392_201_10825_14_0.75	10625	B17_6_months__33038_[Ruminococcus]_gnavus__k141_8166	202	10826	Mediterraneibacter	[Ruminococcus] gnavus
B17_6_months	k141_8548_1_checkv_47329-81019/98815	33691	B17_6_months__545_Citrobacter_koseri__k141_8548	47329	81019	Citrobacter	Citrobacter koseri
B17_6_months	k141_8582	18070	B17_6_months__59620_uncultured_Clostridium_sp.__k141_8582	1	18070	Clostridium	uncultured Clostridium sp.
B17_6_months	k141_8971_phage129_1_10168_16_0.64	10168	B17_6_months__1547_Erysipelatoclostridium_ramosum__k141_8971	2	10169	Erysipelatoclostridium	Erysipelatoclostridium ramosum
B17_6_months	k141_8971_phage130_10658_39647_27_0.7	28990	B17_6_months__1547_Erysipelatoclostridium_ramosum__k141_8971	10659	39648	Erysipelatoclostridium	Erysipelatoclostridium ramosum
B17_6_months	k141_8971_phage131_77683_119069_38_0.67	41387	B17_6_months__1547_Erysipelatoclostridium_ramosum__k141_8971	77684	119070	Erysipelatoclostridium	Erysipelatoclostridium ramosum
B17_6_months	k141_907_phage200_4928_24336_26_0.72	19409	B17_6_months__1547_Erysipelatoclostridium_ramosum__k141_907	4929	24337	Erysipelatoclostridium	Erysipelatoclostridium ramosum
B17_6_months	k141_9646	25074	B17_6_months__249061_uncultured_Actinomyces_sp.__k141_9646	1	25074	Actinomyces	uncultured Actinomyces sp.
B17_6_months	k141_9724	25867	B17_6_months__33038_[Ruminococcus]_gnavus__k141_9724	1	25867	Mediterraneibacter	[Ruminococcus] gnavus
B17_6_months	k141_9947_phage66_3_16856_16_0.73	16854	B17_6_months__39778_Veillonella_dispar__k141_9947	4	16857	Veillonella	Veillonella dispar
B17_6_months	k141_9950_1_checkv_217475-260803/260803	43329	B17_6_months__1134687_Klebsiella_michiganensis__k141_9950	217475	260803	Klebsiella	Klebsiella michiganensis
B18_6_months	k141_10158	13079	B18_6_months__1739406_Actinomyces_sp._HMSC035G02__k141_10158	1	13079	Actinomyces	Actinomyces sp. HMSC035G02
B18_6_months	k141_10896	27577	B18_6_months__1150423_Bifidobacterium_dentium__k141_10896	1	27577	Bifidobacterium	Bifidobacterium dentium
B18_6_months	k141_11091	15701	B18_6_months__418240_Blautia_wexlerae__k141_11091	1	15701	Blautia	Blautia wexlerae
B18_6_months	k141_11803_phage11_3_22010_20_0.73	22008	B18_6_months__2292349_Eubacterium_sp._AM28-29__k141_11803	4	22011	Eubacterium	Eubacterium sp. AM28-29
B18_6_months	k141_12203_phage129_3_15350_12_0.59	15348	B18_6_months__84112_Eggerthella_lenta__k141_12203	4	15351	Eggerthella	Eggerthella lenta
B18_6_months	k141_13801	13874	B18_6_months__1739406_Actinomyces_sp._HMSC035G02__k141_13801	1	13874	Actinomyces	Actinomyces sp. HMSC035G02
B18_6_months	k141_15771	20811	B18_6_months__84112_Eggerthella_lenta__k141_15771	1	20811	Eggerthella	Eggerthella lenta
B18_6_months	k141_16084_phage298_51487_65655_18_0.83	14169	B18_6_months__1547_Erysipelatoclostridium_ramosum__k141_16084	51488	65656	Erysipelatoclostridium	Erysipelatoclostridium ramosum
B18_6_months	k141_16153_phage307_296_14863_16_0.7	14568	B18_6_months__1351_Enterococcus_faecalis__k141_16153	297	14864	Enterococcus	Enterococcus faecalis
B18_6_months	k141_16631	14000	B18_6_months__1739406_Actinomyces_sp._HMSC035G02__k141_16631	1	14000	Actinomyces	Actinomyces sp. HMSC035G02
B18_6_months	k141_16785_phage68_36629_49055_15_0.64	12427	B18_6_months__1547_Erysipelatoclostridium_ramosum__k141_16785	36630	49056	Erysipelatoclostridium	Erysipelatoclostridium ramosum
B18_6_months	k141_16785_phage69_60727_81837_20_0.59	21111	B18_6_months__1547_Erysipelatoclostridium_ramosum__k141_16785	60728	81838	Erysipelatoclostridium	Erysipelatoclostridium ramosum
B18_6_months	k141_16785_phage70_86788_97532_11_0.61	10745	B18_6_months__1547_Erysipelatoclostridium_ramosum__k141_16785	86789	97533	Erysipelatoclostridium	Erysipelatoclostridium ramosum
B18_6_months	k141_16954_phage142_5190_23826_14_0.61	18637	B18_6_months__2292349_Eubacterium_sp._AM28-29__k141_16954	5191	23827	Eubacterium	Eubacterium sp. AM28-29
B18_6_months	k141_17601_phage259_199_13046_12_0.69	12848	B18_6_months__1351_Enterococcus_faecalis__k141_17601	200	13047	Enterococcus	Enterococcus faecalis
B18_6_months	k141_17861_phage311_1_14022_16_0.56	14022	B18_6_months__391904_Bifidobacterium_longum__k141_17861	2	14023	Bifidobacterium	Bifidobacterium longum
B18_6_months	k141_18051_phage336_1_16014_17_0.61	16014	B18_6_months__418240_Blautia_wexlerae__k141_18051	2	16015	Blautia	Blautia wexlerae
B18_6_months	k141_18235_phage389_2_14940_16_0.69	14939	B18_6_months__418240_Blautia_wexlerae__k141_18235	3	14941	Blautia	Blautia wexlerae
B18_6_months	k141_18453_1_checkv_26950-64349/146448	37400	B18_6_months__2107999_Lactobacillus_paragasseri__k141_18453	26950	64349	Lactobacillus	Lactobacillus paragasseri
B18_6_months	k141_18478_1_checkv_84753-117039/123034	32287	B18_6_months__562_Escherichia_coli__k141_18478	84753	117039	Escherichia	Escherichia coli
B18_6_months	k141_18484	12118	B18_6_months__562_Escherichia_coli__k141_18484	1	12118	Escherichia	Escherichia coli
B18_6_months	k141_18624_phage440_171_11677_17_0.77	11507	B18_6_months__1547_Erysipelatoclostridium_ramosum__k141_18624	172	11678	Erysipelatoclostridium	Erysipelatoclostridium ramosum
B18_6_months	k141_18979_phage87_86784_109370_25_0.61	22587	B18_6_months__1547_Erysipelatoclostridium_ramosum__k141_18979	86785	109371	Erysipelatoclostridium	Erysipelatoclostridium ramosum
B18_6_months	k141_19158_1_checkv_66491-79587/79587	13097	B18_6_months__562_Escherichia_coli__k141_19158	66491	79587	Escherichia	Escherichia coli
B18_6_months	k141_19208	24338	B18_6_months__292800_Flavonifractor_plautii__k141_19208	1	24338	Flavonifractor	Flavonifractor plautii
B18_6_months	k141_19329_phage195_132919_146363_18_0.77	13445	B18_6_months__2107999_Lactobacillus_paragasseri__k141_19329	132920	146364	Lactobacillus	Lactobacillus paragasseri
B18_6_months	k141_19372	13620	B18_6_months__33038_[Ruminococcus]_gnavus__k141_19372	1	13620	Mediterraneibacter	[Ruminococcus] gnavus
B18_6_months	k141_1980_1_checkv_71542-88252/88252	16711	B18_6_months__2292349_Eubacterium_sp._AM28-29__k141_1980	71542	88252	Eubacterium	Eubacterium sp. AM28-29
B18_6_months	k141_20060	18166	B18_6_months__435842_Streptococcus_sp._C150__k141_20060	1	18166	Streptococcus	Streptococcus sp. C150
B18_6_months	k141_21020_1_checkv_40979-82685/120785	41707	B18_6_months__40545_Sutterella_wadsworthensis__k141_21020	40979	82685	Sutterella	Sutterella wadsworthensis
B18_6_months	k141_21573	38814	B18_6_months__214856_Alistipes_finegoldii__k141_21573	1	38814	Alistipes	Alistipes finegoldii
B18_6_months	k141_21807	42031	B18_6_months__391904_Bifidobacterium_longum__k141_21807	1	42031	Bifidobacterium	Bifidobacterium longum
B18_6_months	k141_21845_phage118_191_28540_33_0.54	28350	B18_6_months__1547_Erysipelatoclostridium_ramosum__k141_21845	192	28541	Erysipelatoclostridium	Erysipelatoclostridium ramosum
B18_6_months	k141_22520_phage279_4798_20356_15_0.62	15559	B18_6_months__2107999_Lactobacillus_paragasseri__k141_22520	4799	20357	Lactobacillus	Lactobacillus paragasseri
B18_6_months	k141_22534_1_checkv_94041-158603/158603	64563	B18_6_months__562_Escherichia_coli__k141_22534	94041	158603	Escherichia	Escherichia coli
B18_6_months	k141_22560_phage293_7106_21274_16_0.6	14168	B18_6_months__418240_Blautia_wexlerae__k141_22560	7107	21274	Blautia	Blautia wexlerae
B18_6_months	k141_23648_1_checkv_1-11513/15185	11513	B18_6_months__292800_Flavonifractor_plautii__k141_23648	1	11513	Flavonifractor	Flavonifractor plautii
B18_6_months	k141_24326_1_checkv_10435-26593/35504	16159	B18_6_months__1689_Bifidobacterium_dentium__k141_24326	10435	26593	Bifidobacterium	Bifidobacterium dentium
B18_6_months	k141_24393_phage198_2_33216_33_0.67	33215	B18_6_months__2292349_Eubacterium_sp._AM28-29__k141_24393	3	33217	Eubacterium	Eubacterium sp. AM28-29
B18_6_months	k141_24457_phage227_6716_28782_19_0.65	22067	B18_6_months__83427_uncultured_Streptococcus_sp.__k141_24457	6717	28783	Streptococcus	uncultured Streptococcus sp.
B18_6_months	k141_25648_phage411_13739_30171_18_0.69	16433	B18_6_months__1547_Erysipelatoclostridium_ramosum__k141_25648	13740	30172	Erysipelatoclostridium	Erysipelatoclostridium ramosum
B18_6_months	k141_26036	14149	B18_6_months__2292349_Eubacterium_sp._AM28-29__k141_26036	1	14149	Eubacterium	Eubacterium sp. AM28-29
B18_6_months	k141_26132_phage38_3_16798_15_0.61	16796	B18_6_months__418240_Blautia_wexlerae__k141_26132	4	16799	Blautia	Blautia wexlerae
B18_6_months	k141_26823_phage200_49822_78625_23_0.7	28804	B18_6_months__2292349_Eubacterium_sp._AM28-29__k141_26823	49823	78626	Eubacterium	Eubacterium sp. AM28-29
B18_6_months	k141_26914_1_checkv_43893-85059/85059	41167	B18_6_months__292800_Flavonifractor_plautii__k141_26914	43893	85059	Flavonifractor	Flavonifractor plautii
B18_6_months	k141_27081	14377	B18_6_months__1739406_Actinomyces_sp._HMSC035G02__k141_27081	1	14377	Actinomyces	Actinomyces sp. HMSC035G02
B18_6_months	k141_27489	10987	B18_6_months__1739406_Actinomyces_sp._HMSC035G02__k141_27489	1	10987	Actinomyces	Actinomyces sp. HMSC035G02
B18_6_months	k141_28239_1_checkv_1-38869/53317	38869	B18_6_months__562_Escherichia_coli__k141_28239	1	38869	Escherichia	Escherichia coli
B18_6_months	k141_28343_phage7_1_22212_29_0.78	22212	B18_6_months__33038_[Ruminococcus]_gnavus__k141_28343	2	22213	Mediterraneibacter	[Ruminococcus] gnavus
B18_6_months	k141_28534_phage43_17662_47634_16_0.62	29973	B18_6_months__418240_Blautia_wexlerae__k141_28534	17663	47635	Blautia	Blautia wexlerae
B18_6_months	k141_29039	16400	B18_6_months__2292349_Eubacterium_sp._AM28-29__k141_29039	1	16400	Eubacterium	Eubacterium sp. AM28-29
B18_6_months	k141_29490_phage213_16895_27891_18_0.74	10997	B18_6_months__1547_Erysipelatoclostridium_ramosum__k141_29490	16896	27892	Erysipelatoclostridium	Erysipelatoclostridium ramosum
B18_6_months	k141_30117	56578	B18_6_months__184870_Varibaculum_cambriense__k141_30117	1	56578	Varibaculum	Varibaculum cambriense
B18_6_months	k141_30597_1_checkv_1-33654/40779	33654	B18_6_months__1689_Bifidobacterium_dentium__k141_30597	1	33654	Bifidobacterium	Bifidobacterium dentium
B18_6_months	k141_31838_1_checkv_1-29409/47483	29409	B18_6_months__292800_Flavonifractor_plautii__k141_31838	1	29409	Flavonifractor	Flavonifractor plautii
B18_6_months	k141_31841	30284	B18_6_months__1739406_Actinomyces_sp._HMSC035G02__k141_31841	1	30284	Actinomyces	Actinomyces sp. HMSC035G02
B18_6_months	k141_32849	14845	B18_6_months__33038_[Ruminococcus]_gnavus__k141_32849	1	14845	Mediterraneibacter	[Ruminococcus] gnavus
B18_6_months	k141_32950	10594	B18_6_months__1689_Bifidobacterium_dentium__k141_32950	1	10594	Bifidobacterium	Bifidobacterium dentium
B18_6_months	k141_33497_1_checkv_451536-491575/586470	40040	B18_6_months__2107999_Lactobacillus_paragasseri__k141_33497	451536	491575	Lactobacillus	Lactobacillus paragasseri
B18_6_months	k141_33736_phage229_10710_20910_12_0.83	10201	B18_6_months__1351_Enterococcus_faecalis__k141_33736	10711	20911	Enterococcus	Enterococcus faecalis
B18_6_months	k141_33859_phage256_41673_51994_14_0.62	10322	B18_6_months__1547_Erysipelatoclostridium_ramosum__k141_33859	41674	51995	Erysipelatoclostridium	Erysipelatoclostridium ramosum
B18_6_months	k141_33932_phage284_626_11286_16_0.75	10661	B18_6_months__1547_Erysipelatoclostridium_ramosum__k141_33932	627	11287	Erysipelatoclostridium	Erysipelatoclostridium ramosum
B18_6_months	k141_34054_phage319_37043_54210_15_0.7	17168	B18_6_months__2292349_Eubacterium_sp._AM28-29__k141_34054	37044	54211	Eubacterium	Eubacterium sp. AM28-29
B18_6_months	k141_34360_phage360_1600_23481_26_0.75	21882	B18_6_months__1547_Erysipelatoclostridium_ramosum__k141_34360	1601	23482	Erysipelatoclostridium	Erysipelatoclostridium ramosum
B18_6_months	k141_34541	18541	B18_6_months__214856_Alistipes_finegoldii__k141_34541	1	18541	Alistipes	Alistipes finegoldii
B18_6_months	k141_34872_phage416_18692_35184_21_0.69	16493	B18_6_months__1547_Erysipelatoclostridium_ramosum__k141_34872	18693	35185	Erysipelatoclostridium	Erysipelatoclostridium ramosum
B18_6_months	k141_35052_phage425_21972_40979_21_0.67	19008	B18_6_months__2292349_Eubacterium_sp._AM28-29__k141_35052	21973	40980	Eubacterium	Eubacterium sp. AM28-29
B18_6_months	k141_35398_1_checkv_97835-143717/211310	45883	B18_6_months__184870_Varibaculum_cambriense__k141_35398	97835	143717	Varibaculum	Varibaculum cambriense
B18_6_months	k141_35598	11229	B18_6_months__1547_Erysipelatoclostridium_ramosum__k141_35598	1	11229	Erysipelatoclostridium	Erysipelatoclostridium ramosum
B18_6_months	k141_36266_phage172_3_40666_65_0.87	40664	B18_6_months__39778_Veillonella_dispar__k141_36266	4	40667	Veillonella	Veillonella dispar
B18_6_months	k141_36291_1_checkv_29639-48111/48111	18473	B18_6_months__214856_Alistipes_finegoldii__k141_36291	29639	48111	Alistipes	Alistipes finegoldii
B18_6_months	k141_36703_phage215_131_12774_15_0.9	12644	B18_6_months__1547_Erysipelatoclostridium_ramosum__k141_36703	132	12775	Erysipelatoclostridium	Erysipelatoclostridium ramosum
B18_6_months	k141_37303_phage331_110585_123771_10_0.65	13187	B18_6_months__2107999_Lactobacillus_paragasseri__k141_37303	110586	123772	Lactobacillus	Lactobacillus paragasseri
B18_6_months	k141_4012_phage294_2599_16541_12_0.66	13943	B18_6_months__2292349_Eubacterium_sp._AM28-29__k141_4012	2600	16542	Eubacterium	Eubacterium sp. AM28-29
B18_6_months	k141_413_1_checkv_1-17060/45772	17060	B18_6_months__184870_Varibaculum_cambriense__k141_413	1	17060	Varibaculum	Varibaculum cambriense
B18_6_months	k141_4463	19987	B18_6_months__2292349_Eubacterium_sp._AM28-29__k141_4463	1	19987	Eubacterium	Eubacterium sp. AM28-29
B18_6_months	k141_4731	18261	B18_6_months__1547_Erysipelatoclostridium_ramosum__k141_4731	1	18261	Erysipelatoclostridium	Erysipelatoclostridium ramosum
B18_6_months	k141_4852_phage89_192_10580_11_0.92	10389	B18_6_months__1547_Erysipelatoclostridium_ramosum__k141_4852	193	10581	Erysipelatoclostridium	Erysipelatoclostridium ramosum
B18_6_months	k141_495	29617	B18_6_months__1685_Bifidobacterium_breve__k141_495	1	29617	Bifidobacterium	Bifidobacterium breve
B18_6_months	k141_5204	13496	B18_6_months__391904_Bifidobacterium_longum__k141_5204	1	13496	Bifidobacterium	Bifidobacterium longum
B18_6_months	k141_5285	55163	B18_6_months__562_Escherichia_coli__k141_5285	1	55163	Escherichia	Escherichia coli
B18_6_months	k141_6280	21275	B18_6_months__214856_Alistipes_finegoldii__k141_6280	1	21275	Alistipes	Alistipes finegoldii
B18_6_months	k141_6472_phage415_17190_30508_14_0.62	13319	B18_6_months__1547_Erysipelatoclostridium_ramosum__k141_6472	17191	30509	Erysipelatoclostridium	Erysipelatoclostridium ramosum
B18_6_months	k141_6919_phage438_3414_38779_33_0.65	35366	B18_6_months__418240_Blautia_wexlerae__k141_6919	3415	38780	Blautia	Blautia wexlerae
B18_6_months	k141_6919_phage439_45646_64429_20_0.6	18783	B18_6_months__418240_Blautia_wexlerae__k141_6919	45647	64429	Blautia	Blautia wexlerae
B18_6_months	k141_7183_phage32_184_25966_11_0.8	25783	B18_6_months__418240_Blautia_wexlerae__k141_7183	185	25967	Blautia	Blautia wexlerae
B18_6_months	k141_7524_phage127_4345_37676_33_0.63	33332	B18_6_months__1547_Erysipelatoclostridium_ramosum__k141_7524	4346	37677	Erysipelatoclostridium	Erysipelatoclostridium ramosum
B18_6_months	k141_8311	23949	B18_6_months__1739406_Actinomyces_sp._HMSC035G02__k141_8311	1	23949	Actinomyces	Actinomyces sp. HMSC035G02
B18_6_months	k141_8557_phage278_1559_14508_15_0.72	12950	B18_6_months__418240_Blautia_wexlerae__k141_8557	1560	14509	Blautia	Blautia wexlerae
B18_6_months	k141_8766_phage344_71918_88624_12_0.82	16707	B18_6_months__2292349_Eubacterium_sp._AM28-29__k141_8766	71919	88625	Eubacterium	Eubacterium sp. AM28-29
B18_6_months	k141_8930_phage401_73_15059_17_0.64	14986	B18_6_months__84112_Eggerthella_lenta__k141_8930	74	15059	Eggerthella	Eggerthella lenta
B18_6_months	k141_897_phage135_40221_50724_11_0.61	10504	B18_6_months__1689_Bifidobacterium_dentium__k141_897	40222	50725	Bifidobacterium	Bifidobacterium dentium
B19_12_months	k141_100478	24647	B19_12_months__137838_Clostridium_neonatale__k141_100478	1	24647	Clostridium	Clostridium neonatale
B19_12_months	k141_10079_1_checkv_35913-51340/51340	15428	B19_12_months__137838_Clostridium_neonatale__k141_10079	35913	51340	Clostridium	Clostridium neonatale
B19_12_months	k141_101701	14333	B19_12_months__1896982_Clostridium_sp._29_15__k141_101701	1	14333	Clostridium	Clostridium sp. 29_15
B19_12_months	k141_102480_phage248_2_15333_17_0.56	15332	B19_12_months__1912855_Faecalimonas_umbilicata__k141_102480	3	15334	Faecalimonas	Faecalimonas umbilicata
B19_12_months	k141_103394_phage421_55749_69472_23_0.67	13724	B19_12_months__1896982_Clostridium_sp._29_15__k141_103394	55750	69473	Clostridium	Clostridium sp. 29_15
B19_12_months	k141_103814	14588	B19_12_months__84112_Eggerthella_lenta__k141_103814	1	14588	Eggerthella	Eggerthella lenta
B19_12_months	k141_105326	27928	B19_12_months__1522_[Clostridium]_innocuum__k141_105326	1	27928	Erysipelatoclostridium	[Clostridium] innocuum
B19_12_months	k141_10536	56651	B19_12_months__1628085_Agathobaculum_butyriciproducens__k141_10536	1	56651	Agathobaculum	Agathobaculum butyriciproducens
B19_12_months	k141_105400_phage708_1005_35479_34_0.57	34475	B19_12_months__1547_Erysipelatoclostridium_ramosum__k141_105400	1006	35480	Erysipelatoclostridium	Erysipelatoclostridium ramosum
B19_12_months	k141_105429_1_checkv_57118-114209/114209	57092	B19_12_months__1522_[Clostridium]_innocuum__k141_105429	57118	114209	Erysipelatoclostridium	[Clostridium] innocuum
B19_12_months	k141_106588	10129	B19_12_months__29466_Veillonella_parvula__k141_106588	1	10129	Veillonella	Veillonella parvula
B19_12_months	k141_107106	63986	B19_12_months__1150298_Fusicatenibacter_saccharivorans__k141_107106	1	63986	Fusicatenibacter	Fusicatenibacter saccharivorans
B19_12_months	k141_107566	36401	B19_12_months__242230_Eggerthella_sinensis__k141_107566	1	36401	Eggerthella	Eggerthella sinensis
B19_12_months	k141_10875_phage698_1_18346_15_0.69	18346	B19_12_months__137838_Clostridium_neonatale__k141_10875	2	18347	Clostridium	Clostridium neonatale
B19_12_months	k141_10878_1_checkv_3565-14533/14533	10969	B19_12_months__137838_Clostridium_neonatale__k141_10878	3565	14533	Clostridium	Clostridium neonatale
B19_12_months	k141_12013_1_checkv_50739-63522/63522	12784	B19_12_months__187326_Megasphaera_micronuciformis__k141_12013	50739	63522	Megasphaera	Megasphaera micronuciformis
B19_12_months	k141_12422_phage1006_381_11420_11_0.62	11040	B19_12_months__137838_Clostridium_neonatale__k141_12422	382	11421	Clostridium	Clostridium neonatale
B19_12_months	k141_12587_phage1039_3973_14873_11_0.6	10901	B19_12_months__1496_Clostridioides_difficile__k141_12587	3974	14874	Clostridioides	Clostridioides difficile
B19_12_months	k141_13949_phage58_4344_15417_18_0.58	11074	B19_12_months__1628085_Agathobaculum_butyriciproducens__k141_13949	4345	15418	Agathobaculum	Agathobaculum butyriciproducens
B19_12_months	k141_13949_phage59_15619_28940_22_0.74	13322	B19_12_months__1628085_Agathobaculum_butyriciproducens__k141_13949	15620	28941	Agathobaculum	Agathobaculum butyriciproducens
B19_12_months	k141_1404_1_checkv_17226-54327/58963	37102	B19_12_months__2293024_Clostridium_sp._AM22-11AC__k141_1404	17226	54327	Clostridium	Clostridium sp. AM22-11AC
B19_12_months	k141_14719_phage225_3_15039_13_0.64	15037	B19_12_months__242230_Eggerthella_sinensis__k141_14719	4	15040	Eggerthella	Eggerthella sinensis
B19_12_months	k141_15075_phage344_39990_50664_17_0.58	10675	B19_12_months__2293024_Clostridium_sp._AM22-11AC__k141_15075	39991	50665	Clostridium	Clostridium sp. AM22-11AC
B19_12_months	k141_16205_phage476_4292_21052_16_0.54	16761	B19_12_months__1598_Limosilactobacillus_reuteri__k141_16205	4293	21053	Limosilactobacillus	Limosilactobacillus reuteri
B19_12_months	k141_16709	12263	B19_12_months__562_Escherichia_coli__k141_16709	1	12263	Escherichia	Escherichia coli
B19_12_months	k141_17432_1_checkv_2710-44192/44192	41483	B19_12_months__159268_uncultured_Veillonella_sp.__k141_17432	2710	44192	Veillonella	uncultured Veillonella sp.
B19_12_months	k141_17525	27965	B19_12_months__573_Klebsiella_pneumoniae__k141_17525	1	27965	Klebsiella	Klebsiella pneumoniae
B19_12_months	k141_1853_1_checkv_65718-93032/93032	27315	B19_12_months__3001914_Clostridium_sp._AM22-11AC__k141_1853	65718	93032	Clostridium	Clostridium sp. AM22-11AC
B19_12_months	k141_19818	13389	B19_12_months__37734_Enterococcus_casseliflavus__k141_19818	1	13389	Enterococcus	Enterococcus casseliflavus
B19_12_months	k141_19852_phage1117_1_10358_10_0.82	10358	B19_12_months__1598_Limosilactobacillus_reuteri__k141_19852	2	10359	Limosilactobacillus	Limosilactobacillus reuteri
B19_12_months	k141_20272_1_checkv_29339-41218/53492	11880	B19_12_months__137838_Clostridium_neonatale__k141_20272	29339	41218	Clostridium	Clostridium neonatale
B19_12_months	k141_20490_phage79_2895_15507_14_0.68	12613	B19_12_months__1547_Erysipelatoclostridium_ramosum__k141_20490	2896	15508	Erysipelatoclostridium	Erysipelatoclostridium ramosum
B19_12_months	k141_20490_phage80_34805_63972_29_0.58	29168	B19_12_months__1547_Erysipelatoclostridium_ramosum__k141_20490	34806	63973	Erysipelatoclostridium	Erysipelatoclostridium ramosum
B19_12_months	k141_21114_phage196_39108_50960_11_0.53	11853	B19_12_months__1896982_Clostridium_sp._29_15__k141_21114	39109	50961	Clostridium	Clostridium sp. 29_15
B19_12_months	k141_21626	14375	B19_12_months__562_Escherichia_coli__k141_21626	1	14375	Escherichia	Escherichia coli
B19_12_months	k141_22382	29952	B19_12_months__216816_Bifidobacterium_longum__k141_22382	1	29952	Bifidobacterium	Bifidobacterium longum
B19_12_months	k141_22615	33162	B19_12_months__301301_Roseburia_hominis__k141_22615	1	33162	Roseburia	Roseburia hominis
B19_12_months	k141_2482	14317	B19_12_months__1628085_Agathobaculum_butyriciproducens__k141_2482	1	14317	Agathobaculum	Agathobaculum butyriciproducens
B19_12_months	k141_24948	10337	B19_12_months__1628085_Agathobaculum_butyriciproducens__k141_24948	1	10337	Agathobaculum	Agathobaculum butyriciproducens
B19_12_months	k141_25162	13986	B19_12_months__242230_Eggerthella_sinensis__k141_25162	1	13986	Eggerthella	Eggerthella sinensis
B19_12_months	k141_26417_phage1081_332_12851_13_0.61	12520	B19_12_months__500634_Bifidobacterium_bifidum__k141_26417	333	12852	Bifidobacterium	Bifidobacterium bifidum
B19_12_months	k141_27394	82830	B19_12_months__562_Escherichia_coli__k141_27394	1	82830	Escherichia	Escherichia coli
B19_12_months	k141_27537_phage140_8925_24352_18_0.62	15428	B19_12_months__1496_Clostridioides_difficile__k141_27537	8926	24353	Clostridioides	Clostridioides difficile
B19_12_months	k141_28383_1_checkv_45944-91940/116429	45997	B19_12_months__3001914_Clostridium_sp._AM22-11AC__k141_28383	45944	91940	Clostridium	Clostridium sp. AM22-11AC
B19_12_months	k141_28819_phage376_7664_22884_18_0.68	15221	B19_12_months__1896982_Clostridium_sp._29_15__k141_28819	7665	22885	Clostridium	Clostridium sp. 29_15
B19_12_months	k141_28893_1_checkv_18571-61364/76361	42794	B19_12_months__1150298_Fusicatenibacter_saccharivorans__k141_28893	18571	61364	Fusicatenibacter	Fusicatenibacter saccharivorans
B19_12_months	k141_29027_1_checkv_34750-59035/100420	24286	B19_12_months__562_Escherichia_coli__k141_29027	34750	59035	Escherichia	Escherichia coli
B19_12_months	k141_29130	41043	B19_12_months__33038_[Ruminococcus]_gnavus__k141_29130	1	41043	Mediterraneibacter	[Ruminococcus] gnavus
B19_12_months	k141_30062_phage633_18310_29676_14_0.68	11367	B19_12_months__1896982_Clostridium_sp._29_15__k141_30062	18311	29677	Clostridium	Clostridium sp. 29_15
B19_12_months	k141_30501_phage697_3_22514_25_0.74	22512	B19_12_months__1496_Clostridioides_difficile__k141_30501	4	22515	Clostridioides	Clostridioides difficile
B19_12_months	k141_31062_1_checkv_20621-36253/36253	15633	B19_12_months__137838_Clostridium_neonatale__k141_31062	20621	36253	Clostridium	Clostridium neonatale
B19_12_months	k141_32536	18331	B19_12_months__1150298_Fusicatenibacter_saccharivorans__k141_32536	1	18331	Fusicatenibacter	Fusicatenibacter saccharivorans
B19_12_months	k141_33000_1_checkv_16749-27008/27008	10260	B19_12_months__562_Escherichia_coli__k141_33000	16749	27008	Escherichia	Escherichia coli
B19_12_months	k141_33169_1_checkv_1-32678/53036	32678	B19_12_months__28026_Bifidobacterium_pseudocatenulatum__k141_33169	1	32678	Bifidobacterium	Bifidobacterium pseudocatenulatum
B19_12_months	k141_3424	40352	B19_12_months__1628085_Agathobaculum_butyriciproducens__k141_3424	1	40352	Agathobaculum	Agathobaculum butyriciproducens
B19_12_months	k141_34434	26594	B19_12_months__1584_Lactobacillus_delbrueckii__k141_34434	1	26594	Lactobacillus	Lactobacillus delbrueckii
B19_12_months	k141_34797	10183	B19_12_months__301301_Roseburia_hominis__k141_34797	1	10183	Roseburia	Roseburia hominis
B19_12_months	k141_35319_phage257_66039_83036_17_0.59	16998	B19_12_months__137838_Clostridium_neonatale__k141_35319	66040	83037	Clostridium	Clostridium neonatale
B19_12_months	k141_36110	74909	B19_12_months__1584_Lactobacillus_delbrueckii__k141_36110	1	74909	Lactobacillus	Lactobacillus delbrueckii
B19_12_months	k141_37273_phage557_16239_28135_14_0.61	11897	B19_12_months__1896982_Clostridium_sp._29_15__k141_37273	16240	28136	Clostridium	Clostridium sp. 29_15
B19_12_months	k141_37383_phage588_119685_135897_26_0.72	16213	B19_12_months__33945_Enterococcus_avium__k141_37383	119686	135898	Enterococcus	Enterococcus avium
B19_12_months	k141_3747	22070	B19_12_months__1628085_Agathobaculum_butyriciproducens__k141_3747	1	22070	Agathobaculum	Agathobaculum butyriciproducens
B19_12_months	k141_43514_phage533_159_31876_31_0.69	31718	B19_12_months__137838_Clostridium_neonatale__k141_43514	160	31877	Clostridium	Clostridium neonatale
B19_12_months	k141_44787_1_checkv_1-46252/74395	46252	B19_12_months__1628085_Agathobaculum_butyriciproducens__k141_44787	1	46252	Agathobaculum	Agathobaculum butyriciproducens
B19_12_months	k141_44935_phage789_431_17217_19_0.62	16787	B19_12_months__137838_Clostridium_neonatale__k141_44935	432	17218	Clostridium	Clostridium neonatale
B19_12_months	k141_44935_phage790_19761_32219_13_0.73	12459	B19_12_months__137838_Clostridium_neonatale__k141_44935	19762	32220	Clostridium	Clostridium neonatale
B19_12_months	k141_47250_phage1_9226_57597_70_0.84	48372	B19_12_months__137838_Clostridium_neonatale__k141_47250	9227	57598	Clostridium	Clostridium neonatale
B19_12_months	k141_473_1_checkv_1-30768/40147	30768	B19_12_months__187326_Megasphaera_micronuciformis__k141_473	1	30768	Megasphaera	Megasphaera micronuciformis
B19_12_months	k141_48496_phage169_797_14921_13_0.79	14125	B19_12_months__1496_Clostridioides_difficile__k141_48496	798	14922	Clostridioides	Clostridioides difficile
B19_12_months	k141_49579	13616	B19_12_months__1896982_Clostridium_sp._29_15__k141_49579	1	13616	Clostridium	Clostridium sp. 29_15
B19_12_months	k141_50734_phage524_1_12614_16_0.62	12614	B19_12_months__1496_Clostridioides_difficile__k141_50734	2	12615	Clostridioides	Clostridioides difficile
B19_12_months	k141_50804	11577	B19_12_months__37734_Enterococcus_casseliflavus__k141_50804	1	11577	Enterococcus	Enterococcus casseliflavus
B19_12_months	k141_52333	24701	B19_12_months__39777_Veillonella_atypica__k141_52333	1	24701	Veillonella	Veillonella atypica
B19_12_months	k141_53820_phage1069_70585_82502_11_0.58	11918	B19_12_months__137838_Clostridium_neonatale__k141_53820	70586	82503	Clostridium	Clostridium neonatale
B19_12_months	k141_55273	30675	B19_12_months__562_Escherichia_coli__k141_55273	1	30675	Escherichia	Escherichia coli
B19_12_months	k141_55276_phage191_245_32666_28_0.78	32422	B19_12_months__33945_Enterococcus_avium__k141_55276	246	32667	Enterococcus	Enterococcus avium
B19_12_months	k141_55993	10118	B19_12_months__1912855_Faecalimonas_umbilicata__k141_55993	1	10118	Faecalimonas	Faecalimonas umbilicata
B19_12_months	k141_56134_phage352_95_12780_14_0.63	12686	B19_12_months__1598_Limosilactobacillus_reuteri__k141_56134	96	12781	Limosilactobacillus	Limosilactobacillus reuteri
B19_12_months	k141_56148	16987	B19_12_months__573_Klebsiella_pneumoniae__k141_56148	1	16987	Klebsiella	Klebsiella pneumoniae
B19_12_months	k141_59686	23954	B19_12_months__2305242_Clostridium_sp._AM34-11AC__k141_59686	1	23954	Clostridium	Clostridium sp. AM34-11AC
B19_12_months	k141_59894	16421	B19_12_months__573_Klebsiella_pneumoniae__k141_59894	1	16421	Klebsiella	Klebsiella pneumoniae
B19_12_months	k141_60927_phage31_1318_18952_15_0.53	17635	B19_12_months__187326_Megasphaera_micronuciformis__k141_60927	1319	18953	Megasphaera	Megasphaera micronuciformis
B19_12_months	k141_60927_phage32_20311_56070_30_0.73	35760	B19_12_months__187326_Megasphaera_micronuciformis__k141_60927	20312	56071	Megasphaera	Megasphaera micronuciformis
B19_12_months	k141_61035	22274	B19_12_months__33038_[Ruminococcus]_gnavus__k141_61035	1	22274	Mediterraneibacter	[Ruminococcus] gnavus
B19_12_months	k141_6180	22405	B19_12_months__1584_Lactobacillus_delbrueckii__k141_6180	1	22405	Lactobacillus	Lactobacillus delbrueckii
B19_12_months	k141_62379	13718	B19_12_months__1628085_Agathobaculum_butyriciproducens__k141_62379	1	13718	Agathobaculum	Agathobaculum butyriciproducens
B19_12_months	k141_63203	20880	B19_12_months__562_Escherichia_coli__k141_63203	1	20880	Escherichia	Escherichia coli
B19_12_months	k141_63256_phage480_18789_35852_28_0.58	17064	B19_12_months__573_Klebsiella_pneumoniae__k141_63256	18790	35853	Klebsiella	Klebsiella pneumoniae
B19_12_months	k141_65308	31086	B19_12_months__301301_Roseburia_hominis__k141_65308	1	31086	Roseburia	Roseburia hominis
B19_12_months	k141_66291	80205	B19_12_months__1150298_Fusicatenibacter_saccharivorans__k141_66291	1	80205	Fusicatenibacter	Fusicatenibacter saccharivorans
B19_12_months	k141_68171_1_checkv_2507-37436/97959	34930	B19_12_months__573_Klebsiella_pneumoniae__k141_68171	2507	37436	Klebsiella	Klebsiella pneumoniae
B19_12_months	k141_68650	54030	B19_12_months__1150298_Fusicatenibacter_saccharivorans__k141_68650	1	54030	Fusicatenibacter	Fusicatenibacter saccharivorans
B19_12_months	k141_69218	42824	B19_12_months__562_Escherichia_coli__k141_69218	1	42824	Escherichia	Escherichia coli
B19_12_months	k141_69271	104291	B19_12_months__2293024_Clostridium_sp._AM22-11AC__k141_69271	1	104291	Clostridium	Clostridium sp. AM22-11AC
B19_12_months	k141_71661_1_checkv_27120-85574/91781	58455	B19_12_months__1584_Lactobacillus_delbrueckii__k141_71661	27120	85574	Lactobacillus	Lactobacillus delbrueckii
B19_12_months	k141_71662_phage704_1_21190_32_0.75	21190	B19_12_months__1547_Erysipelatoclostridium_ramosum__k141_71662	2	21191	Erysipelatoclostridium	Erysipelatoclostridium ramosum
B19_12_months	k141_72325	10801	B19_12_months__37734_Enterococcus_casseliflavus__k141_72325	1	10801	Enterococcus	Enterococcus casseliflavus
B19_12_months	k141_72659	11628	B19_12_months__1912855_Faecalimonas_umbilicata__k141_72659	1	11628	Faecalimonas	Faecalimonas umbilicata
B19_12_months	k141_72961_phage897_587_25031_27_0.64	24445	B19_12_months__1896982_Clostridium_sp._29_15__k141_72961	588	25032	Clostridium	Clostridium sp. 29_15
B19_12_months	k141_74794	19829	B19_12_months__84112_Eggerthella_lenta__k141_74794	1	19829	Eggerthella	Eggerthella lenta
B19_12_months	k141_76314_phage374_2555_13891_11_0.71	11337	B19_12_months__33945_Enterococcus_avium__k141_76314	2556	13892	Enterococcus	Enterococcus avium
B19_12_months	k141_76570	18539	B19_12_months__1628085_Agathobaculum_butyriciproducens__k141_76570	1	18539	Agathobaculum	Agathobaculum butyriciproducens
B19_12_months	k141_7692	17079	B19_12_months__500634_Bifidobacterium_bifidum__k141_7692	1	17079	Bifidobacterium	Bifidobacterium bifidum
B19_12_months	k141_76989_phage466_19766_30175_10_0.66	10410	B19_12_months__37734_Enterococcus_casseliflavus__k141_76989	19767	30176	Enterococcus	Enterococcus casseliflavus
B19_12_months	k141_77046	14738	B19_12_months__562_Escherichia_coli__k141_77046	1	14738	Escherichia	Escherichia coli
B19_12_months	k141_78034	15803	B19_12_months__1496_Clostridioides_difficile__k141_78034	1	15803	Clostridioides	Clostridioides difficile
B19_12_months	k141_78654_phage746_62087_74054_14_0.56	11968	B19_12_months__1547_Erysipelatoclostridium_ramosum__k141_78654	62088	74055	Erysipelatoclostridium	Erysipelatoclostridium ramosum
B19_12_months	k141_78805	17894	B19_12_months__39777_Veillonella_atypica__k141_78805	1	17894	Veillonella	Veillonella atypica
B19_12_months	k141_79703	35673	B19_12_months__1584_Lactobacillus_delbrueckii__k141_79703	1	35673	Lactobacillus	Lactobacillus delbrueckii
B19_12_months	k141_81306_phage68_111019_126805_15_0.59	15787	B19_12_months__137838_Clostridium_neonatale__k141_81306	111020	126806	Clostridium	Clostridium neonatale
B19_12_months	k141_81972	12114	B19_12_months__33038_[Ruminococcus]_gnavus__k141_81972	1	12114	Mediterraneibacter	[Ruminococcus] gnavus
B19_12_months	k141_82220_phage226_14937_28442_18_0.59	13506	B19_12_months__1584_Lactobacillus_delbrueckii__k141_82220	14938	28443	Lactobacillus	Lactobacillus delbrueckii
B19_12_months	k141_822_phage124_9216_40054_32_0.63	30839	B19_12_months__137838_Clostridium_neonatale__k141_822	9217	40055	Clostridium	Clostridium neonatale
B19_12_months	k141_82736	28414	B19_12_months__2305242_Clostridium_sp._AM34-11AC__k141_82736	1	28414	Clostridium	Clostridium sp. AM34-11AC
B19_12_months	k141_83448	40479	B19_12_months__137838_Clostridium_neonatale__k141_83448	1	40479	Clostridium	Clostridium neonatale
B19_12_months	k141_83455	57984	B19_12_months__500634_Bifidobacterium_bifidum__k141_83455	1	57984	Bifidobacterium	Bifidobacterium bifidum
B19_12_months	k141_84038_phage563_118023_143142_26_0.57	25120	B19_12_months__137838_Clostridium_neonatale__k141_84038	118024	143143	Clostridium	Clostridium neonatale
B19_12_months	k141_84788_phage684_362_16479_15_0.55	16118	B19_12_months__137838_Clostridium_neonatale__k141_84788	363	16480	Clostridium	Clostridium neonatale
B19_12_months	k141_84913	11426	B19_12_months__1896982_Clostridium_sp._29_15__k141_84913	1	11426	Clostridium	Clostridium sp. 29_15
B19_12_months	k141_85229_phage760_108_19040_14_0.75	18933	B19_12_months__1496_Clostridioides_difficile__k141_85229	109	19041	Clostridioides	Clostridioides difficile
B19_12_months	k141_85291	14938	B19_12_months__562_Escherichia_coli__k141_85291	1	14938	Escherichia	Escherichia coli
B19_12_months	k141_85538_1_checkv_8951-36899/56182	27949	B19_12_months__1522_[Clostridium]_innocuum__k141_85538	8951	36899	Erysipelatoclostridium	[Clostridium] innocuum
B19_12_months	k141_86980_phage984_9864_20377_10_0.77	10514	B19_12_months__1496_Clostridioides_difficile__k141_86980	9865	20378	Clostridioides	Clostridioides difficile
B19_12_months	k141_87365_phage1027_3_14593_18_0.69	14591	B19_12_months__216816_Bifidobacterium_longum__k141_87365	4	14594	Bifidobacterium	Bifidobacterium longum
B19_12_months	k141_87463_phage1046_240_28471_24_0.56	28232	B19_12_months__1496_Clostridioides_difficile__k141_87463	241	28472	Clostridioides	Clostridioides difficile
B19_12_months	k141_88065_phage41_45151_58766_16_0.6	13616	B19_12_months__1522_[Clostridium]_innocuum__k141_88065	45152	58767	Erysipelatoclostridium	[Clostridium] innocuum
B19_12_months	k141_88933	21180	B19_12_months__2305242_Clostridium_sp._AM34-11AC__k141_88933	1	21180	Clostridium	Clostridium sp. AM34-11AC
B19_12_months	k141_89519_phage329_153008_163820_15_0.57	10813	B19_12_months__1547_Erysipelatoclostridium_ramosum__k141_89519	153009	163821	Erysipelatoclostridium	Erysipelatoclostridium ramosum
B19_12_months	k141_89718	22044	B19_12_months__2305242_Clostridium_sp._AM34-11AC__k141_89718	1	22044	Clostridium	Clostridium sp. AM34-11AC
B19_12_months	k141_89923	22591	B19_12_months__1896982_Clostridium_sp._29_15__k141_89923	1	22591	Clostridium	Clostridium sp. 29_15
B19_12_months	k141_8999	15328	B19_12_months__33945_Enterococcus_avium__k141_8999	1	15328	Enterococcus	Enterococcus avium
B19_12_months	k141_90188	22465	B19_12_months__2305242_Clostridium_sp._AM34-11AC__k141_90188	1	22465	Clostridium	Clostridium sp. AM34-11AC
B19_12_months	k141_90592_phage449_3_14836_13_0.61	14834	B19_12_months__1496_Clostridioides_difficile__k141_90592	4	14837	Clostridioides	Clostridioides difficile
B19_12_months	k141_91664	14329	B19_12_months__29466_Veillonella_parvula__k141_91664	1	14329	Veillonella	Veillonella parvula
B19_12_months	k141_92232_1_checkv_1-31971/47941	31971	B19_12_months__1628085_Agathobaculum_butyriciproducens__k141_92232	1	31971	Agathobaculum	Agathobaculum butyriciproducens
B19_12_months	k141_94074_1_checkv_1-32642/39873	32642	B19_12_months__1496_Clostridioides_difficile__k141_94074	1	32642	Clostridioides	Clostridioides difficile
B19_12_months	k141_95185	10343	B19_12_months__2305242_Clostridium_sp._AM34-11AC__k141_95185	1	10343	Clostridium	Clostridium sp. AM34-11AC
B19_12_months	k141_96843_phage350_1_12893_18_0.71	12893	B19_12_months__1547_Erysipelatoclostridium_ramosum__k141_96843	2	12894	Erysipelatoclostridium	Erysipelatoclostridium ramosum
B19_12_months	k141_97406	16776	B19_12_months__216816_Bifidobacterium_longum__k141_97406	1	16776	Bifidobacterium	Bifidobacterium longum
B19_12_months	k141_98117	16129	B19_12_months__1685_Bifidobacterium_breve__k141_98117	1	16129	Bifidobacterium	Bifidobacterium breve
B19_12_months	k141_99080	27211	B19_12_months__562_Escherichia_coli__k141_99080	1	27211	Escherichia	Escherichia coli
B19_12_months	k141_99641_phage807_3063_13732_12_0.71	10670	B19_12_months__1896982_Clostridium_sp._29_15__k141_99641	3064	13733	Clostridium	Clostridium sp. 29_15
B19_6_months	k141_11242_phage68_2_30147_24_0.63	30146	B19_6_months__1502_Clostridium_perfringens__k141_11242	3	30148	Clostridium	Clostridium perfringens
B19_6_months	k141_11843_phage187_129_13588_27_0.66	13460	B19_6_months__712310_Haemophilus_sp._oral_taxon_036__k141_11843	130	13589	Haemophilus	Haemophilus sp. oral taxon 036
B19_6_months	k141_12017_phage226_142_25200_20_0.72	25059	B19_6_months__137838_Clostridium_neonatale__k141_12017	143	25201	Clostridium	Clostridium neonatale
B19_6_months	k141_12034_phage230_2_38558_39_0.78	38557	B19_6_months__137838_Clostridium_neonatale__k141_12034	3	38559	Clostridium	Clostridium neonatale
B19_6_months	k141_13476_phage503_687_11452_12_0.73	10766	B19_6_months__59620_uncultured_Clostridium_sp.__k141_13476	688	11453	Clostridium	uncultured Clostridium sp.
B19_6_months	k141_13825_phage567_100_18371_21_0.65	18272	B19_6_months__546_Citrobacter_freundii__k141_13825	101	18372	Citrobacter	Citrobacter freundii
B19_6_months	k141_13836_phage578_12663_28754_15_0.73	16092	B19_6_months__137838_Clostridium_neonatale__k141_13836	12664	28755	Clostridium	Clostridium neonatale
B19_6_months	k141_14473_phage57_1_11716_12_0.73	11715	B19_6_months__1502_Clostridium_perfringens__k141_14473	2	11716	Clostridium	Clostridium perfringens
B19_6_months	k141_14978_phage152_19520_33114_14_0.76	13595	B19_6_months__137838_Clostridium_neonatale__k141_14978	19521	33115	Clostridium	Clostridium neonatale
B19_6_months	k141_15130	22940	B19_6_months__43675_Rothia_mucilaginosa__k141_15130	1	22940	Rothia	Rothia mucilaginosa
B19_6_months	k141_15998	25220	B19_6_months__548_Klebsiella_aerogenes__k141_15998	1	25220	Klebsiella	Klebsiella aerogenes
B19_6_months	k141_16600_phage502_2_21076_31_0.84	21075	B19_6_months__137838_Clostridium_neonatale__k141_16600	3	21077	Clostridium	Clostridium neonatale
B19_6_months	k141_17954_1_checkv_1-20445/27182	20445	B19_6_months__546_Citrobacter_freundii__k141_17954	1	20445	Citrobacter	Citrobacter freundii
B19_6_months	k141_18040_phage50_2_26105_19_0.71	26104	B19_6_months__1496_Clostridioides_difficile__k141_18040	3	26106	Clostridioides	Clostridioides difficile
B19_6_months	k141_18402_1_checkv_25902-46812/46812	20911	B19_6_months__573_Klebsiella_pneumoniae__k141_18402	25902	46812	Klebsiella	Klebsiella pneumoniae
B19_6_months	k141_18422_phage121_364_21443_20_0.71	21080	B19_6_months__137838_Clostridium_neonatale__k141_18422	365	21444	Clostridium	Clostridium neonatale
B19_6_months	k141_19983_1_checkv_4556-54829/100209	50274	B19_6_months__573_Klebsiella_pneumoniae__k141_19983	4556	54829	Klebsiella	Klebsiella pneumoniae
B19_6_months	k141_19983_phage440_3_25626_33_0.66	25624	B19_6_months__573_Klebsiella_pneumoniae__k141_19983	4	25627	Klebsiella	Klebsiella pneumoniae
B19_6_months	k141_20057	13083	B19_6_months__546_Citrobacter_freundii__k141_20057	1	13083	Citrobacter	Citrobacter freundii
B19_6_months	k141_21319_phage2_675_22037_20_0.86	21363	B19_6_months__137838_Clostridium_neonatale__k141_21319	676	22038	Clostridium	Clostridium neonatale
B19_6_months	k141_22226	12131	B19_6_months__43675_Rothia_mucilaginosa__k141_22226	1	12131	Rothia	Rothia mucilaginosa
B19_6_months	k141_22671_phage322_38576_50071_13_0.58	11496	B19_6_months__546_Citrobacter_freundii__k141_22671	38577	50072	Citrobacter	Citrobacter freundii
B19_6_months	k141_22671_phage323_50825_62028_14_0.66	11204	B19_6_months__546_Citrobacter_freundii__k141_22671	50826	62029	Citrobacter	Citrobacter freundii
B19_6_months	k141_22685_phage325_334_25023_27_0.75	24690	B19_6_months__137838_Clostridium_neonatale__k141_22685	335	25024	Clostridium	Clostridium neonatale
B19_6_months	k141_22754_phage333_2_29676_22_0.72	29675	B19_6_months__1502_Clostridium_perfringens__k141_22754	3	29677	Clostridium	Clostridium perfringens
B19_6_months	k141_23986	24578	B19_6_months__712310_Haemophilus_sp._oral_taxon_036__k141_23986	1	24578	Haemophilus	Haemophilus sp. oral taxon 036
B19_6_months	k141_24448_phage613_5028_36952_39_0.68	31925	B19_6_months__137838_Clostridium_neonatale__k141_24448	5029	36953	Clostridium	Clostridium neonatale
B19_6_months	k141_24761_phage638_3_38417_33_0.8	38415	B19_6_months__1502_Clostridium_perfringens__k141_24761	4	38418	Clostridium	Clostridium perfringens
B19_6_months	k141_25726_phage186_150_34732_37_0.77	34583	B19_6_months__137838_Clostridium_neonatale__k141_25726	151	34733	Clostridium	Clostridium neonatale
B19_6_months	k141_26121_phage268_3_24312_26_0.68	24309	B19_6_months__1496_Clostridioides_difficile__k141_26121	4	24312	Clostridioides	Clostridioides difficile
B19_6_months	k141_26390	15854	B19_6_months__573_Klebsiella_pneumoniae__k141_26390	1	15854	Klebsiella	Klebsiella pneumoniae
B19_6_months	k141_26949	15353	B19_6_months__546_Citrobacter_freundii__k141_26949	1	15353	Citrobacter	Citrobacter freundii
B19_6_months	k141_27362_phage570_127_18548_18_0.81	18421	B19_6_months__47715_Lacticaseibacillus_rhamnosus__k141_27362	128	18548	Lacticaseibacillus	Lacticaseibacillus rhamnosus
B19_6_months	k141_28303	14660	B19_6_months__548_Klebsiella_aerogenes__k141_28303	1	14660	Klebsiella	Klebsiella aerogenes
B19_6_months	k141_28416_phage4_21984_37168_16_0.78	15185	B19_6_months__1496_Clostridioides_difficile__k141_28416	21985	37169	Clostridioides	Clostridioides difficile
B19_6_months	k141_28688_phage66_75156_89016_15_0.68	13861	B19_6_months__137838_Clostridium_neonatale__k141_28688	75157	89017	Clostridium	Clostridium neonatale
B19_6_months	k141_29306_1_checkv_4152-34153/51019	30002	B19_6_months__565_Atlantibacter_hermannii__k141_29306	4152	34153	Atlantibacter	Atlantibacter hermannii
B19_6_months	k141_30026_phage307_2_11903_10_0.67	11902	B19_6_months__59620_uncultured_Clostridium_sp.__k141_30026	3	11904	Clostridium	uncultured Clostridium sp.
B19_6_months	k141_30458_phage427_3_13781_28_0.87	13779	B19_6_months__137838_Clostridium_neonatale__k141_30458	4	13782	Clostridium	Clostridium neonatale
B19_6_months	k141_3063	10742	B19_6_months__1502_Clostridium_perfringens__k141_3063	1	10742	Clostridium	Clostridium perfringens
B19_6_months	k141_30946_phage509_63_10413_10_0.74	10351	B19_6_months__137838_Clostridium_neonatale__k141_30946	64	10414	Clostridium	Clostridium neonatale
B19_6_months	k141_31193	27459	B19_6_months__3019990_Atlantibacter_hermannii__k141_31193	1	27459	Atlantibacter	Atlantibacter hermannii
B19_6_months	k141_31878_phage644_3_13505_10_0.77	13503	B19_6_months__1502_Clostridium_perfringens__k141_31878	4	13506	Clostridium	Clostridium perfringens
B19_6_months	k141_32768_phage165_25262_43048_18_0.66	17786	B19_6_months__1496_Clostridioides_difficile__k141_32768	25263	43048	Clostridioides	Clostridioides difficile
B19_6_months	k141_328_phage38_2_16779_14_0.77	16778	B19_6_months__1496_Clostridioides_difficile__k141_328	3	16780	Clostridioides	Clostridioides difficile
B19_6_months	k141_3323	10974	B19_6_months__137838_Clostridium_neonatale__k141_3323	1	10974	Clostridium	Clostridium neonatale
B19_6_months	k141_33553_phage389_9363_32185_27_0.75	22823	B19_6_months__573_Klebsiella_pneumoniae__k141_33553	9364	32186	Klebsiella	Klebsiella pneumoniae
B19_6_months	k141_33694_1_checkv_15365-31604/31604	16240	B19_6_months__1496_Clostridioides_difficile__k141_33694	15365	31604	Clostridioides	Clostridioides difficile
B19_6_months	k141_33694_phage430_6676_26077_24_0.82	19402	B19_6_months__1496_Clostridioides_difficile__k141_33694	6677	26078	Clostridioides	Clostridioides difficile
B19_6_months	k141_33780	23007	B19_6_months__137838_Clostridium_neonatale__k141_33780	1	23007	Clostridium	Clostridium neonatale
B19_6_months	k141_33854_1_checkv_2558-19266/19266	16709	B19_6_months__712310_Haemophilus_sp._oral_taxon_036__k141_33854	2558	19266	Haemophilus	Haemophilus sp. oral taxon 036
B19_6_months	k141_34655	27950	B19_6_months__137838_Clostridium_neonatale__k141_34655	1	27950	Clostridium	Clostridium neonatale
B19_6_months	k141_35382	11542	B19_6_months__546_Citrobacter_freundii__k141_35382	1	11542	Citrobacter	Citrobacter freundii
B19_6_months	k141_35501_phage658_239_12728_14_0.67	12490	B19_6_months__1502_Clostridium_perfringens__k141_35501	240	12729	Clostridium	Clostridium perfringens
B19_6_months	k141_3628	14337	B19_6_months__548_Klebsiella_aerogenes__k141_3628	1	14337	Klebsiella	Klebsiella aerogenes
B19_6_months	k141_36359_phage151_16911_37161_20_0.56	20251	B19_6_months__137838_Clostridium_neonatale__k141_36359	16912	37162	Clostridium	Clostridium neonatale
B19_6_months	k141_36402	19872	B19_6_months__137838_Clostridium_neonatale__k141_36402	1	19872	Clostridium	Clostridium neonatale
B19_6_months	k141_37548_phage371_3_14252_18_0.57	14250	B19_6_months__216816_Bifidobacterium_longum__k141_37548	4	14253	Bifidobacterium	Bifidobacterium longum
B19_6_months	k141_38138_phage492_3_17182_15_0.66	17180	B19_6_months__1496_Clostridioides_difficile__k141_38138	4	17183	Clostridioides	Clostridioides difficile
B19_6_months	k141_38153_phage498_3_23413_23_0.67	23411	B19_6_months__1496_Clostridioides_difficile__k141_38153	4	23414	Clostridioides	Clostridioides difficile
B19_6_months	k141_38363_phage529_1_22036_31_0.79	22036	B19_6_months__137838_Clostridium_neonatale__k141_38363	2	22037	Clostridium	Clostridium neonatale
B19_6_months	k141_38510_phage533_3_12794_12_0.89	12792	B19_6_months__1496_Clostridioides_difficile__k141_38510	4	12795	Clostridioides	Clostridioides difficile
B19_6_months	k141_38567_phage562_13450_29183_16_0.6	15734	B19_6_months__1496_Clostridioides_difficile__k141_38567	13451	29184	Clostridioides	Clostridioides difficile
B19_6_months	k141_39149_phage17_116_13738_14_0.78	13623	B19_6_months__1496_Clostridioides_difficile__k141_39149	117	13739	Clostridioides	Clostridioides difficile
B19_6_months	k141_39538_phage123_23831_38995_17_0.68	15165	B19_6_months__137838_Clostridium_neonatale__k141_39538	23832	38996	Clostridium	Clostridium neonatale
B19_6_months	k141_39545	17276	B19_6_months__68891_Streptococcus_peroris__k141_39545	1	17276	Streptococcus	Streptococcus peroris
B19_6_months	k141_3991_phage52_409_11141_20_0.79	10733	B19_6_months__137838_Clostridium_neonatale__k141_3991	410	11142	Clostridium	Clostridium neonatale
B19_6_months	k141_40574_phage340_46_25578_24_0.77	25533	B19_6_months__1496_Clostridioides_difficile__k141_40574	47	25579	Clostridioides	Clostridioides difficile
B19_6_months	k141_40599_phage344_2_11031_13_0.69	11030	B19_6_months__137838_Clostridium_neonatale__k141_40599	3	11032	Clostridium	Clostridium neonatale
B19_6_months	k141_40813_1_checkv_25467-37254/37254	11788	B19_6_months__1351_Enterococcus_faecalis__k141_40813	25467	37254	Enterococcus	Enterococcus faecalis
B19_6_months	k141_40997	16468	B19_6_months__137838_Clostridium_neonatale__k141_40997	1	16468	Clostridium	Clostridium neonatale
B19_6_months	k141_41152_phage469_19761_30792_13_0.66	11032	B19_6_months__1496_Clostridioides_difficile__k141_41152	19762	30793	Clostridioides	Clostridioides difficile
B19_6_months	k141_41350	24232	B19_6_months__573_Klebsiella_pneumoniae__k141_41350	1	24232	Klebsiella	Klebsiella pneumoniae
B19_6_months	k141_42279	12887	B19_6_months__712310_Haemophilus_sp._oral_taxon_036__k141_42279	1	12887	Haemophilus	Haemophilus sp. oral taxon 036
B19_6_months	k141_42570_phage655_1_10167_13_0.83	10167	B19_6_months__1496_Clostridioides_difficile__k141_42570	2	10168	Clostridioides	Clostridioides difficile
B19_6_months	k141_42938	43034	B19_6_months__435842_Streptococcus_sp._C150__k141_42938	1	43034	Streptococcus	Streptococcus sp. C150
B19_6_months	k141_43153_phage91_208_11153_14_0.79	10945	B19_6_months__137838_Clostridium_neonatale__k141_43153	209	11153	Clostridium	Clostridium neonatale
B19_6_months	k141_44574	10769	B19_6_months__137838_Clostridium_neonatale__k141_44574	1	10769	Clostridium	Clostridium neonatale
B19_6_months	k141_45005_1_checkv_17079-68385/160453	51307	B19_6_months__573_Klebsiella_pneumoniae__k141_45005	17079	68385	Klebsiella	Klebsiella pneumoniae
B19_6_months	k141_45644	22670	B19_6_months__43675_Rothia_mucilaginosa__k141_45644	1	22670	Rothia	Rothia mucilaginosa
B19_6_months	k141_46028_phage531_1_26914_36_0.79	26914	B19_6_months__137838_Clostridium_neonatale__k141_46028	2	26915	Clostridium	Clostridium neonatale
B19_6_months	k141_46148	10539	B19_6_months__1028307_Klebsiella_aerogenes__k141_46148	1	10539	Klebsiella	Klebsiella aerogenes
B19_6_months	k141_47043_phage120_127_15837_29_0.9	15711	B19_6_months__137838_Clostridium_neonatale__k141_47043	128	15838	Clostridium	Clostridium neonatale
B19_6_months	k141_47547	16633	B19_6_months__43675_Rothia_mucilaginosa__k141_47547	1	16633	Rothia	Rothia mucilaginosa
B19_6_months	k141_47902_phage286_26139_41481_17_0.73	15343	B19_6_months__1496_Clostridioides_difficile__k141_47902	26140	41482	Clostridioides	Clostridioides difficile
B19_6_months	k141_47963	13804	B19_6_months__1496_Clostridioides_difficile__k141_47963	1	13804	Clostridioides	Clostridioides difficile
B19_6_months	k141_48901_phage501_5619_18708_16_0.72	13090	B19_6_months__1496_Clostridioides_difficile__k141_48901	5620	18709	Clostridioides	Clostridioides difficile
B19_6_months	k141_49591_phage621_510_27319_27_0.66	26810	B19_6_months__137838_Clostridium_neonatale__k141_49591	511	27320	Clostridium	Clostridium neonatale
B19_6_months	k141_50091_1_checkv_46357-66535/83747	20179	B19_6_months__435842_Streptococcus_sp._C150__k141_50091	46357	66535	Streptococcus	Streptococcus sp. C150
B19_6_months	k141_50632	12847	B19_6_months__546_Citrobacter_freundii__k141_50632	1	12847	Citrobacter	Citrobacter freundii
B19_6_months	k141_50926_phage210_1_38233_70_0.87	38233	B19_6_months__28037_Streptococcus_mitis__k141_50926	2	38234	Streptococcus	Streptococcus mitis
B19_6_months	k141_51163	20591	B19_6_months__43675_Rothia_mucilaginosa__k141_51163	1	20591	Rothia	Rothia mucilaginosa
B19_6_months	k141_51191_phage265_2_17731_27_0.85	17730	B19_6_months__137838_Clostridium_neonatale__k141_51191	3	17732	Clostridium	Clostridium neonatale
B19_6_months	k141_51410_phage297_2_19774_21_0.58	19773	B19_6_months__137838_Clostridium_neonatale__k141_51410	3	19775	Clostridium	Clostridium neonatale
B19_6_months	k141_52213_phage505_279664_289666_11_0.66	10003	B19_6_months__1351_Enterococcus_faecalis__k141_52213	279665	289667	Enterococcus	Enterococcus faecalis
B19_6_months	k141_53178_phage605_3_16352_26_0.77	16350	B19_6_months__1496_Clostridioides_difficile__k141_53178	4	16353	Clostridioides	Clostridioides difficile
B19_6_months	k141_54111	22224	B19_6_months__548_Klebsiella_aerogenes__k141_54111	1	22224	Klebsiella	Klebsiella aerogenes
B19_6_months	k141_5455	41718	B19_6_months__1685_Bifidobacterium_breve__k141_5455	1	41718	Bifidobacterium	Bifidobacterium breve
B19_6_months	k141_54575_1_checkv_42822-86678/126757	43857	B19_6_months__1028307_Klebsiella_aerogenes__k141_54575	42822	86678	Klebsiella	Klebsiella aerogenes
B19_6_months	k141_55435_1_checkv_1-17521/22804	17521	B19_6_months__565_Atlantibacter_hermannii__k141_55435	1	17521	Atlantibacter	Atlantibacter hermannii
B19_6_months	k141_55742	10135	B19_6_months__435842_Streptococcus_sp._C150__k141_55742	1	10135	Streptococcus	Streptococcus sp. C150
B19_6_months	k141_56147_phage450_1_27074_31_0.74	27074	B19_6_months__137838_Clostridium_neonatale__k141_56147	2	27075	Clostridium	Clostridium neonatale
B19_6_months	k141_6044_phage471_326_15261_10_0.81	14936	B19_6_months__1502_Clostridium_perfringens__k141_6044	327	15262	Clostridium	Clostridium perfringens
B19_6_months	k141_656_phage84_185_17775_15_0.68	17591	B19_6_months__137838_Clostridium_neonatale__k141_656	186	17776	Clostridium	Clostridium neonatale
B19_6_months	k141_6711_phage576_18536_38072_20_0.73	19537	B19_6_months__1496_Clostridioides_difficile__k141_6711	18537	38073	Clostridioides	Clostridioides difficile
B19_6_months	k141_6823	10336	B19_6_months__573_Klebsiella_pneumoniae__k141_6823	1	10336	Klebsiella	Klebsiella pneumoniae
B19_6_months	k141_7304	15964	B19_6_months__546_Citrobacter_freundii__k141_7304	1	15964	Citrobacter	Citrobacter freundii
B19_6_months	k141_7591_1_checkv_19204-40146/40146	20943	B19_6_months__565_Atlantibacter_hermannii__k141_7591	19204	40146	Atlantibacter	Atlantibacter hermannii
B19_6_months	k141_783_1_checkv_7517-40778/40778	33262	B19_6_months__500634_Bifidobacterium_bifidum__k141_783	7517	40778	Bifidobacterium	Bifidobacterium bifidum
B19_6_months	k141_883_phage141_118_14350_14_0.69	14233	B19_6_months__137838_Clostridium_neonatale__k141_883	119	14351	Clostridium	Clostridium neonatale
B19_6_months	k141_9022_1_checkv_22665-33602/50636	10938	B19_6_months__47715_Lacticaseibacillus_rhamnosus__k141_9022	22665	33602	Lacticaseibacillus	Lacticaseibacillus rhamnosus
B19_6_months	k141_9690_phage482_9948_20071_10_0.54	10124	B19_6_months__137838_Clostridium_neonatale__k141_9690	9949	20072	Clostridium	Clostridium neonatale
B19_6_months	k141_9968_1_checkv_49701-75492/75492	25792	B19_6_months__137838_Clostridium_neonatale__k141_9968	49701	75492	Clostridium	Clostridium neonatale
B19_6_months	k141_9970_phage542_1321_12593_10_0.78	11273	B19_6_months__137838_Clostridium_neonatale__k141_9970	1322	12594	Clostridium	Clostridium neonatale
B20_6_months	k141_10365_phage103_109512_125566_19_0.61	16055	B20_6_months__1351_Enterococcus_faecalis__k141_10365	109513	125567	Enterococcus	Enterococcus faecalis
B20_6_months	k141_11484	18111	B20_6_months__216816_Bifidobacterium_longum__k141_11484	1	18111	Bifidobacterium	Bifidobacterium longum
B20_6_months	k141_11975_1_checkv_58927-81738/101896	22812	B20_6_months__1685_Bifidobacterium_breve__k141_11975	58927	81738	Bifidobacterium	Bifidobacterium breve
B20_6_months	k141_12145	28423	B20_6_months__53345_Enterococcus_durans__k141_12145	1	28423	Enterococcus	Enterococcus durans
B20_6_months	k141_12762_phage82_1884_12864_11_0.57	10981	B20_6_months__33038_[Ruminococcus]_gnavus__k141_12762	1885	12865	Mediterraneibacter	[Ruminococcus] gnavus
B20_6_months	k141_12931_1_checkv_71033-86262/86262	15230	B20_6_months__53345_Enterococcus_durans__k141_12931	71033	86262	Enterococcus	Enterococcus durans
B20_6_months	k141_13689_phage146_2_11038_14_0.54	11037	B20_6_months__1653434_Sellimonas_intestinalis__k141_13689	3	11039	Sellimonas	Sellimonas intestinalis
B20_6_months	k141_14004_1_checkv_16096-53635/237772	37540	B20_6_months__33038_[Ruminococcus]_gnavus__k141_14004	16096	53635	Mediterraneibacter	[Ruminococcus] gnavus
B20_6_months	k141_14683_1_checkv_57303-101585/132047	44283	B20_6_months__1351_Enterococcus_faecalis__k141_14683	57303	101585	Enterococcus	Enterococcus faecalis
B20_6_months	k141_14691	34754	B20_6_months__1512_[Clostridium]_symbiosum__k141_14691	1	34754	Lachnoclostridium	[Clostridium] symbiosum
B20_6_months	k141_16258_phage15_19670_40838_29_0.68	21169	B20_6_months__1653434_Sellimonas_intestinalis__k141_16258	19671	40839	Sellimonas	Sellimonas intestinalis
B20_6_months	k141_17281_phage87_122228_135520_15_0.64	13293	B20_6_months__1169286_Enterococcus_faecalis__k141_17281	122229	135521	Enterococcus	Enterococcus faecalis
B20_6_months	k141_19054_1_checkv_1-34821/58257	34821	B20_6_months__84112_Eggerthella_lenta__k141_19054	1	34821	Eggerthella	Eggerthella lenta
B20_6_months	k141_19239	20764	B20_6_months__1512_[Clostridium]_symbiosum__k141_19239	1	20764	Lachnoclostridium	[Clostridium] symbiosum
B20_6_months	k141_19569_phage84_2_15015_29_0.69	15014	B20_6_months__216816_Bifidobacterium_longum__k141_19569	3	15016	Bifidobacterium	Bifidobacterium longum
B20_6_months	k141_20294_1_checkv_6590-22785/22785	16196	B20_6_months__1512_[Clostridium]_symbiosum__k141_20294	6590	22785	Lachnoclostridium	[Clostridium] symbiosum
B20_6_months	k141_20294_phage140_373_14830_14_0.9	14458	B20_6_months__1512_[Clostridium]_symbiosum__k141_20294	374	14831	Lachnoclostridium	[Clostridium] symbiosum
B20_6_months	k141_20296_1_checkv_27047-58418/67046	31372	B20_6_months__53345_Enterococcus_durans__k141_20296	27047	58418	Enterococcus	Enterococcus durans
B20_6_months	k141_20810_phage163_5345_19136_19_0.63	13792	B20_6_months__1512_[Clostridium]_symbiosum__k141_20810	5346	19137	Lachnoclostridium	[Clostridium] symbiosum
B20_6_months	k141_21273_1_checkv_83584-122939/342791	39356	B20_6_months__33038_[Ruminococcus]_gnavus__k141_21273	83584	122939	Mediterraneibacter	[Ruminococcus] gnavus
B20_6_months	k141_21527	23334	B20_6_months__1512_[Clostridium]_symbiosum__k141_21527	1	23334	Lachnoclostridium	[Clostridium] symbiosum
B20_6_months	k141_21804_phage79_105_10952_12_0.57	10848	B20_6_months__68891_Streptococcus_peroris__k141_21804	106	10953	Streptococcus	Streptococcus peroris
B20_6_months	k141_22125_1_checkv_45740-70632/97983	24893	B20_6_months__47715_Lacticaseibacillus_rhamnosus__k141_22125	45740	70632	Lacticaseibacillus	Lacticaseibacillus rhamnosus
B20_6_months	k141_25077_phage136_4810_19741_17_0.68	14932	B20_6_months__1169286_Enterococcus_faecalis__k141_25077	4811	19742	Enterococcus	Enterococcus faecalis
B20_6_months	k141_25437	35620	B20_6_months__1512_[Clostridium]_symbiosum__k141_25437	1	35620	Lachnoclostridium	[Clostridium] symbiosum
B20_6_months	k141_26181	18484	B20_6_months__158787_Bifidobacterium_scardovii__k141_26181	1	18484	Bifidobacterium	Bifidobacterium scardovii
B20_6_months	k141_26554_1_checkv_42417-55501/55501	13085	B20_6_months__435842_Streptococcus_sp._C150__k141_26554	42417	55501	Streptococcus	Streptococcus sp. C150
B20_6_months	k141_27395	51355	B20_6_months__158787_Bifidobacterium_scardovii__k141_27395	1	51355	Bifidobacterium	Bifidobacterium scardovii
B20_6_months	k141_27882_phage4_1_23030_38_0.8	23030	B20_6_months__53345_Enterococcus_durans__k141_27882	2	23031	Enterococcus	Enterococcus durans
B20_6_months	k141_28251	26172	B20_6_months__1351_Enterococcus_faecalis__k141_28251	1	26172	Enterococcus	Enterococcus faecalis
B20_6_months	k141_28844_phage80_3_27668_24_0.76	27666	B20_6_months__84112_Eggerthella_lenta__k141_28844	4	27669	Eggerthella	Eggerthella lenta
B20_6_months	k141_29033_phage107_1_23356_22_0.69	23356	B20_6_months__68891_Streptococcus_peroris__k141_29033	2	23357	Streptococcus	Streptococcus peroris
B20_6_months	k141_29081	40202	B20_6_months__158787_Bifidobacterium_scardovii__k141_29081	1	40202	Bifidobacterium	Bifidobacterium scardovii
B20_6_months	k141_31318	10970	B20_6_months__216816_Bifidobacterium_longum__k141_31318	1	10970	Bifidobacterium	Bifidobacterium longum
B20_6_months	k141_32247_phage160_3_17968_19_0.7	17966	B20_6_months__53345_Enterococcus_durans__k141_32247	4	17969	Enterococcus	Enterococcus durans
B20_6_months	k141_33141	11047	B20_6_months__158787_Bifidobacterium_scardovii__k141_33141	1	11047	Bifidobacterium	Bifidobacterium scardovii
B20_6_months	k141_33186_phage54_23829_39540_14_0.65	15712	B20_6_months__1512_[Clostridium]_symbiosum__k141_33186	23830	39541	Lachnoclostridium	[Clostridium] symbiosum
B20_6_months	k141_33222_1_checkv_32869-48185/48185	15317	B20_6_months__1512_[Clostridium]_symbiosum__k141_33222	32869	48185	Lachnoclostridium	[Clostridium] symbiosum
B20_6_months	k141_33358_phage64_63_12319_17_0.74	12257	B20_6_months__1653434_Sellimonas_intestinalis__k141_33358	64	12320	Sellimonas	Sellimonas intestinalis
B20_6_months	k141_33595	11076	B20_6_months__216816_Bifidobacterium_longum__k141_33595	1	11076	Bifidobacterium	Bifidobacterium longum
B20_6_months	k141_34997	40666	B20_6_months__84112_Eggerthella_lenta__k141_34997	1	40666	Eggerthella	Eggerthella lenta
B20_6_months	k141_35495_phage51_9799_35286_24_0.72	25488	B20_6_months__33038_[Ruminococcus]_gnavus__k141_35495	9800	35287	Mediterraneibacter	[Ruminococcus] gnavus
B20_6_months	k141_35971	15909	B20_6_months__53345_Enterococcus_durans__k141_35971	1	15909	Enterococcus	Enterococcus durans
B20_6_months	k141_3841_phage96_116426_131022_13_0.58	14597	B20_6_months__1653434_Sellimonas_intestinalis__k141_3841	116427	131023	Sellimonas	Sellimonas intestinalis
B20_6_months	k141_4291	61359	B20_6_months__84112_Eggerthella_lenta__k141_4291	1	61359	Eggerthella	Eggerthella lenta
B20_6_months	k141_451	17552	B20_6_months__1512_[Clostridium]_symbiosum__k141_451	1	17552	Lachnoclostridium	[Clostridium] symbiosum
B20_6_months	k141_5144	28355	B20_6_months__1512_[Clostridium]_symbiosum__k141_5144	1	28355	Lachnoclostridium	[Clostridium] symbiosum
B20_6_months	k141_5149_1_checkv_1-36427/47697	36427	B20_6_months__158787_Bifidobacterium_scardovii__k141_5149	1	36427	Bifidobacterium	Bifidobacterium scardovii
B20_6_months	k141_598_phage25_18769_32933_17_0.55	14164	B20_6_months__33038_[Ruminococcus]_gnavus__k141_598	18770	32933	Mediterraneibacter	[Ruminococcus] gnavus
B20_6_months	k141_6513	12217	B20_6_months__158787_Bifidobacterium_scardovii__k141_6513	1	12217	Bifidobacterium	Bifidobacterium scardovii
B20_6_months	k141_7923	17913	B20_6_months__68891_Streptococcus_peroris__k141_7923	1	17913	Streptococcus	Streptococcus peroris
B20_6_months	k141_8304_phage71_10240_26068_13_0.63	15829	B20_6_months__435842_Streptococcus_sp._C150__k141_8304	10241	26069	Streptococcus	Streptococcus sp. C150
B20_6_months	k141_843	24089	B20_6_months__158787_Bifidobacterium_scardovii__k141_843	1	24089	Bifidobacterium	Bifidobacterium scardovii
B20_6_months	k141_8812	12202	B20_6_months__158787_Bifidobacterium_scardovii__k141_8812	1	12202	Bifidobacterium	Bifidobacterium scardovii
B20_6_months	k141_8859	147946	B20_6_months__84112_Eggerthella_lenta__k141_8859	1	147946	Eggerthella	Eggerthella lenta
B20_6_months	k141_9148	14233	B20_6_months__53345_Enterococcus_durans__k141_9148	1	14233	Enterococcus	Enterococcus durans
B21_12_months	k141_101391_phage606_1564_18386_14_0.72	16823	B21_12_months__39777_Veillonella_atypica__k141_101391	1565	18387	Veillonella	Veillonella atypica
B21_12_months	k141_14507	39280	B21_12_months__84112_Eggerthella_lenta__k141_14507	1	39280	Eggerthella	Eggerthella lenta
B21_12_months	k141_15424_1_checkv_10405-48243/48243	37839	B21_12_months__851_Fusobacterium_nucleatum__k141_15424	10405	48243	Fusobacterium	Fusobacterium nucleatum
B21_12_months	k141_16338	25193	B21_12_months__1322_Blautia_hansenii__k141_16338	1	25193	Blautia	Blautia hansenii
B21_12_months	k141_17560	15368	B21_12_months__39777_Veillonella_atypica__k141_17560	1	15368	Veillonella	Veillonella atypica
B21_12_months	k141_17821_phage823_67524_78173_11_0.67	10650	B21_12_months__853_Faecalibacterium_prausnitzii__k141_17821	67525	78174	Faecalibacterium	Faecalibacterium prausnitzii
B21_12_months	k141_18729	10091	B21_12_months__592978_Mediterraneibacter_faecis__k141_18729	1	10091	Mediterraneibacter	Mediterraneibacter faecis
B21_12_months	k141_19362	19529	B21_12_months__445972_Anaerotruncus_colihominis__k141_19362	1	19529	Anaerotruncus	Anaerotruncus colihominis
B21_12_months	k141_19508_1_checkv_24317-63146/63146	38830	B21_12_months__150055_Streptococcus_lutetiensis__k141_19508	24317	63146	Streptococcus	Streptococcus lutetiensis
B21_12_months	k141_20511	60884	B21_12_months__169435_Anaerotruncus_colihominis__k141_20511	1	60884	Anaerotruncus	Anaerotruncus colihominis
B21_12_months	k141_20789	12069	B21_12_months__851_Fusobacterium_nucleatum__k141_20789	1	12069	Fusobacterium	Fusobacterium nucleatum
B21_12_months	k141_21314_phage303_8966_25586_19_0.75	16621	B21_12_months__150055_Streptococcus_lutetiensis__k141_21314	8967	25587	Streptococcus	Streptococcus lutetiensis
B21_12_months	k141_22151	12148	B21_12_months__1322_Blautia_hansenii__k141_22151	1	12148	Blautia	Blautia hansenii
B21_12_months	k141_22185	25595	B21_12_months__1653434_Sellimonas_intestinalis__k141_22185	1	25595	Sellimonas	Sellimonas intestinalis
B21_12_months	k141_22355_1_checkv_11239-22074/22074	10836	B21_12_months__150055_Streptococcus_lutetiensis__k141_22355	11239	22074	Streptococcus	Streptococcus lutetiensis
B21_12_months	k141_22936_phage508_184_16962_20_0.61	16779	B21_12_months__261299_Intestinibacter_bartlettii__k141_22936	185	16963	Intestinibacter	Intestinibacter bartlettii
B21_12_months	k141_23017_phage527_80218_93295_15_0.61	13078	B21_12_months__2292351_Eubacterium_sp._AM49-13BH__k141_23017	80219	93296	Eubacterium	Eubacterium sp. AM49-13BH
B21_12_months	k141_23147	22523	B21_12_months__592978_Mediterraneibacter_faecis__k141_23147	1	22523	Mediterraneibacter	Mediterraneibacter faecis
B21_12_months	k141_23580	10838	B21_12_months__1653434_Sellimonas_intestinalis__k141_23580	1	10838	Sellimonas	Sellimonas intestinalis
B21_12_months	k141_23848	16127	B21_12_months__264463_Anaerosporobacter_mobilis__k141_23848	1	16127	Anaerosporobacter	Anaerosporobacter mobilis
B21_12_months	k141_25588_1_checkv_27175-47559/47559	20385	B21_12_months__1547_Erysipelatoclostridium_ramosum__k141_25588	27175	47559	Erysipelatoclostridium	Erysipelatoclostridium ramosum
B21_12_months	k141_2583_1_checkv_1-22775/27900	22775	B21_12_months__261299_Intestinibacter_bartlettii__k141_2583	1	22775	Intestinibacter	Intestinibacter bartlettii
B21_12_months	k141_27148_1_checkv_55557-71970/71970	16414	B21_12_months__853_Faecalibacterium_prausnitzii__k141_27148	55557	71970	Faecalibacterium	Faecalibacterium prausnitzii
B21_12_months	k141_27166_phage230_58146_72260_15_0.54	14115	B21_12_months__84112_Eggerthella_lenta__k141_27166	58147	72261	Eggerthella	Eggerthella lenta
B21_12_months	k141_27589	10279	B21_12_months__851_Fusobacterium_nucleatum__k141_27589	1	10279	Fusobacterium	Fusobacterium nucleatum
B21_12_months	k141_28768	15963	B21_12_months__445974_Erysipelatoclostridium_ramosum__k141_28768	1	15963	Erysipelatoclostridium	Erysipelatoclostridium ramosum
B21_12_months	k141_29148	10195	B21_12_months__39778_Veillonella_dispar__k141_29148	1	10195	Veillonella	Veillonella dispar
B21_12_months	k141_29355_phage547_86178_99883_19_0.68	13706	B21_12_months__818_Bacteroides_thetaiotaomicron__k141_29355	86179	99884	Bacteroides	Bacteroides thetaiotaomicron
B21_12_months	k141_29756	13211	B21_12_months__165186_uncultured_Ruminococcus_sp.__k141_29756	1	13211	Ruminococcus	uncultured Ruminococcus sp.
B21_12_months	k141_30875_phage713_5129_18807_14_0.62	13679	B21_12_months__47715_Lacticaseibacillus_rhamnosus__k141_30875	5130	18808	Lacticaseibacillus	Lacticaseibacillus rhamnosus
B21_12_months	k141_31720	14255	B21_12_months__28025_Bifidobacterium_animalis__k141_31720	1	14255	Bifidobacterium	Bifidobacterium animalis
B21_12_months	k141_31956_1_checkv_7944-24953/37303	17010	B21_12_months__290055_Faecalicatena_fissicatena__k141_31956	7944	24953	Faecalicatena	Faecalicatena fissicatena
B21_12_months	k141_32193_phage862_1055_11101_12_0.56	10047	B21_12_months__851_Fusobacterium_nucleatum__k141_32193	1056	11102	Fusobacterium	Fusobacterium nucleatum
B21_12_months	k141_3239_phage444_22780_35883_18_0.58	13104	B21_12_months__165186_uncultured_Ruminococcus_sp.__k141_3239	22781	35884	Ruminococcus	uncultured Ruminococcus sp.
B21_12_months	k141_33289	20255	B21_12_months__105841_Anaerostipes_caccae__k141_33289	1	20255	Anaerostipes	Anaerostipes caccae
B21_12_months	k141_34585_phage281_148_11011_11_0.69	10864	B21_12_months__1897011_Oscillibacter_sp._57_20__k141_34585	149	11012	Oscillibacter	Oscillibacter sp. 57_20
B21_12_months	k141_35837_phage423_1_14019_13_0.68	14019	B21_12_months__851_Fusobacterium_nucleatum__k141_35837	2	14020	Fusobacterium	Fusobacterium nucleatum
B21_12_months	k141_39204	52034	B21_12_months__1322_Blautia_hansenii__k141_39204	1	52034	Blautia	Blautia hansenii
B21_12_months	k141_39900	13788	B21_12_months__1912855_Faecalimonas_umbilicata__k141_39900	1	13788	Faecalimonas	Faecalimonas umbilicata
B21_12_months	k141_40562_phage368_1_14518_13_0.68	14518	B21_12_months__261299_Intestinibacter_bartlettii__k141_40562	2	14519	Intestinibacter	Intestinibacter bartlettii
B21_12_months	k141_41646_1_checkv_44686-76646/88715	31961	B21_12_months__1550024_Ruthenibacterium_lactatiformans__k141_41646	44686	76646	Ruthenibacterium	Ruthenibacterium lactatiformans
B21_12_months	k141_41946	10013	B21_12_months__264463_Anaerosporobacter_mobilis__k141_41946	1	10013	Anaerosporobacter	Anaerosporobacter mobilis
B21_12_months	k141_42060	52140	B21_12_months__818_Bacteroides_thetaiotaomicron__k141_42060	1	52140	Bacteroides	Bacteroides thetaiotaomicron
B21_12_months	k141_4250_phage596_6834_38971_58_0.81	32138	B21_12_months__39778_Veillonella_dispar__k141_4250	6835	38972	Veillonella	Veillonella dispar
B21_12_months	k141_43074_phage704_10839_27195_14_0.6	16357	B21_12_months__28025_Bifidobacterium_animalis__k141_43074	10840	27196	Bifidobacterium	Bifidobacterium animalis
B21_12_months	k141_43862	22705	B21_12_months__39777_Veillonella_atypica__k141_43862	1	22705	Veillonella	Veillonella atypica
B21_12_months	k141_43972	12644	B21_12_months__820_Bacteroides_uniformis__k141_43972	1	12644	Bacteroides	Bacteroides uniformis
B21_12_months	k141_44028_1_checkv_213319-251940/317835	38622	B21_12_months__2292351_Eubacterium_sp._AM49-13BH__k141_44028	213319	251940	Eubacterium	Eubacterium sp. AM49-13BH
B21_12_months	k141_4467	31401	B21_12_months__853_Faecalibacterium_prausnitzii__k141_4467	1	31401	Faecalibacterium	Faecalibacterium prausnitzii
B21_12_months	k141_4578	17300	B21_12_months__165186_uncultured_Ruminococcus_sp.__k141_4578	1	17300	Ruminococcus	uncultured Ruminococcus sp.
B21_12_months	k141_4733	17792	B21_12_months__261299_Intestinibacter_bartlettii__k141_4733	1	17792	Intestinibacter	Intestinibacter bartlettii
B21_12_months	k141_4960_phage689_5453_26569_19_0.73	21117	B21_12_months__261299_Intestinibacter_bartlettii__k141_4960	5454	26570	Intestinibacter	Intestinibacter bartlettii
B21_12_months	k141_50367_phage720_71790_83808_10_0.63	12019	B21_12_months__2292351_Eubacterium_sp._AM49-13BH__k141_50367	71791	83809	Eubacterium	Eubacterium sp. AM49-13BH
B21_12_months	k141_50517	20469	B21_12_months__820_Bacteroides_uniformis__k141_50517	1	20469	Bacteroides	Bacteroides uniformis
B21_12_months	k141_51238_1_checkv_15655-27342/32611	11688	B21_12_months__150055_Streptococcus_lutetiensis__k141_51238	15655	27342	Streptococcus	Streptococcus lutetiensis
B21_12_months	k141_51566	38412	B21_12_months__445974_Erysipelatoclostridium_ramosum__k141_51566	1	38412	Erysipelatoclostridium	Erysipelatoclostridium ramosum
B21_12_months	k141_51906_phage44_39862_72733_36_0.68	32872	B21_12_months__84112_Eggerthella_lenta__k141_51906	39863	72734	Eggerthella	Eggerthella lenta
B21_12_months	k141_52962	10252	B21_12_months__3008090_Anaerotruncus_colihominis__k141_52962	1	10252	Anaerotruncus	Anaerotruncus colihominis
B21_12_months	k141_53291_phage255_419_12832_22_0.71	12414	B21_12_months__445974_Erysipelatoclostridium_ramosum__k141_53291	420	12833	Erysipelatoclostridium	Erysipelatoclostridium ramosum
B21_12_months	k141_5419	15022	B21_12_months__1897011_Oscillibacter_sp._57_20__k141_5419	1	15022	Oscillibacter	Oscillibacter sp. 57_20
B21_12_months	k141_54711_phage453_77_27999_20_0.72	27923	B21_12_months__820_Bacteroides_uniformis__k141_54711	78	28000	Bacteroides	Bacteroides uniformis
B21_12_months	k141_55347	22860	B21_12_months__28025_Bifidobacterium_animalis__k141_55347	1	22860	Bifidobacterium	Bifidobacterium animalis
B21_12_months	k141_56008_1_checkv_101712-134051/134051	32340	B21_12_months__165186_uncultured_Ruminococcus_sp.__k141_56008	101712	134051	Ruminococcus	uncultured Ruminococcus sp.
B21_12_months	k141_56572_1_checkv_144256-183813/215322	39558	B21_12_months__818_Bacteroides_thetaiotaomicron__k141_56572	144256	183813	Bacteroides	Bacteroides thetaiotaomicron
B21_12_months	k141_57468_phage807_5974_21382_14_0.53	15409	B21_12_months__261299_Intestinibacter_bartlettii__k141_57468	5975	21383	Intestinibacter	Intestinibacter bartlettii
B21_12_months	k141_58157_1_checkv_168914-213543/248774	44630	B21_12_months__818_Bacteroides_thetaiotaomicron__k141_58157	168914	213543	Bacteroides	Bacteroides thetaiotaomicron
B21_12_months	k141_58265_phage40_905_13653_15_0.57	12749	B21_12_months__820_Bacteroides_uniformis__k141_58265	906	13654	Bacteroides	Bacteroides uniformis
B21_12_months	k141_58708	31824	B21_12_months__3008350_Blautia_hansenii__k141_58708	1	31824	Blautia	Blautia hansenii
B21_12_months	k141_61356_phage449_712_10756_15_0.81	10045	B21_12_months__729_Haemophilus_parainfluenzae__k141_61356	713	10757	Haemophilus	Haemophilus parainfluenzae
B21_12_months	k141_61799_1_checkv_6909-22438/45279	15530	B21_12_months__1078480_Haemophilus_sputorum__k141_61799	6909	22438	Haemophilus	Haemophilus sputorum
B21_12_months	k141_61870	24125	B21_12_months__1653434_Sellimonas_intestinalis__k141_61870	1	24125	Sellimonas	Sellimonas intestinalis
B21_12_months	k141_61993_phage529_422_10987_18_0.87	10566	B21_12_months__851_Fusobacterium_nucleatum__k141_61993	423	10988	Fusobacterium	Fusobacterium nucleatum
B21_12_months	k141_6425	31086	B21_12_months__3008090_Anaerotruncus_colihominis__k141_6425	1	31086	Anaerotruncus	Anaerotruncus colihominis
B21_12_months	k141_6447	21915	B21_12_months__820_Bacteroides_uniformis__k141_6447	1	21915	Bacteroides	Bacteroides uniformis
B21_12_months	k141_65153	30258	B21_12_months__820_Bacteroides_uniformis__k141_65153	1	30258	Bacteroides	Bacteroides uniformis
B21_12_months	k141_65446_phage216_482890_503656_16_0.61	20767	B21_12_months__818_Bacteroides_thetaiotaomicron__k141_65446	482891	503657	Bacteroides	Bacteroides thetaiotaomicron
B21_12_months	k141_6690	35380	B21_12_months__165186_uncultured_Ruminococcus_sp.__k141_6690	1	35380	Ruminococcus	uncultured Ruminococcus sp.
B21_12_months	k141_68062	10145	B21_12_months__1078480_Haemophilus_sputorum__k141_68062	1	10145	Haemophilus	Haemophilus sputorum
B21_12_months	k141_68319	11094	B21_12_months__820_Bacteroides_uniformis__k141_68319	1	11094	Bacteroides	Bacteroides uniformis
B21_12_months	k141_68342_phage692_74_12570_13_0.84	12497	B21_12_months__445974_Erysipelatoclostridium_ramosum__k141_68342	75	12571	Erysipelatoclostridium	Erysipelatoclostridium ramosum
B21_12_months	k141_68427	21811	B21_12_months__1653434_Sellimonas_intestinalis__k141_68427	1	21811	Sellimonas	Sellimonas intestinalis
B21_12_months	k141_68608	22088	B21_12_months__1653434_Sellimonas_intestinalis__k141_68608	1	22088	Sellimonas	Sellimonas intestinalis
B21_12_months	k141_69041	15474	B21_12_months__3008350_Blautia_hansenii__k141_69041	1	15474	Blautia	Blautia hansenii
B21_12_months	k141_69084_phage804_1_10713_10_0.59	10713	B21_12_months__261299_Intestinibacter_bartlettii__k141_69084	2	10714	Intestinibacter	Intestinibacter bartlettii
B21_12_months	k141_69667	16303	B21_12_months__1912855_Faecalimonas_umbilicata__k141_69667	1	16303	Faecalimonas	Faecalimonas umbilicata
B21_12_months	k141_69918	36614	B21_12_months__1912855_Faecalimonas_umbilicata__k141_69918	1	36614	Faecalimonas	Faecalimonas umbilicata
B21_12_months	k141_7044_phage114_22581_51231_23_0.63	28651	B21_12_months__820_Bacteroides_uniformis__k141_7044	22582	51232	Bacteroides	Bacteroides uniformis
B21_12_months	k141_7105	21144	B21_12_months__853_Faecalibacterium_prausnitzii__k141_7105	1	21144	Faecalibacterium	Faecalibacterium prausnitzii
B21_12_months	k141_72374	34180	B21_12_months__28025_Bifidobacterium_animalis__k141_72374	1	34180	Bifidobacterium	Bifidobacterium animalis
B21_12_months	k141_72789	21918	B21_12_months__445974_Erysipelatoclostridium_ramosum__k141_72789	1	21918	Erysipelatoclostridium	Erysipelatoclostridium ramosum
B21_12_months	k141_73822_phage413_17936_37524_14_0.76	19589	B21_12_months__851_Fusobacterium_nucleatum__k141_73822	17937	37525	Fusobacterium	Fusobacterium nucleatum
B21_12_months	k141_75887_1_checkv_9967-20710/20710	10744	B21_12_months__851_Fusobacterium_nucleatum__k141_75887	9967	20710	Fusobacterium	Fusobacterium nucleatum
B21_12_months	k141_75887_phage674_1_18317_23_0.79	18317	B21_12_months__851_Fusobacterium_nucleatum__k141_75887	2	18318	Fusobacterium	Fusobacterium nucleatum
B21_12_months	k141_77024	15536	B21_12_months__820_Bacteroides_uniformis__k141_77024	1	15536	Bacteroides	Bacteroides uniformis
B21_12_months	k141_78281_phage138_3_22756_19_0.55	22754	B21_12_months__28025_Bifidobacterium_animalis__k141_78281	4	22757	Bifidobacterium	Bifidobacterium animalis
B21_12_months	k141_79588_1_checkv_328527-368918/452117	40392	B21_12_months__818_Bacteroides_thetaiotaomicron__k141_79588	328527	368918	Bacteroides	Bacteroides thetaiotaomicron
B21_12_months	k141_79950	23632	B21_12_months__105841_Anaerostipes_caccae__k141_79950	1	23632	Anaerostipes	Anaerostipes caccae
B21_12_months	k141_80685_phage534_60_11289_11_0.58	11230	B21_12_months__1912855_Faecalimonas_umbilicata__k141_80685	61	11290	Faecalimonas	Faecalimonas umbilicata
B21_12_months	k141_82575_phage815_65770_86330_24_0.6	20561	B21_12_months__1522_[Clostridium]_innocuum__k141_82575	65771	86331	Erysipelatoclostridium	[Clostridium] innocuum
B21_12_months	k141_84575_phage84_2_12515_10_0.61	12514	B21_12_months__261299_Intestinibacter_bartlettii__k141_84575	3	12516	Intestinibacter	Intestinibacter bartlettii
B21_12_months	k141_84622	66626	B21_12_months__1547_Erysipelatoclostridium_ramosum__k141_84622	1	66626	Erysipelatoclostridium	Erysipelatoclostridium ramosum
B21_12_months	k141_85925	21583	B21_12_months__820_Bacteroides_uniformis__k141_85925	1	21583	Bacteroides	Bacteroides uniformis
B21_12_months	k141_86119_phage302_6279_25967_27_0.58	19689	B21_12_months__165186_uncultured_Ruminococcus_sp.__k141_86119	6280	25968	Ruminococcus	uncultured Ruminococcus sp.
B21_12_months	k141_88534_1_checkv_8056-42106/42106	34051	B21_12_months__150055_Streptococcus_lutetiensis__k141_88534	8056	42106	Streptococcus	Streptococcus lutetiensis
B21_12_months	k141_88989	25452	B21_12_months__851_Fusobacterium_nucleatum__k141_88989	1	25452	Fusobacterium	Fusobacterium nucleatum
B21_12_months	k141_8950_phage410_10193_22062_11_0.56	11870	B21_12_months__851_Fusobacterium_nucleatum__k141_8950	10194	22063	Fusobacterium	Fusobacterium nucleatum
B21_12_months	k141_90116	11772	B21_12_months__1291051_Mediterraneibacter_glycyrrhizinilyticus__k141_90116	1	11772	Mediterraneibacter	Mediterraneibacter glycyrrhizinilyticus
B21_12_months	k141_90205_1_checkv_34956-73885/114276	38930	B21_12_months__150055_Streptococcus_lutetiensis__k141_90205	34956	73885	Streptococcus	Streptococcus lutetiensis
B21_12_months	k141_91632	19451	B21_12_months__1550024_Ruthenibacterium_lactatiformans__k141_91632	1	19451	Ruthenibacterium	Ruthenibacterium lactatiformans
B21_12_months	k141_91740_phage184_3_28330_37_0.76	28328	B21_12_months__851_Fusobacterium_nucleatum__k141_91740	4	28331	Fusobacterium	Fusobacterium nucleatum
B21_12_months	k141_92472	27214	B21_12_months__851_Fusobacterium_nucleatum__k141_92472	1	27214	Fusobacterium	Fusobacterium nucleatum
B21_12_months	k141_92689	19479	B21_12_months__1897011_Oscillibacter_sp._57_20__k141_92689	1	19479	Oscillibacter	Oscillibacter sp. 57_20
B21_12_months	k141_93098_phage397_181_16144_12_0.71	15964	B21_12_months__851_Fusobacterium_nucleatum__k141_93098	182	16145	Fusobacterium	Fusobacterium nucleatum
B21_12_months	k141_94378_phage621_2_40569_61_0.74	40568	B21_12_months__729_Haemophilus_parainfluenzae__k141_94378	3	40570	Haemophilus	Haemophilus parainfluenzae
B21_12_months	k141_95230	20666	B21_12_months__820_Bacteroides_uniformis__k141_95230	1	20666	Bacteroides	Bacteroides uniformis
B21_12_months	k141_95349_phage787_2_13496_14_0.67	13494	B21_12_months__261299_Intestinibacter_bartlettii__k141_95349	3	13496	Intestinibacter	Intestinibacter bartlettii
B21_12_months	k141_95362	12498	B21_12_months__1547_Erysipelatoclostridium_ramosum__k141_95362	1	12498	Erysipelatoclostridium	Erysipelatoclostridium ramosum
B21_12_months	k141_95527	14097	B21_12_months__851_Fusobacterium_nucleatum__k141_95527	1	14097	Fusobacterium	Fusobacterium nucleatum
B21_12_months	k141_96255_1_checkv_4498-16451/31305	11954	B21_12_months__165186_uncultured_Ruminococcus_sp.__k141_96255	4498	16451	Ruminococcus	uncultured Ruminococcus sp.
B21_12_months	k141_97128_phage35_1_16882_15_0.51	16882	B21_12_months__1897011_Oscillibacter_sp._57_20__k141_97128	2	16883	Oscillibacter	Oscillibacter sp. 57_20
B21_12_months	k141_97608	17499	B21_12_months__1550024_Ruthenibacterium_lactatiformans__k141_97608	1	17499	Ruthenibacterium	Ruthenibacterium lactatiformans
B21_12_months	k141_98395_1_checkv_28711-49166/49166	20456	B21_12_months__47715_Lacticaseibacillus_rhamnosus__k141_98395	28711	49166	Lacticaseibacillus	Lacticaseibacillus rhamnosus
B21_12_months	k141_99134	30567	B21_12_months__3008350_Blautia_hansenii__k141_99134	1	30567	Blautia	Blautia hansenii
B21_12_months	k141_99763_phage394_150_14568_13_0.53	14419	B21_12_months__165186_uncultured_Ruminococcus_sp.__k141_99763	151	14569	Ruminococcus	uncultured Ruminococcus sp.
B21_12_months	k141_9990_1_checkv_1-12769/25277	12769	B21_12_months__169435_Anaerotruncus_colihominis__k141_9990	1	12769	Anaerotruncus	Anaerotruncus colihominis
B22_12_months	k141_100947_phage639_63_12771_14_0.63	12708	B22_12_months__1308_Streptococcus_thermophilus__k141_100947	64	12771	Streptococcus	Streptococcus thermophilus
B22_12_months	k141_101380	23862	B22_12_months__1308_Streptococcus_thermophilus__k141_101380	1	23862	Streptococcus	Streptococcus thermophilus
B22_12_months	k141_101821_phage832_10106_31997_24_0.67	21892	B22_12_months__261299_Intestinibacter_bartlettii__k141_101821	10107	31998	Intestinibacter	Intestinibacter bartlettii
B22_12_months	k141_102382	15038	B22_12_months__57706_Citrobacter_braakii__k141_102382	1	15038	Citrobacter	Citrobacter braakii
B22_12_months	k141_10238_phage861_11746_23369_10_0.62	11624	B22_12_months__292800_Flavonifractor_plautii__k141_10238	11747	23370	Flavonifractor	Flavonifractor plautii
B22_12_months	k141_10457	15478	B22_12_months__573_Klebsiella_pneumoniae__k141_10457	1	15478	Klebsiella	Klebsiella pneumoniae
B22_12_months	k141_11922_phage1187_24522_34837_10_0.79	10316	B22_12_months__1601_Ligilactobacillus_agilis__k141_11922	24523	34838	Ligilactobacillus	Ligilactobacillus agilis
B22_12_months	k141_12818	10577	B22_12_months__29363_Clostridium_paraputrificum__k141_12818	1	10577	Clostridium	Clostridium paraputrificum
B22_12_months	k141_1285_1_checkv_1-15271/23505	15271	B22_12_months__33945_Enterococcus_avium__k141_1285	1	15271	Enterococcus	Enterococcus avium
B22_12_months	k141_13719	26251	B22_12_months__360807_Roseburia_inulinivorans__k141_13719	1	26251	Roseburia	Roseburia inulinivorans
B22_12_months	k141_14620_phage349_127_12270_10_0.61	12143	B22_12_months__261299_Intestinibacter_bartlettii__k141_14620	128	12270	Intestinibacter	Intestinibacter bartlettii
B22_12_months	k141_1509_1_checkv_1-55993/66105	55993	B22_12_months__1686_Bifidobacterium_catenulatum__k141_1509	1	55993	Bifidobacterium	Bifidobacterium catenulatum
B22_12_months	k141_17797_phage970_15323_29339_12_0.61	14017	B22_12_months__2292372_Ruminococcus_sp._AM42-11__k141_17797	15324	29340	Ruminococcus	Ruminococcus sp. AM42-11
B22_12_months	k141_18457	11030	B22_12_months__1680_Bifidobacterium_adolescentis__k141_18457	1	11030	Bifidobacterium	Bifidobacterium adolescentis
B22_12_months	k141_1868	39434	B22_12_months__249061_uncultured_Actinomyces_sp.__k141_1868	1	39434	Actinomyces	uncultured Actinomyces sp.
B22_12_months	k141_20181_phage131_361_23219_28_0.72	22859	B22_12_months__1522_[Clostridium]_innocuum__k141_20181	362	23220	Erysipelatoclostridium	[Clostridium] innocuum
B22_12_months	k141_20351	21923	B22_12_months__216816_Bifidobacterium_longum__k141_20351	1	21923	Bifidobacterium	Bifidobacterium longum
B22_12_months	k141_20697_1_checkv_6480-39831/39831	33352	B22_12_months__57706_Citrobacter_braakii__k141_20697	6480	39831	Citrobacter	Citrobacter braakii
B22_12_months	k141_21835_1_checkv_16195-116555/116555	100361	B22_12_months__2292372_Ruminococcus_sp._AM42-11__k141_21835	16195	116555	Ruminococcus	Ruminococcus sp. AM42-11
B22_12_months	k141_23335_phage757_118675_131284_14_0.65	12610	B22_12_months__1547_Erysipelatoclostridium_ramosum__k141_23335	118676	131285	Erysipelatoclostridium	Erysipelatoclostridium ramosum
B22_12_months	k141_23773_phage824_7365_21857_18_0.61	14493	B22_12_months__1193532_uncultured_Butyricicoccus_sp.__k141_23773	7366	21858	Butyricicoccus	uncultured Butyricicoccus sp.
B22_12_months	k141_2418	10651	B22_12_months__216816_Bifidobacterium_longum__k141_2418	1	10651	Bifidobacterium	Bifidobacterium longum
B22_12_months	k141_24198_phage939_2195_23058_32_0.78	20864	B22_12_months__1522_[Clostridium]_innocuum__k141_24198	2196	23059	Erysipelatoclostridium	[Clostridium] innocuum
B22_12_months	k141_25411_phage1183_1_17806_18_0.7	17806	B22_12_months__29363_Clostridium_paraputrificum__k141_25411	2	17807	Clostridium	Clostridium paraputrificum
B22_12_months	k141_2551_phage479_3_12765_15_0.83	12763	B22_12_months__29363_Clostridium_paraputrificum__k141_2551	4	12766	Clostridium	Clostridium paraputrificum
B22_12_months	k141_27224	21422	B22_12_months__573_Klebsiella_pneumoniae__k141_27224	1	21422	Klebsiella	Klebsiella pneumoniae
B22_12_months	k141_27899_phage377_2_19291_16_0.68	19290	B22_12_months__261299_Intestinibacter_bartlettii__k141_27899	3	19292	Intestinibacter	Intestinibacter bartlettii
B22_12_months	k141_28352	38871	B22_12_months__546_Citrobacter_freundii__k141_28352	1	38871	Citrobacter	Citrobacter freundii
B22_12_months	k141_29014_phage574_5476_25088_18_0.59	19613	B22_12_months__546_Citrobacter_freundii__k141_29014	5477	25089	Citrobacter	Citrobacter freundii
B22_12_months	k141_29985_phage747_43199_59735_18_0.7	16537	B22_12_months__261299_Intestinibacter_bartlettii__k141_29985	43200	59736	Intestinibacter	Intestinibacter bartlettii
B22_12_months	k141_30631_phage937_36874_50843_11_0.67	13970	B22_12_months__29363_Clostridium_paraputrificum__k141_30631	36875	50844	Clostridium	Clostridium paraputrificum
B22_12_months	k141_3075	17399	B22_12_months__1522_[Clostridium]_innocuum__k141_3075	1	17399	Erysipelatoclostridium	[Clostridium] innocuum
B22_12_months	k141_31964_phage1203_78667_98927_23_0.55	20261	B22_12_months__292800_Flavonifractor_plautii__k141_31964	78668	98928	Flavonifractor	Flavonifractor plautii
B22_12_months	k141_32436_phage1274_43486_54790_24_0.64	11305	B22_12_months__1193532_uncultured_Butyricicoccus_sp.__k141_32436	43487	54791	Butyricicoccus	uncultured Butyricicoccus sp.
B22_12_months	k141_32436_phage1275_58842_73514_15_0.57	14673	B22_12_months__1193532_uncultured_Butyricicoccus_sp.__k141_32436	58843	73515	Butyricicoccus	uncultured Butyricicoccus sp.
B22_12_months	k141_32958	23880	B22_12_months__46228_[Ruminococcus]_lactaris__k141_32958	1	23880	Mediterraneibacter	[Ruminococcus] lactaris
B22_12_months	k141_33004	11396	B22_12_months__59620_uncultured_Clostridium_sp.__k141_33004	1	11396	Clostridium	uncultured Clostridium sp.
B22_12_months	k141_3302	22937	B22_12_months__360807_Roseburia_inulinivorans__k141_3302	1	22937	Roseburia	Roseburia inulinivorans
B22_12_months	k141_34395_phage388_1_26769_24_0.74	26769	B22_12_months__261299_Intestinibacter_bartlettii__k141_34395	2	26770	Intestinibacter	Intestinibacter bartlettii
B22_12_months	k141_35897	28693	B22_12_months__1680_Bifidobacterium_adolescentis__k141_35897	1	28693	Bifidobacterium	Bifidobacterium adolescentis
B22_12_months	k141_37187	10768	B22_12_months__261299_Intestinibacter_bartlettii__k141_37187	1	10768	Intestinibacter	Intestinibacter bartlettii
B22_12_months	k141_37356	23002	B22_12_months__360807_Roseburia_inulinivorans__k141_37356	1	23002	Roseburia	Roseburia inulinivorans
B22_12_months	k141_37461	10681	B22_12_months__1308_Streptococcus_thermophilus__k141_37461	1	10681	Streptococcus	Streptococcus thermophilus
B22_12_months	k141_39338	16963	B22_12_months__1680_Bifidobacterium_adolescentis__k141_39338	1	16963	Bifidobacterium	Bifidobacterium adolescentis
B22_12_months	k141_40099	28656	B22_12_months__37734_Enterococcus_casseliflavus__k141_40099	1	28656	Enterococcus	Enterococcus casseliflavus
B22_12_months	k141_4092_phage812_5130_24687_23_0.74	19558	B22_12_months__292800_Flavonifractor_plautii__k141_4092	5131	24688	Flavonifractor	Flavonifractor plautii
B22_12_months	k141_41309_1_checkv_11158-34434/34434	23277	B22_12_months__573_Klebsiella_pneumoniae__k141_41309	11158	34434	Klebsiella	Klebsiella pneumoniae
B22_12_months	k141_41502_phage663_143_13170_15_0.62	13028	B22_12_months__29361_Tyzzerella_nexilis__k141_41502	144	13171	Tyzzerella	Tyzzerella nexilis
B22_12_months	k141_43973_phage1128_213_10375_11_0.63	10163	B22_12_months__261299_Intestinibacter_bartlettii__k141_43973	214	10376	Intestinibacter	Intestinibacter bartlettii
B22_12_months	k141_44382_phage1197_1_21927_23_0.82	21927	B22_12_months__216816_Bifidobacterium_longum__k141_44382	2	21928	Bifidobacterium	Bifidobacterium longum
B22_12_months	k141_44414_1_checkv_1-20934/32925	20934	B22_12_months__1193532_uncultured_Butyricicoccus_sp.__k141_44414	1	20934	Butyricicoccus	uncultured Butyricicoccus sp.
B22_12_months	k141_4586	37810	B22_12_months__33945_Enterococcus_avium__k141_4586	1	37810	Enterococcus	Enterococcus avium
B22_12_months	k141_46718_phage281_28965_45061_29_0.73	16097	B22_12_months__29361_Tyzzerella_nexilis__k141_46718	28966	45062	Tyzzerella	Tyzzerella nexilis
B22_12_months	k141_47033	11322	B22_12_months__573_Klebsiella_pneumoniae__k141_47033	1	11322	Klebsiella	Klebsiella pneumoniae
B22_12_months	k141_47479_phage422_125_14512_14_0.57	14388	B22_12_months__261299_Intestinibacter_bartlettii__k141_47479	126	14513	Intestinibacter	Intestinibacter bartlettii
B22_12_months	k141_47773	11042	B22_12_months__1694_Bifidobacterium_pseudolongum__k141_47773	1	11042	Bifidobacterium	Bifidobacterium pseudolongum
B22_12_months	k141_47827	15376	B22_12_months__1686_Bifidobacterium_catenulatum__k141_47827	1	15376	Bifidobacterium	Bifidobacterium catenulatum
B22_12_months	k141_48402	20931	B22_12_months__1694_Bifidobacterium_pseudolongum__k141_48402	1	20931	Bifidobacterium	Bifidobacterium pseudolongum
B22_12_months	k141_491_phage54_3_21681_20_0.65	21679	B22_12_months__1694_Bifidobacterium_pseudolongum__k141_491	4	21682	Bifidobacterium	Bifidobacterium pseudolongum
B22_12_months	k141_52200_phage74_44555_64600_22_0.52	20046	B22_12_months__1613_Limosilactobacillus_fermentum__k141_52200	44556	64601	Limosilactobacillus	Limosilactobacillus fermentum
B22_12_months	k141_52318	14343	B22_12_months__360807_Roseburia_inulinivorans__k141_52318	1	14343	Roseburia	Roseburia inulinivorans
B22_12_months	k141_52578	42821	B22_12_months__1351_Enterococcus_faecalis__k141_52578	1	42821	Enterococcus	Enterococcus faecalis
B22_12_months	k141_53578	19564	B22_12_months__1694_Bifidobacterium_pseudolongum__k141_53578	1	19564	Bifidobacterium	Bifidobacterium pseudolongum
B22_12_months	k141_53624_phage327_36255_50423_15_0.72	14169	B22_12_months__1353_Enterococcus_gallinarum__k141_53624	36256	50424	Enterococcus	Enterococcus gallinarum
B22_12_months	k141_53829_phage444_23644_89264_58_0.74	65621	B22_12_months__1522_[Clostridium]_innocuum__k141_53829	23645	89265	Erysipelatoclostridium	[Clostridium] innocuum
B22_12_months	k141_53905	58727	B22_12_months__2292372_Ruminococcus_sp._AM42-11__k141_53905	1	58727	Ruminococcus	Ruminococcus sp. AM42-11
B22_12_months	k141_54231_phage521_11819_24028_11_0.62	12210	B22_12_months__1613_Limosilactobacillus_fermentum__k141_54231	11820	24029	Limosilactobacillus	Limosilactobacillus fermentum
B22_12_months	k141_54446_1_checkv_11990-42428/42428	30439	B22_12_months__1351_Enterococcus_faecalis__k141_54446	11990	42428	Enterococcus	Enterococcus faecalis
B22_12_months	k141_55164_phage716_1_36637_51_0.8	36637	B22_12_months__216816_Bifidobacterium_longum__k141_55164	2	36638	Bifidobacterium	Bifidobacterium longum
B22_12_months	k141_56198_phage946_9890_31835_15_0.62	21946	B22_12_months__1547_Erysipelatoclostridium_ramosum__k141_56198	9891	31836	Erysipelatoclostridium	Erysipelatoclostridium ramosum
B22_12_months	k141_56869_phage1103_14093_30691_15_0.62	16599	B22_12_months__1613_Limosilactobacillus_fermentum__k141_56869	14094	30692	Limosilactobacillus	Limosilactobacillus fermentum
B22_12_months	k141_57035_1_checkv_45588-100615/222880	55028	B22_12_months__1262889_Eubacterium_sp._CAG:38__k141_57035	45588	100615	Eubacterium	Eubacterium sp. CAG:38
B22_12_months	k141_57767	23415	B22_12_months__2292372_Ruminococcus_sp._AM42-11__k141_57767	1	23415	Ruminococcus	Ruminococcus sp. AM42-11
B22_12_months	k141_58382	27345	B22_12_months__37734_Enterococcus_casseliflavus__k141_58382	1	27345	Enterococcus	Enterococcus casseliflavus
B22_12_months	k141_60153_1_checkv_3898-33227/33227	29330	B22_12_months__1686_Bifidobacterium_catenulatum__k141_60153	3898	33227	Bifidobacterium	Bifidobacterium catenulatum
B22_12_months	k141_60185	21616	B22_12_months__1193532_uncultured_Butyricicoccus_sp.__k141_60185	1	21616	Butyricicoccus	uncultured Butyricicoccus sp.
B22_12_months	k141_6143_phage1223_702_11713_12_0.66	11012	B22_12_months__59620_uncultured_Clostridium_sp.__k141_6143	703	11714	Clostridium	uncultured Clostridium sp.
B22_12_months	k141_62494_phage721_13151_28247_17_0.75	15097	B22_12_months__261299_Intestinibacter_bartlettii__k141_62494	13152	28248	Intestinibacter	Intestinibacter bartlettii
B22_12_months	k141_62791_phage779_56_16870_16_0.79	16815	B22_12_months__1547_Erysipelatoclostridium_ramosum__k141_62791	57	16871	Erysipelatoclostridium	Erysipelatoclostridium ramosum
B22_12_months	k141_63847	36119	B22_12_months__1680_Bifidobacterium_adolescentis__k141_63847	1	36119	Bifidobacterium	Bifidobacterium adolescentis
B22_12_months	k141_64942_phage8_1_19149_15_0.59	19149	B22_12_months__1193532_uncultured_Butyricicoccus_sp.__k141_64942	2	19150	Butyricicoccus	uncultured Butyricicoccus sp.
B22_12_months	k141_65901_phage191_4899_17189_12_0.6	12291	B22_12_months__59620_uncultured_Clostridium_sp.__k141_65901	4900	17190	Clostridium	uncultured Clostridium sp.
B22_12_months	k141_66199	15386	B22_12_months__1262889_Eubacterium_sp._CAG:38__k141_66199	1	15386	Eubacterium	Eubacterium sp. CAG:38
B22_12_months	k141_66624	14987	B22_12_months__546_Citrobacter_freundii__k141_66624	1	14987	Citrobacter	Citrobacter freundii
B22_12_months	k141_66884_phage376_1614_14116_11_0.64	12503	B22_12_months__1522_[Clostridium]_innocuum__k141_66884	1615	14117	Erysipelatoclostridium	[Clostridium] innocuum
B22_12_months	k141_67101	58154	B22_12_months__1193532_uncultured_Butyricicoccus_sp.__k141_67101	1	58154	Butyricicoccus	uncultured Butyricicoccus sp.
B22_12_months	k141_67648	57621	B22_12_months__46228_[Ruminococcus]_lactaris__k141_67648	1	57621	Mediterraneibacter	[Ruminococcus] lactaris
B22_12_months	k141_69053_phage745_13610_40351_25_0.56	26742	B22_12_months__1601_Ligilactobacillus_agilis__k141_69053	13611	40352	Ligilactobacillus	Ligilactobacillus agilis
B22_12_months	k141_70171	12151	B22_12_months__33038_[Ruminococcus]_gnavus__k141_70171	1	12151	Mediterraneibacter	[Ruminococcus] gnavus
B22_12_months	k141_7031_phage144_9799_20126_12_0.66	10328	B22_12_months__1308_Streptococcus_thermophilus__k141_7031	9800	20127	Streptococcus	Streptococcus thermophilus
B22_12_months	k141_70343	25336	B22_12_months__47715_Lacticaseibacillus_rhamnosus__k141_70343	1	25336	Lacticaseibacillus	Lacticaseibacillus rhamnosus
B22_12_months	k141_71666_1_checkv_48997-85180/85180	36184	B22_12_months__187326_Megasphaera_micronuciformis__k141_71666	48997	85180	Megasphaera	Megasphaera micronuciformis
B22_12_months	k141_72283_1_checkv_1-25553/35241	25553	B22_12_months__1353_Enterococcus_gallinarum__k141_72283	1	25553	Enterococcus	Enterococcus gallinarum
B22_12_months	k141_73068_1_checkv_122766-173232/265454	50467	B22_12_months__1353_Enterococcus_gallinarum__k141_73068	122766	173232	Enterococcus	Enterococcus gallinarum
B22_12_months	k141_73508_1_checkv_6097-48241/48241	42145	B22_12_months__573_Klebsiella_pneumoniae__k141_73508	6097	48241	Klebsiella	Klebsiella pneumoniae
B22_12_months	k141_73632_1_checkv_1-17102/26594	17102	B22_12_months__33945_Enterococcus_avium__k141_73632	1	17102	Enterococcus	Enterococcus avium
B22_12_months	k141_73697_phage473_36349_57030_20_0.68	20682	B22_12_months__29363_Clostridium_paraputrificum__k141_73697	36350	57031	Clostridium	Clostridium paraputrificum
B22_12_months	k141_73858	18803	B22_12_months__216816_Bifidobacterium_longum__k141_73858	1	18803	Bifidobacterium	Bifidobacterium longum
B22_12_months	k141_74485_1_checkv_55077-87004/95332	31928	B22_12_months__46228_[Ruminococcus]_lactaris__k141_74485	55077	87004	Mediterraneibacter	[Ruminococcus] lactaris
B22_12_months	k141_75229_1_checkv_1-41501/59763	41501	B22_12_months__2292372_Ruminococcus_sp._AM42-11__k141_75229	1	41501	Ruminococcus	Ruminococcus sp. AM42-11
B22_12_months	k141_77447_phage1266_4245_23363_16_0.59	19119	B22_12_months__261299_Intestinibacter_bartlettii__k141_77447	4246	23364	Intestinibacter	Intestinibacter bartlettii
B22_12_months	k141_78016_phage25_2_18838_21_0.88	18837	B22_12_months__261299_Intestinibacter_bartlettii__k141_78016	3	18839	Intestinibacter	Intestinibacter bartlettii
B22_12_months	k141_78789	10238	B22_12_months__59620_uncultured_Clostridium_sp.__k141_78789	1	10238	Clostridium	uncultured Clostridium sp.
B22_12_months	k141_794	31840	B22_12_months__1193532_uncultured_Butyricicoccus_sp.__k141_794	1	31840	Butyricicoccus	uncultured Butyricicoccus sp.
B22_12_months	k141_8174	12343	B22_12_months__2292372_Ruminococcus_sp._AM42-11__k141_8174	1	12343	Ruminococcus	Ruminococcus sp. AM42-11
B22_12_months	k141_81841	17198	B22_12_months__292800_Flavonifractor_plautii__k141_81841	1	17198	Flavonifractor	Flavonifractor plautii
B22_12_months	k141_82715	53526	B22_12_months__1193532_uncultured_Butyricicoccus_sp.__k141_82715	1	53526	Butyricicoccus	uncultured Butyricicoccus sp.
B22_12_months	k141_82753_1_checkv_12296-26196/26196	13901	B22_12_months__1308_Streptococcus_thermophilus__k141_82753	12296	26196	Streptococcus	Streptococcus thermophilus
B22_12_months	k141_82753_phage965_6411_20481_19_0.78	14071	B22_12_months__1308_Streptococcus_thermophilus__k141_82753	6412	20482	Streptococcus	Streptococcus thermophilus
B22_12_months	k141_82849	16741	B22_12_months__360807_Roseburia_inulinivorans__k141_82849	1	16741	Roseburia	Roseburia inulinivorans
B22_12_months	k141_83921	11160	B22_12_months__360807_Roseburia_inulinivorans__k141_83921	1	11160	Roseburia	Roseburia inulinivorans
B22_12_months	k141_83976	16922	B22_12_months__1193532_uncultured_Butyricicoccus_sp.__k141_83976	1	16922	Butyricicoccus	uncultured Butyricicoccus sp.
B22_12_months	k141_84256	28872	B22_12_months__360807_Roseburia_inulinivorans__k141_84256	1	28872	Roseburia	Roseburia inulinivorans
B22_12_months	k141_84354	13251	B22_12_months__573_Klebsiella_pneumoniae__k141_84354	1	13251	Klebsiella	Klebsiella pneumoniae
B22_12_months	k141_8517_1_checkv_4217-30210/30210	25994	B22_12_months__573_Klebsiella_pneumoniae__k141_8517	4217	30210	Klebsiella	Klebsiella pneumoniae
B22_12_months	k141_86101	11462	B22_12_months__1522_[Clostridium]_innocuum__k141_86101	1	11462	Erysipelatoclostridium	[Clostridium] innocuum
B22_12_months	k141_87027	12143	B22_12_months__46228_[Ruminococcus]_lactaris__k141_87027	1	12143	Mediterraneibacter	[Ruminococcus] lactaris
B22_12_months	k141_87278	11040	B22_12_months__546_Citrobacter_freundii__k141_87278	1	11040	Citrobacter	Citrobacter freundii
B22_12_months	k141_87630_1_checkv_1-33483/57503	33483	B22_12_months__249061_uncultured_Actinomyces_sp.__k141_87630	1	33483	Actinomyces	uncultured Actinomyces sp.
B22_12_months	k141_88163_phage649_179_29582_24_0.72	29404	B22_12_months__1547_Erysipelatoclostridium_ramosum__k141_88163	180	29583	Erysipelatoclostridium	Erysipelatoclostridium ramosum
B22_12_months	k141_89301_phage879_1_10784_12_0.81	10784	B22_12_months__261299_Intestinibacter_bartlettii__k141_89301	2	10785	Intestinibacter	Intestinibacter bartlettii
B22_12_months	k141_90339_phage1066_2_26823_23_0.73	26822	B22_12_months__261299_Intestinibacter_bartlettii__k141_90339	3	26824	Intestinibacter	Intestinibacter bartlettii
B22_12_months	k141_90808	17844	B22_12_months__573_Klebsiella_pneumoniae__k141_90808	1	17844	Klebsiella	Klebsiella pneumoniae
B22_12_months	k141_9102	24839	B22_12_months__33038_[Ruminococcus]_gnavus__k141_9102	1	24839	Mediterraneibacter	[Ruminococcus] gnavus
B22_12_months	k141_91039	14963	B22_12_months__216816_Bifidobacterium_longum__k141_91039	1	14963	Bifidobacterium	Bifidobacterium longum
B22_12_months	k141_91692	13371	B22_12_months__2292372_Ruminococcus_sp._AM42-11__k141_91692	1	13371	Ruminococcus	Ruminococcus sp. AM42-11
B22_12_months	k141_92065	26590	B22_12_months__1522_[Clostridium]_innocuum__k141_92065	1	26590	Erysipelatoclostridium	[Clostridium] innocuum
B22_12_months	k141_92340_phage237_1341_20890_19_0.64	19550	B22_12_months__1522_[Clostridium]_innocuum__k141_92340	1342	20891	Erysipelatoclostridium	[Clostridium] innocuum
B22_12_months	k141_92647_phage296_3_28594_39_0.71	28592	B22_12_months__546_Citrobacter_freundii__k141_92647	4	28595	Citrobacter	Citrobacter freundii
B22_12_months	k141_92949_1_checkv_1-24427/43838	24427	B22_12_months__1686_Bifidobacterium_catenulatum__k141_92949	1	24427	Bifidobacterium	Bifidobacterium catenulatum
B22_12_months	k141_92998_phage371_191_22795_24_0.59	22605	B22_12_months__1613_Limosilactobacillus_fermentum__k141_92998	192	22796	Limosilactobacillus	Limosilactobacillus fermentum
B22_12_months	k141_93523	12241	B22_12_months__1522_[Clostridium]_innocuum__k141_93523	1	12241	Erysipelatoclostridium	[Clostridium] innocuum
B22_12_months	k141_93947_1_checkv_6597-27845/27845	21249	B22_12_months__546_Citrobacter_freundii__k141_93947	6597	27845	Citrobacter	Citrobacter freundii
B22_12_months	k141_94630_1_checkv_1-42960/82187	42960	B22_12_months__47715_Lacticaseibacillus_rhamnosus__k141_94630	1	42960	Lacticaseibacillus	Lacticaseibacillus rhamnosus
B22_12_months	k141_94826_phage687_56_15665_18_0.81	15609	B22_12_months__261299_Intestinibacter_bartlettii__k141_94826	57	15665	Intestinibacter	Intestinibacter bartlettii
B22_12_months	k141_95008_1_checkv_30463-63460/69211	32998	B22_12_months__1353_Enterococcus_gallinarum__k141_95008	30463	63460	Enterococcus	Enterococcus gallinarum
B22_12_months	k141_95282	23736	B22_12_months__249061_uncultured_Actinomyces_sp.__k141_95282	1	23736	Actinomyces	uncultured Actinomyces sp.
B22_12_months	k141_96324_phage991_2682_18544_25_0.58	15862	B22_12_months__1193532_uncultured_Butyricicoccus_sp.__k141_96324	2683	18544	Butyricicoccus	uncultured Butyricicoccus sp.
B22_12_months	k141_9645_1_checkv_30974-53493/53493	22520	B22_12_months__33945_Enterococcus_avium__k141_9645	30974	53493	Enterococcus	Enterococcus avium
B22_12_months	k141_96954	12242	B22_12_months__83427_uncultured_Streptococcus_sp.__k141_96954	1	12242	Streptococcus	uncultured Streptococcus sp.
B22_12_months	k141_97672_phage39_6133_17978_20_0.6	11846	B22_12_months__546_Citrobacter_freundii__k141_97672	6134	17979	Citrobacter	Citrobacter freundii
B22_12_months	k141_9768	17197	B22_12_months__249061_uncultured_Actinomyces_sp.__k141_9768	1	17197	Actinomyces	uncultured Actinomyces sp.
B22_12_months	k141_9883_phage789_30700_51593_18_0.6	20894	B22_12_months__1522_[Clostridium]_innocuum__k141_9883	30701	51594	Erysipelatoclostridium	[Clostridium] innocuum
B22_12_months	k141_99106	30072	B22_12_months__2292372_Ruminococcus_sp._AM42-11__k141_99106	1	30072	Ruminococcus	Ruminococcus sp. AM42-11
B22_12_months	k141_99373_1_checkv_1-28621/39398	28621	B22_12_months__187326_Megasphaera_micronuciformis__k141_99373	1	28621	Megasphaera	Megasphaera micronuciformis
B23_12_months	k141_100338_1_checkv_58880-118934/217485	60055	B23_12_months__33039_[Ruminococcus]_torques__k141_100338	58880	118934	Mediterraneibacter	[Ruminococcus] torques
B23_12_months	k141_100488_1_checkv_3639-15236/15236	11598	B23_12_months__33945_Enterococcus_avium__k141_100488	3639	15236	Enterococcus	Enterococcus avium
B23_12_months	k141_100536_1_checkv_10860-50882/67498	40023	B23_12_months__33039_[Ruminococcus]_torques__k141_100536	10860	50882	Mediterraneibacter	[Ruminococcus] torques
B23_12_months	k141_100692_1_checkv_85325-125231/167937	39907	B23_12_months__187326_Megasphaera_micronuciformis__k141_100692	85325	125231	Megasphaera	Megasphaera micronuciformis
B23_12_months	k141_101146	39872	B23_12_months__33038_[Ruminococcus]_gnavus__k141_101146	1	39872	Mediterraneibacter	[Ruminococcus] gnavus
B23_12_months	k141_101926	12372	B23_12_months__67824_Citrobacter_farmeri__k141_101926	1	12372	Citrobacter	Citrobacter farmeri
B23_12_months	k141_1023	15944	B23_12_months__216816_Bifidobacterium_longum__k141_1023	1	15944	Bifidobacterium	Bifidobacterium longum
B23_12_months	k141_103454_1_checkv_16938-29568/46567	12631	B23_12_months__1776392_Massilimicrobiota_timonensis__k141_103454	16938	29568	Massilimicrobiota	Massilimicrobiota timonensis
B23_12_months	k141_104212	34634	B23_12_months__244366_Klebsiella_variicola__k141_104212	1	34634	Klebsiella	Klebsiella variicola
B23_12_months	k141_10424	13378	B23_12_months__165185_uncultured_Eubacterium_sp.__k141_10424	1	13378	Eubacterium	uncultured Eubacterium sp.
B23_12_months	k141_105308	17494	B23_12_months__2293049_Clostridium_sp._OM08-29__k141_105308	1	17494	Clostridium	Clostridium sp. OM08-29
B23_12_months	k141_106453_phage828_16248_38032_19_0.54	21785	B23_12_months__83427_uncultured_Streptococcus_sp.__k141_106453	16249	38033	Streptococcus	uncultured Streptococcus sp.
B23_12_months	k141_107771_phage1162_2_12909_15_0.75	12908	B23_12_months__31971_Amedibacillus_dolichus__k141_107771	3	12910	Amedibacillus	Amedibacillus dolichus
B23_12_months	k141_11094	17776	B23_12_months__165185_uncultured_Eubacterium_sp.__k141_11094	1	17776	Eubacterium	uncultured Eubacterium sp.
B23_12_months	k141_11293_phage146_46596_61025_18_0.71	14430	B23_12_months__150055_Streptococcus_lutetiensis__k141_11293	46597	61026	Streptococcus	Streptococcus lutetiensis
B23_12_months	k141_11609	78145	B23_12_months__823_Parabacteroides_distasonis__k141_11609	1	78145	Parabacteroides	Parabacteroides distasonis
B23_12_months	k141_13303_phage752_37042_50335_15_0.69	13294	B23_12_months__1547_Erysipelatoclostridium_ramosum__k141_13303	37043	50336	Erysipelatoclostridium	Erysipelatoclostridium ramosum
B23_12_months	k141_14051	17192	B23_12_months__165185_uncultured_Eubacterium_sp.__k141_14051	1	17192	Eubacterium	uncultured Eubacterium sp.
B23_12_months	k141_1456	10795	B23_12_months__33945_Enterococcus_avium__k141_1456	1	10795	Enterococcus	Enterococcus avium
B23_12_months	k141_15346_phage1251_1_24534_20_0.91	24534	B23_12_months__1613_Limosilactobacillus_fermentum__k141_15346	2	24535	Limosilactobacillus	Limosilactobacillus fermentum
B23_12_months	k141_15566	33343	B23_12_months__1262785_Clostridium_sp._CAG:253__k141_15566	1	33343	Clostridium	Clostridium sp. CAG:253
B23_12_months	k141_15864_1_checkv_37065-63610/63610	26546	B23_12_months__1776392_Massilimicrobiota_timonensis__k141_15864	37065	63610	Massilimicrobiota	Massilimicrobiota timonensis
B23_12_months	k141_16773_phage156_49732_65687_17_0.59	15956	B23_12_months__823_Parabacteroides_distasonis__k141_16773	49733	65688	Parabacteroides	Parabacteroides distasonis
B23_12_months	k141_17128_1_checkv_163211-226272/313641	63062	B23_12_months__820_Bacteroides_uniformis__k141_17128	163211	226272	Bacteroides	Bacteroides uniformis
B23_12_months	k141_18144_phage605_87395_130305_43_0.62	42911	B23_12_months__1547_Erysipelatoclostridium_ramosum__k141_18144	87396	130306	Erysipelatoclostridium	Erysipelatoclostridium ramosum
B23_12_months	k141_1869_1_checkv_12665-29867/40856	17203	B23_12_months__410072_Coprococcus_comes__k141_1869	12665	29867	Coprococcus	Coprococcus comes
B23_12_months	k141_19962	13969	B23_12_months__2293049_Clostridium_sp._OM08-29__k141_19962	1	13969	Clostridium	Clostridium sp. OM08-29
B23_12_months	k141_20733_1_checkv_1956-45682/45682	43727	B23_12_months__67824_Citrobacter_farmeri__k141_20733	1956	45682	Citrobacter	Citrobacter farmeri
B23_12_months	k141_21322_phage1308_113788_133229_14_0.56	19442	B23_12_months__1262915_Phascolarctobacterium_sp._CAG:266__k141_21322	113789	133230	Phascolarctobacterium	Phascolarctobacterium sp. CAG:266
B23_12_months	k141_21371	70425	B23_12_months__410072_Coprococcus_comes__k141_21371	1	70425	Coprococcus	Coprococcus comes
B23_12_months	k141_21383_phage1328_216_14368_16_0.72	14153	B23_12_months__1776392_Massilimicrobiota_timonensis__k141_21383	217	14369	Massilimicrobiota	Massilimicrobiota timonensis
B23_12_months	k141_22592	19769	B23_12_months__1262792_Clostridium_sp._CAG:299__k141_22592	1	19769	Clostridium	Clostridium sp. CAG:299
B23_12_months	k141_22666	21655	B23_12_months__1358_Lactococcus_lactis__k141_22666	1	21655	Lactococcus	Lactococcus lactis
B23_12_months	k141_22679_phage220_514_13335_10_0.54	12822	B23_12_months__1776392_Massilimicrobiota_timonensis__k141_22679	515	13336	Massilimicrobiota	Massilimicrobiota timonensis
B23_12_months	k141_22755_phage246_95574_112873_15_0.67	17300	B23_12_months__820_Bacteroides_uniformis__k141_22755	95575	112874	Bacteroides	Bacteroides uniformis
B23_12_months	k141_23736_1_checkv_12363-32856/45352	20494	B23_12_months__40520_Blautia_obeum__k141_23736	12363	32856	Blautia	Blautia obeum
B23_12_months	k141_23807_1_checkv_5530-54607/101007	49078	B23_12_months__33039_[Ruminococcus]_torques__k141_23807	5530	54607	Mediterraneibacter	[Ruminococcus] torques
B23_12_months	k141_24131	37548	B23_12_months__33038_[Ruminococcus]_gnavus__k141_24131	1	37548	Mediterraneibacter	[Ruminococcus] gnavus
B23_12_months	k141_24382_phage675_3_10491_13_0.57	10489	B23_12_months__1720194_Clostridium_sp._AT4__k141_24382	4	10492	Clostridium	Clostridium sp. AT4
B23_12_months	k141_26888_phage1218_9865_31718_22_0.54	21854	B23_12_months__165185_uncultured_Eubacterium_sp.__k141_26888	9866	31719	Eubacterium	uncultured Eubacterium sp.
B23_12_months	k141_27569	26015	B23_12_months__1720194_Clostridium_sp._AT4__k141_27569	1	26015	Clostridium	Clostridium sp. AT4
B23_12_months	k141_28279_1_checkv_40258-54730/54730	14473	B23_12_months__184870_Varibaculum_cambriense__k141_28279	40258	54730	Varibaculum	Varibaculum cambriense
B23_12_months	k141_28725	29572	B23_12_months__1776392_Massilimicrobiota_timonensis__k141_28725	1	29572	Massilimicrobiota	Massilimicrobiota timonensis
B23_12_months	k141_29143	137753	B23_12_months__823_Parabacteroides_distasonis__k141_29143	1	137753	Parabacteroides	Parabacteroides distasonis
B23_12_months	k141_29147_phage542_1478_15729_12_0.73	14252	B23_12_months__40520_Blautia_obeum__k141_29147	1479	15730	Blautia	Blautia obeum
B23_12_months	k141_29903	28866	B23_12_months__410072_Coprococcus_comes__k141_29903	1	28866	Coprococcus	Coprococcus comes
B23_12_months	k141_30940	40367	B23_12_months__820_Bacteroides_uniformis__k141_30940	1	40367	Bacteroides	Bacteroides uniformis
B23_12_months	k141_30962_phage1015_1_15296_12_0.74	15296	B23_12_months__29361_Tyzzerella_nexilis__k141_30962	2	15297	Tyzzerella	Tyzzerella nexilis
B23_12_months	k141_31215_phage1054_1_13062_17_0.83	13062	B23_12_months__1358_Lactococcus_lactis__k141_31215	2	13063	Lactococcus	Lactococcus lactis
B23_12_months	k141_31694_1_checkv_25464-63374/76063	37911	B23_12_months__39778_Veillonella_dispar__k141_31694	25464	63374	Veillonella	Veillonella dispar
B23_12_months	k141_33078	10717	B23_12_months__1262785_Clostridium_sp._CAG:253__k141_33078	1	10717	Clostridium	Clostridium sp. CAG:253
B23_12_months	k141_35850_1_checkv_50677-88052/88052	37376	B23_12_months__31971_Amedibacillus_dolichus__k141_35850	50677	88052	Amedibacillus	Amedibacillus dolichus
B23_12_months	k141_35986	39295	B23_12_months__2293210_Ruminococcus_sp._AM36-2AA__k141_35986	1	39295	Ruminococcus	Ruminococcus sp. AM36-2AA
B23_12_months	k141_36652_phage894_53164_80978_19_0.78	27815	B23_12_months__187326_Megasphaera_micronuciformis__k141_36652	53165	80979	Megasphaera	Megasphaera micronuciformis
B23_12_months	k141_372	23742	B23_12_months__562_Escherichia_coli__k141_372	1	23742	Escherichia	Escherichia coli
B23_12_months	k141_37442_1_checkv_16234-26740/43922	10507	B23_12_months__1597_Lacticaseibacillus_paracasei__k141_37442	16234	26740	Lacticaseibacillus	Lacticaseibacillus paracasei
B23_12_months	k141_37448_phage1125_80450_97931_13_0.63	17482	B23_12_months__823_Parabacteroides_distasonis__k141_37448	80451	97932	Parabacteroides	Parabacteroides distasonis
B23_12_months	k141_37781	20920	B23_12_months__1262792_Clostridium_sp._CAG:299__k141_37781	1	20920	Clostridium	Clostridium sp. CAG:299
B23_12_months	k141_40014	10568	B23_12_months__39777_Veillonella_atypica__k141_40014	1	10568	Veillonella	Veillonella atypica
B23_12_months	k141_40173	26402	B23_12_months__244366_Klebsiella_variicola__k141_40173	1	26402	Klebsiella	Klebsiella variicola
B23_12_months	k141_41119_phage810_54309_65713_11_0.66	11405	B23_12_months__187326_Megasphaera_micronuciformis__k141_41119	54310	65714	Megasphaera	Megasphaera micronuciformis
B23_12_months	k141_41968_phage989_98112_118086_20_0.59	19975	B23_12_months__1547_Erysipelatoclostridium_ramosum__k141_41968	98113	118087	Erysipelatoclostridium	Erysipelatoclostridium ramosum
B23_12_months	k141_42171_phage1021_8222_25431_17_0.7	17210	B23_12_months__165185_uncultured_Eubacterium_sp.__k141_42171	8223	25432	Eubacterium	uncultured Eubacterium sp.
B23_12_months	k141_42532	40505	B23_12_months__1776392_Massilimicrobiota_timonensis__k141_42532	1	40505	Massilimicrobiota	Massilimicrobiota timonensis
B23_12_months	k141_43042_phage1198_2_10443_11_0.6	10442	B23_12_months__244366_Klebsiella_variicola__k141_43042	3	10444	Klebsiella	Klebsiella variicola
B23_12_months	k141_43923	27393	B23_12_months__2293210_Ruminococcus_sp._AM36-2AA__k141_43923	1	27393	Ruminococcus	Ruminococcus sp. AM36-2AA
B23_12_months	k141_44148_phage142_137693_164528_30_0.77	26836	B23_12_months__1547_Erysipelatoclostridium_ramosum__k141_44148	137694	164529	Erysipelatoclostridium	Erysipelatoclostridium ramosum
B23_12_months	k141_44452_phage253_96804_123046_22_0.69	26243	B23_12_months__1776392_Massilimicrobiota_timonensis__k141_44452	96805	123047	Massilimicrobiota	Massilimicrobiota timonensis
B23_12_months	k141_45659_phage642_7155_22389_16_0.63	15234	B23_12_months__1262785_Clostridium_sp._CAG:253__k141_45659	7156	22389	Clostridium	Clostridium sp. CAG:253
B23_12_months	k141_46224_1_checkv_1-30993/58984	30993	B23_12_months__410072_Coprococcus_comes__k141_46224	1	30993	Coprococcus	Coprococcus comes
B23_12_months	k141_46711_phage924_37945_68907_19_0.71	30963	B23_12_months__1547_Erysipelatoclostridium_ramosum__k141_46711	37946	68908	Erysipelatoclostridium	Erysipelatoclostridium ramosum
B23_12_months	k141_47242	37690	B23_12_months__1653434_Sellimonas_intestinalis__k141_47242	1	37690	Sellimonas	Sellimonas intestinalis
B23_12_months	k141_49820_phage186_74819_89676_16_0.7	14858	B23_12_months__1547_Erysipelatoclostridium_ramosum__k141_49820	74820	89677	Erysipelatoclostridium	Erysipelatoclostridium ramosum
B23_12_months	k141_49820_phage188_122210_146307_22_0.56	24098	B23_12_months__1547_Erysipelatoclostridium_ramosum__k141_49820	122211	146308	Erysipelatoclostridium	Erysipelatoclostridium ramosum
B23_12_months	k141_50067	17258	B23_12_months__67824_Citrobacter_farmeri__k141_50067	1	17258	Citrobacter	Citrobacter farmeri
B23_12_months	k141_51334	58450	B23_12_months__410072_Coprococcus_comes__k141_51334	1	58450	Coprococcus	Coprococcus comes
B23_12_months	k141_54326_1_checkv_30942-41272/41272	10331	B23_12_months__28111_Bacteroides_eggerthii__k141_54326	30942	41272	Bacteroides	Bacteroides eggerthii
B23_12_months	k141_5483_phage4_3027_17812_15_0.52	14786	B23_12_months__1776392_Massilimicrobiota_timonensis__k141_5483	3028	17813	Massilimicrobiota	Massilimicrobiota timonensis
B23_12_months	k141_5523	17288	B23_12_months__28111_Bacteroides_eggerthii__k141_5523	1	17288	Bacteroides	Bacteroides eggerthii
B23_12_months	k141_55499	39045	B23_12_months__2293127_Roseburia_sp._AF12-17LB__k141_55499	1	39045	Roseburia	Roseburia sp. AF12-17LB
B23_12_months	k141_56997	14753	B23_12_months__83427_uncultured_Streptococcus_sp.__k141_56997	1	14753	Streptococcus	uncultured Streptococcus sp.
B23_12_months	k141_60247	31542	B23_12_months__562_Escherichia_coli__k141_60247	1	31542	Escherichia	Escherichia coli
B23_12_months	k141_60448_phage167_20545_32574_10_0.61	12030	B23_12_months__1613_Limosilactobacillus_fermentum__k141_60448	20546	32575	Limosilactobacillus	Limosilactobacillus fermentum
B23_12_months	k141_61545_phage537_5547_31632_24_0.76	26086	B23_12_months__1547_Erysipelatoclostridium_ramosum__k141_61545	5548	31633	Erysipelatoclostridium	Erysipelatoclostridium ramosum
B23_12_months	k141_61980	20332	B23_12_months__1653434_Sellimonas_intestinalis__k141_61980	1	20332	Sellimonas	Sellimonas intestinalis
B23_12_months	k141_62015	19413	B23_12_months__29361_Tyzzerella_nexilis__k141_62015	1	19413	Tyzzerella	Tyzzerella nexilis
B23_12_months	k141_62091	13024	B23_12_months__29361_Tyzzerella_nexilis__k141_62091	1	13024	Tyzzerella	Tyzzerella nexilis
B23_12_months	k141_63031_phage880_2_17376_23_0.7	17375	B23_12_months__1358_Lactococcus_lactis__k141_63031	3	17377	Lactococcus	Lactococcus lactis
B23_12_months	k141_63283	49976	B23_12_months__562_Escherichia_coli__k141_63283	1	49976	Escherichia	Escherichia coli
B23_12_months	k141_64126_phage1179_49219_60154_14_0.66	10936	B23_12_months__184870_Varibaculum_cambriense__k141_64126	49220	60155	Varibaculum	Varibaculum cambriense
B23_12_months	k141_64150	25421	B23_12_months__1262792_Clostridium_sp._CAG:299__k141_64150	1	25421	Clostridium	Clostridium sp. CAG:299
B23_12_months	k141_64521_1_checkv_69067-104790/104790	35724	B23_12_months__31971_Amedibacillus_dolichus__k141_64521	69067	104790	Amedibacillus	Amedibacillus dolichus
B23_12_months	k141_6481	13749	B23_12_months__1128111_Veillonella_atypica__k141_6481	1	13749	Veillonella	Veillonella atypica
B23_12_months	k141_64981_phage1320_45776_66707_19_0.61	20932	B23_12_months__1547_Erysipelatoclostridium_ramosum__k141_64981	45777	66708	Erysipelatoclostridium	Erysipelatoclostridium ramosum
B23_12_months	k141_65594_1_checkv_1-15148/23840	15148	B23_12_months__360807_Roseburia_inulinivorans__k141_65594	1	15148	Roseburia	Roseburia inulinivorans
B23_12_months	k141_6621	21657	B23_12_months__216816_Bifidobacterium_longum__k141_6621	1	21657	Bifidobacterium	Bifidobacterium longum
B23_12_months	k141_66758_phage493_126_14870_14_0.7	14745	B23_12_months__1776392_Massilimicrobiota_timonensis__k141_66758	127	14871	Massilimicrobiota	Massilimicrobiota timonensis
B23_12_months	k141_68435_phage899_2_14722_20_0.74	14721	B23_12_months__1547_Erysipelatoclostridium_ramosum__k141_68435	3	14723	Erysipelatoclostridium	Erysipelatoclostridium ramosum
B23_12_months	k141_69033_phage1037_3_10153_10_0.58	10151	B23_12_months__1262785_Clostridium_sp._CAG:253__k141_69033	4	10154	Clostridium	Clostridium sp. CAG:253
B23_12_months	k141_69233	38876	B23_12_months__562_Escherichia_coli__k141_69233	1	38876	Escherichia	Escherichia coli
B23_12_months	k141_69665_phage1203_2_22648_23_0.75	22647	B23_12_months__1776392_Massilimicrobiota_timonensis__k141_69665	3	22649	Massilimicrobiota	Massilimicrobiota timonensis
B23_12_months	k141_7000_phage462_21159_33668_13_0.61	12510	B23_12_months__1653434_Sellimonas_intestinalis__k141_7000	21160	33669	Sellimonas	Sellimonas intestinalis
B23_12_months	k141_71020_1_checkv_25308-61454/81660	36147	B23_12_months__562_Escherichia_coli__k141_71020	25308	61454	Escherichia	Escherichia coli
B23_12_months	k141_71155	45647	B23_12_months__410072_Coprococcus_comes__k141_71155	1	45647	Coprococcus	Coprococcus comes
B23_12_months	k141_71285_phage162_88931_106084_17_0.64	17154	B23_12_months__706562_Lactobacillus_rogosae__k141_71285	88932	106085	Lactobacillus	Lactobacillus rogosae
B23_12_months	k141_71920_1_checkv_78467-119812/176158	41346	B23_12_months__1522_[Clostridium]_innocuum__k141_71920	78467	119812	Erysipelatoclostridium	[Clostridium] innocuum
B23_12_months	k141_71924_1_checkv_1-10848/18203	10848	B23_12_months__562_Escherichia_coli__k141_71924	1	10848	Escherichia	Escherichia coli
B23_12_months	k141_72324_phage508_171_12777_17_0.66	12607	B23_12_months__244366_Klebsiella_variicola__k141_72324	172	12778	Klebsiella	Klebsiella variicola
B23_12_months	k141_72880_1_checkv_24876-61552/308064	36677	B23_12_months__823_Parabacteroides_distasonis__k141_72880	24876	61552	Parabacteroides	Parabacteroides distasonis
B23_12_months	k141_72998_phage659_3737_15507_11_0.6	11771	B23_12_months__165185_uncultured_Eubacterium_sp.__k141_72998	3738	15508	Eubacterium	uncultured Eubacterium sp.
B23_12_months	k141_73624_1_checkv_18491-113059/113059	94569	B23_12_months__1262792_Clostridium_sp._CAG:299__k141_73624	18491	113059	Clostridium	Clostridium sp. CAG:299
B23_12_months	k141_74235_phage955_2069_12917_17_0.78	10849	B23_12_months__1597_Lacticaseibacillus_paracasei__k141_74235	2070	12918	Lacticaseibacillus	Lacticaseibacillus paracasei
B23_12_months	k141_74466	17246	B23_12_months__562_Escherichia_coli__k141_74466	1	17246	Escherichia	Escherichia coli
B23_12_months	k141_74667	28009	B23_12_months__1613_Limosilactobacillus_fermentum__k141_74667	1	28009	Limosilactobacillus	Limosilactobacillus fermentum
B23_12_months	k141_75227	20574	B23_12_months__216816_Bifidobacterium_longum__k141_75227	1	20574	Bifidobacterium	Bifidobacterium longum
B23_12_months	k141_75553	10193	B23_12_months__3016596_Klebsiella_oxytoca__k141_75553	1	10193	Klebsiella	Klebsiella oxytoca
B23_12_months	k141_75848	17499	B23_12_months__39777_Veillonella_atypica__k141_75848	1	17499	Veillonella	Veillonella atypica
B23_12_months	k141_75967_phage1326_549_24544_25_0.72	23996	B23_12_months__1547_Erysipelatoclostridium_ramosum__k141_75967	550	24545	Erysipelatoclostridium	Erysipelatoclostridium ramosum
B23_12_months	k141_76166_phage1357_1521_19146_23_0.72	17626	B23_12_months__1547_Erysipelatoclostridium_ramosum__k141_76166	1522	19147	Erysipelatoclostridium	Erysipelatoclostridium ramosum
B23_12_months	k141_77061_phage288_655_12935_14_0.64	12281	B23_12_months__706562_Lactobacillus_rogosae__k141_77061	656	12936	Lactobacillus	Lactobacillus rogosae
B23_12_months	k141_79992	21278	B23_12_months__67824_Citrobacter_farmeri__k141_79992	1	21278	Citrobacter	Citrobacter farmeri
B23_12_months	k141_80320_1_checkv_35604-45720/45720	10117	B23_12_months__2293210_Ruminococcus_sp._AM36-2AA__k141_80320	35604	45720	Ruminococcus	Ruminococcus sp. AM36-2AA
B23_12_months	k141_80473	14197	B23_12_months__1262785_Clostridium_sp._CAG:253__k141_80473	1	14197	Clostridium	Clostridium sp. CAG:253
B23_12_months	k141_8074	19445	B23_12_months__83427_uncultured_Streptococcus_sp.__k141_8074	1	19445	Streptococcus	uncultured Streptococcus sp.
B23_12_months	k141_80972	18539	B23_12_months__410072_Coprococcus_comes__k141_80972	1	18539	Coprococcus	Coprococcus comes
B23_12_months	k141_81196_phage1184_14017_24298_14_0.61	10282	B23_12_months__216816_Bifidobacterium_longum__k141_81196	14018	24299	Bifidobacterium	Bifidobacterium longum
B23_12_months	k141_82446_phage179_19477_31027_11_0.57	11551	B23_12_months__1776392_Massilimicrobiota_timonensis__k141_82446	19478	31028	Massilimicrobiota	Massilimicrobiota timonensis
B23_12_months	k141_83060_phage349_1_11229_15_0.69	11229	B23_12_months__1262785_Clostridium_sp._CAG:253__k141_83060	2	11230	Clostridium	Clostridium sp. CAG:253
B23_12_months	k141_83443_phage495_71835_89353_11_0.53	17519	B23_12_months__706562_Lactobacillus_rogosae__k141_83443	71836	89354	Lactobacillus	Lactobacillus rogosae
B23_12_months	k141_83443_phage497_120793_135285_15_0.59	14493	B23_12_months__706562_Lactobacillus_rogosae__k141_83443	120794	135286	Lactobacillus	Lactobacillus rogosae
B23_12_months	k141_8408	56237	B23_12_months__33039_[Ruminococcus]_torques__k141_8408	1	56237	Mediterraneibacter	[Ruminococcus] torques
B23_12_months	k141_84399	16680	B23_12_months__1262792_Clostridium_sp._CAG:299__k141_84399	1	16680	Clostridium	Clostridium sp. CAG:299
B23_12_months	k141_84951_phage819_2586_13254_16_0.66	10669	B23_12_months__1776392_Massilimicrobiota_timonensis__k141_84951	2587	13255	Massilimicrobiota	Massilimicrobiota timonensis
B23_12_months	k141_85078_phage836_5933_23991_14_0.55	18059	B23_12_months__1776392_Massilimicrobiota_timonensis__k141_85078	5934	23992	Massilimicrobiota	Massilimicrobiota timonensis
B23_12_months	k141_85315_1_checkv_75029-121537/241923	46509	B23_12_months__1653434_Sellimonas_intestinalis__k141_85315	75029	121537	Sellimonas	Sellimonas intestinalis
B23_12_months	k141_85449	14446	B23_12_months__2293127_Roseburia_sp._AF12-17LB__k141_85449	1	14446	Roseburia	Roseburia sp. AF12-17LB
B23_12_months	k141_86390	17296	B23_12_months__2293127_Roseburia_sp._AF12-17LB__k141_86390	1	17296	Roseburia	Roseburia sp. AF12-17LB
B23_12_months	k141_86509	62462	B23_12_months__562_Escherichia_coli__k141_86509	1	62462	Escherichia	Escherichia coli
B23_12_months	k141_86668	17856	B23_12_months__562_Escherichia_coli__k141_86668	1	17856	Escherichia	Escherichia coli
B23_12_months	k141_87650	28498	B23_12_months__1720194_Clostridium_sp._AT4__k141_87650	1	28498	Clostridium	Clostridium sp. AT4
B23_12_months	k141_8830	11750	B23_12_months__1720194_Clostridium_sp._AT4__k141_8830	1	11750	Clostridium	Clostridium sp. AT4
B23_12_months	k141_89809_1_checkv_36712-76293/100929	39582	B23_12_months__150055_Streptococcus_lutetiensis__k141_89809	36712	76293	Streptococcus	Streptococcus lutetiensis
B23_12_months	k141_90247_1_checkv_7536-29599/29599	22064	B23_12_months__67824_Citrobacter_farmeri__k141_90247	7536	29599	Citrobacter	Citrobacter farmeri
B23_12_months	k141_94950_1_checkv_1-29841/33926	29841	B23_12_months__33945_Enterococcus_avium__k141_94950	1	29841	Enterococcus	Enterococcus avium
B23_12_months	k141_94991_phage598_81_20071_20_0.59	19991	B23_12_months__1358_Lactococcus_lactis__k141_94991	82	20072	Lactococcus	Lactococcus lactis
B23_12_months	k141_95090_phage611_247_19456_38_0.73	19210	B23_12_months__2293210_Ruminococcus_sp._AM36-2AA__k141_95090	248	19457	Ruminococcus	Ruminococcus sp. AM36-2AA
B23_12_months	k141_95406	16461	B23_12_months__244366_Klebsiella_variicola__k141_95406	1	16461	Klebsiella	Klebsiella variicola
B23_12_months	k141_95897_1_checkv_176006-213409/213409	37404	B23_12_months__1776392_Massilimicrobiota_timonensis__k141_95897	176006	213409	Massilimicrobiota	Massilimicrobiota timonensis
B23_12_months	k141_96068_phage878_94128_115975_24_0.6	21848	B23_12_months__1473216_Senegalimassilia_anaerobia__k141_96068	94129	115976	Senegalimassilia	Senegalimassilia anaerobia
B23_12_months	k141_96239_phage914_11676_28138_15_0.57	16463	B23_12_months__150055_Streptococcus_lutetiensis__k141_96239	11677	28139	Streptococcus	Streptococcus lutetiensis
B23_12_months	k141_98199	15021	B23_12_months__67824_Citrobacter_farmeri__k141_98199	1	15021	Citrobacter	Citrobacter farmeri
B23_12_months	k141_99330_1_checkv_1-11646/22713	11646	B23_12_months__150055_Streptococcus_lutetiensis__k141_99330	1	11646	Streptococcus	Streptococcus lutetiensis
B24_12_months	k141_103463_1_checkv_1-11205/21182	11205	B24_12_months__3016596_Klebsiella_oxytoca__k141_103463	1	11205	Klebsiella	Klebsiella oxytoca
B24_12_months	k141_105084_1_checkv_34483-50841/50841	16359	B24_12_months__48296_Acinetobacter_pittii__k141_105084	34483	50841	Acinetobacter	Acinetobacter pittii
B24_12_months	k141_10525_1_checkv_43346-62275/69094	18930	B24_12_months__1532_Blautia_coccoides__k141_10525	43346	62275	Blautia	Blautia coccoides
B24_12_months	k141_108348_phage791_6090_18921_14_0.55	12832	B24_12_months__28025_Bifidobacterium_animalis__k141_108348	6091	18922	Bifidobacterium	Bifidobacterium animalis
B24_12_months	k141_109992_1_checkv_21625-80062/156991	58438	B24_12_months__1550024_Ruthenibacterium_lactatiformans__k141_109992	21625	80062	Ruthenibacterium	Ruthenibacterium lactatiformans
B24_12_months	k141_110874_1_checkv_19145-34209/34209	15065	B24_12_months__571_Klebsiella_oxytoca__k141_110874	19145	34209	Klebsiella	Klebsiella oxytoca
B24_12_months	k141_114596_phage580_1737_13277_19_0.61	11541	B24_12_months__84031_Clostridium_sartagoforme__k141_114596	1738	13278	Clostridium	Clostridium sartagoforme
B24_12_months	k141_116190	10901	B24_12_months__43675_Rothia_mucilaginosa__k141_116190	1	10901	Rothia	Rothia mucilaginosa
B24_12_months	k141_116620_1_checkv_1-35252/48026	35252	B24_12_months__48296_Acinetobacter_pittii__k141_116620	1	35252	Acinetobacter	Acinetobacter pittii
B24_12_months	k141_119994_phage248_13433_32064_14_0.72	18632	B24_12_months__292800_Flavonifractor_plautii__k141_119994	13434	32065	Flavonifractor	Flavonifractor plautii
B24_12_months	k141_130290_phage532_19390_31558_11_0.67	12169	B24_12_months__1532_Blautia_coccoides__k141_130290	19391	31559	Blautia	Blautia coccoides
B24_12_months	k141_133695_phage957_10678_24596_17_0.74	13919	B24_12_months__84031_Clostridium_sartagoforme__k141_133695	10679	24597	Clostridium	Clostridium sartagoforme
B24_12_months	k141_136550_phage305_1_10171_22_0.84	10171	B24_12_months__1352_Enterococcus_faecium__k141_136550	2	10172	Enterococcus	Enterococcus faecium
B24_12_months	k141_137857_phage522_1_22609_24_0.61	22609	B24_12_months__3022406_uncultured_Clostridium_sp.__k141_137857	2	22610	Clostridium	uncultured Clostridium sp.
B24_12_months	k141_14384_phage1003_121_15023_13_0.71	14903	B24_12_months__166486_Roseburia_intestinalis__k141_14384	122	15024	Roseburia	Roseburia intestinalis
B24_12_months	k141_14397_1_checkv_20080-62122/193884	42043	B24_12_months__48296_Acinetobacter_pittii__k141_14397	20080	62122	Acinetobacter	Acinetobacter pittii
B24_12_months	k141_144104_1_checkv_1-56906/59727	56906	B24_12_months__48296_Acinetobacter_pittii__k141_144104	1	56906	Acinetobacter	Acinetobacter pittii
B24_12_months	k141_147929	22915	B24_12_months__28025_Bifidobacterium_animalis__k141_147929	1	22915	Bifidobacterium	Bifidobacterium animalis
B24_12_months	k141_148155_phage809_2_10004_11_0.69	10003	B24_12_months__39483_Faecalitalea_cylindroides__k141_148155	3	10005	Faecalitalea	Faecalitalea cylindroides
B24_12_months	k141_148193_phage820_73_10623_10_0.62	10551	B24_12_months__48296_Acinetobacter_pittii__k141_148193	74	10624	Acinetobacter	Acinetobacter pittii
B24_12_months	k141_151614_1_checkv_167394-205109/700769	37716	B24_12_months__1262779_Clostridium_sp._CAG:217__k141_151614	167394	205109	Clostridium	Clostridium sp. CAG:217
B24_12_months	k141_154650_phage715_38631_54805_18_0.64	16175	B24_12_months__84031_Clostridium_sartagoforme__k141_154650	38632	54806	Clostridium	Clostridium sartagoforme
B24_12_months	k141_155331_phage770_3_20688_36_0.77	20686	B24_12_months__29361_Tyzzerella_nexilis__k141_155331	4	20689	Tyzzerella	Tyzzerella nexilis
B24_12_months	k141_18380_phage343_7078_26187_24_0.82	19110	B24_12_months__1308_Streptococcus_thermophilus__k141_18380	7079	26188	Streptococcus	Streptococcus thermophilus
B24_12_months	k141_19071	14104	B24_12_months__1128111_Veillonella_atypica__k141_19071	1	14104	Veillonella	Veillonella atypica
B24_12_months	k141_19836_phage539_333_13642_11_0.57	13310	B24_12_months__28025_Bifidobacterium_animalis__k141_19836	334	13643	Bifidobacterium	Bifidobacterium animalis
B24_12_months	k141_2078	11869	B24_12_months__48296_Acinetobacter_pittii__k141_2078	1	11869	Acinetobacter	Acinetobacter pittii
B24_12_months	k141_23948_1_checkv_146984-181546/325518	34563	B24_12_months__1720194_Clostridium_sp._AT4__k141_23948	146984	181546	Clostridium	Clostridium sp. AT4
B24_12_months	k141_2401_phage393_137_15273_18_0.84	15137	B24_12_months__48296_Acinetobacter_pittii__k141_2401	138	15274	Acinetobacter	Acinetobacter pittii
B24_12_months	k141_24314_phage110_3_11017_13_0.59	11015	B24_12_months__292800_Flavonifractor_plautii__k141_24314	4	11018	Flavonifractor	Flavonifractor plautii
B24_12_months	k141_28211_phage729_24063_41183_19_0.65	17121	B24_12_months__1308_Streptococcus_thermophilus__k141_28211	24064	41184	Streptococcus	Streptococcus thermophilus
B24_12_months	k141_28992_phage862_267_14191_15_0.71	13925	B24_12_months__84031_Clostridium_sartagoforme__k141_28992	268	14192	Clostridium	Clostridium sartagoforme
B24_12_months	k141_35534_1_checkv_25172-65493/68970	40322	B24_12_months__29361_Tyzzerella_nexilis__k141_35534	25172	65493	Tyzzerella	Tyzzerella nexilis
B24_12_months	k141_45356_phage958_16505_39592_26_0.66	23088	B24_12_months__214856_Alistipes_finegoldii__k141_45356	16506	39593	Alistipes	Alistipes finegoldii
B24_12_months	k141_48645_1_checkv_11407-21664/27628	10258	B24_12_months__1308_Streptococcus_thermophilus__k141_48645	11407	21664	Streptococcus	Streptococcus thermophilus
B24_12_months	k141_48792_1_checkv_1-13831/20107	13831	B24_12_months__292800_Flavonifractor_plautii__k141_48792	1	13831	Flavonifractor	Flavonifractor plautii
B24_12_months	k141_57776	20869	B24_12_months__1263065_Clostridium_clostridioforme_CAG:132__k141_57776	1	20869	Clostridium	Clostridium clostridioforme CAG:132
B24_12_months	k141_59398_1_checkv_1-12243/44010	12243	B24_12_months__2292372_Ruminococcus_sp._AM42-11__k141_59398	1	12243	Ruminococcus	Ruminococcus sp. AM42-11
B24_12_months	k141_59612_1_checkv_6117-40523/80079	34407	B24_12_months__48296_Acinetobacter_pittii__k141_59612	6117	40523	Acinetobacter	Acinetobacter pittii
B24_12_months	k141_59915_phage738_45536_61660_11_0.64	16125	B24_12_months__292800_Flavonifractor_plautii__k141_59915	45537	61661	Flavonifractor	Flavonifractor plautii
B24_12_months	k141_62010_1_checkv_33780-79731/96053	45952	B24_12_months__571_Klebsiella_oxytoca__k141_62010	33780	79731	Klebsiella	Klebsiella oxytoca
B24_12_months	k141_6231_phage875_2445_12881_10_0.61	10437	B24_12_months__1308_Streptococcus_thermophilus__k141_6231	2446	12882	Streptococcus	Streptococcus thermophilus
B24_12_months	k141_62947_phage1069_110_28363_48_0.79	28254	B24_12_months__292800_Flavonifractor_plautii__k141_62947	111	28364	Flavonifractor	Flavonifractor plautii
B24_12_months	k141_63245_1_checkv_6785-21360/21360	14576	B24_12_months__1550024_Ruthenibacterium_lactatiformans__k141_63245	6785	21360	Ruthenibacterium	Ruthenibacterium lactatiformans
B24_12_months	k141_63360_1_checkv_21017-33435/33435	12419	B24_12_months__29361_Tyzzerella_nexilis__k141_63360	21017	33435	Tyzzerella	Tyzzerella nexilis
B24_12_months	k141_64969_phage334_3_15003_12_0.72	15001	B24_12_months__84031_Clostridium_sartagoforme__k141_64969	4	15004	Clostridium	Clostridium sartagoforme
B24_12_months	k141_67108_phage681_237_11911_11_0.68	11675	B24_12_months__1263065_Clostridium_clostridioforme_CAG:132__k141_67108	238	11912	Clostridium	Clostridium clostridioforme CAG:132
B24_12_months	k141_69682	12022	B24_12_months__1532_Blautia_coccoides__k141_69682	1	12022	Blautia	Blautia coccoides
B24_12_months	k141_69706_1_checkv_57040-118725/180609	61686	B24_12_months__1720194_Clostridium_sp._AT4__k141_69706	57040	118725	Clostridium	Clostridium sp. AT4
B24_12_months	k141_70283	10091	B24_12_months__1550024_Ruthenibacterium_lactatiformans__k141_70283	1	10091	Ruthenibacterium	Ruthenibacterium lactatiformans
B24_12_months	k141_72961_1_checkv_40005-55702/55702	15698	B24_12_months__1550024_Ruthenibacterium_lactatiformans__k141_72961	40005	55702	Ruthenibacterium	Ruthenibacterium lactatiformans
B24_12_months	k141_78015_phage942_19557_40701_22_0.58	21145	B24_12_months__84031_Clostridium_sartagoforme__k141_78015	19558	40702	Clostridium	Clostridium sartagoforme
B24_12_months	k141_80247_1_checkv_19287-37209/37209	17923	B24_12_months__1352_Enterococcus_faecium__k141_80247	19287	37209	Enterococcus	Enterococcus faecium
B24_12_months	k141_82590_phage534_274_11853_10_0.71	11580	B24_12_months__214856_Alistipes_finegoldii__k141_82590	275	11854	Alistipes	Alistipes finegoldii
B24_12_months	k141_82643	15071	B24_12_months__1550024_Ruthenibacterium_lactatiformans__k141_82643	1	15071	Ruthenibacterium	Ruthenibacterium lactatiformans
B24_12_months	k141_87414_phage133_13514_25827_14_0.61	12314	B24_12_months__1308_Streptococcus_thermophilus__k141_87414	13515	25828	Streptococcus	Streptococcus thermophilus
B24_12_months	k141_88765_phage345_19250_30081_13_0.49	10832	B24_12_months__292800_Flavonifractor_plautii__k141_88765	19251	30082	Flavonifractor	Flavonifractor plautii
B24_12_months	k141_90527	47892	B24_12_months__2292372_Ruminococcus_sp._AM42-11__k141_90527	1	47892	Ruminococcus	Ruminococcus sp. AM42-11
B24_12_months	k141_9518_phage261_105_12785_12_0.8	12681	B24_12_months__1352_Enterococcus_faecium__k141_9518	106	12786	Enterococcus	Enterococcus faecium
B24_12_months	k141_97611_phage464_6840_23785_19_0.65	16946	B24_12_months__292800_Flavonifractor_plautii__k141_97611	6841	23786	Flavonifractor	Flavonifractor plautii
B24_12_months	k141_98876_1_checkv_6803-43138/52630	36336	B24_12_months__48296_Acinetobacter_pittii__k141_98876	6803	43138	Acinetobacter	Acinetobacter pittii
B24_12_months	k141_99405_1_checkv_8955-20260/20260	11306	B24_12_months__1550024_Ruthenibacterium_lactatiformans__k141_99405	8955	20260	Ruthenibacterium	Ruthenibacterium lactatiformans
B25_12_months	k141_100899_phage1487_32822_43294_10_0.56	10473	B25_12_months__1689_Bifidobacterium_dentium__k141_100899	32823	43295	Bifidobacterium	Bifidobacterium dentium
B25_12_months	k141_102432_phage28_7_18941_21_0.64	18935	B25_12_months__1287640_Anaerococcus_obesiensis__k141_102432	8	18942	Anaerococcus	Anaerococcus obesiensis
B25_12_months	k141_103510_phage227_224950_242641_15_0.75	17692	B25_12_months__823_Parabacteroides_distasonis__k141_103510	224951	242642	Parabacteroides	Parabacteroides distasonis
B25_12_months	k141_10356_phage221_48454_67393_22_0.52	18940	B25_12_months__1712675_Turicibacter_sp._H121__k141_10356	48455	67394	Turicibacter	Turicibacter sp. H121
B25_12_months	k141_103840_phage286_18590_58199_39_0.67	39610	B25_12_months__2293016_Clostridium_sp._AF37-5__k141_103840	18591	58200	Clostridium	Clostridium sp. AF37-5
B25_12_months	k141_107474_phage820_1_11739_10_0.69	11739	B25_12_months__1776391_Romboutsia_timonensis__k141_107474	2	11740	Romboutsia	Romboutsia timonensis
B25_12_months	k141_109727	11835	B25_12_months__1720194_Clostridium_sp._AT4__k141_109727	1	11835	Clostridium	Clostridium sp. AT4
B25_12_months	k141_11004	11318	B25_12_months__1287640_Anaerococcus_obesiensis__k141_11004	1	11318	Anaerococcus	Anaerococcus obesiensis
B25_12_months	k141_110058_1_checkv_1-15638/27434	15638	B25_12_months__1262942_Roseburia_sp._CAG:182__k141_110058	1	15638	Roseburia	Roseburia sp. CAG:182
B25_12_months	k141_111579_phage19_45862_58766_15_0.59	12905	B25_12_months__1522_[Clostridium]_innocuum__k141_111579	45863	58767	Erysipelatoclostridium	[Clostridium] innocuum
B25_12_months	k141_112971_phage276_3_10525_17_0.54	10523	B25_12_months__1512_[Clostridium]_symbiosum__k141_112971	4	10526	Lachnoclostridium	[Clostridium] symbiosum
B25_12_months	k141_114114_phage470_69231_89535_20_0.63	20305	B25_12_months__820_Bacteroides_uniformis__k141_114114	69232	89536	Bacteroides	Bacteroides uniformis
B25_12_months	k141_114463_phage537_67469_81780_13_0.56	14312	B25_12_months__1712675_Turicibacter_sp._H121__k141_114463	67470	81781	Turicibacter	Turicibacter sp. H121
B25_12_months	k141_114868_1_checkv_1-12969/25226	12969	B25_12_months__292800_Flavonifractor_plautii__k141_114868	1	12969	Flavonifractor	Flavonifractor plautii
B25_12_months	k141_116481	19339	B25_12_months__290055_Faecalicatena_fissicatena__k141_116481	1	19339	Faecalicatena	Faecalicatena fissicatena
B25_12_months	k141_119421_phage1351_314_21491_12_0.68	21178	B25_12_months__1262885_Eubacterium_sp._CAG:248__k141_119421	315	21492	Eubacterium	Eubacterium sp. CAG:248
B25_12_months	k141_120770	75979	B25_12_months__2293024_Clostridium_sp._AM22-11AC__k141_120770	1	75979	Clostridium	Clostridium sp. AM22-11AC
B25_12_months	k141_122767_phage379_36306_47862_13_0.7	11557	B25_12_months__1351_Enterococcus_faecalis__k141_122767	36307	47863	Enterococcus	Enterococcus faecalis
B25_12_months	k141_124542	10786	B25_12_months__35833_Bilophila_wadsworthia__k141_124542	1	10786	Bilophila	Bilophila wadsworthia
B25_12_months	k141_125748	36989	B25_12_months__2293024_Clostridium_sp._AM22-11AC__k141_125748	1	36989	Clostridium	Clostridium sp. AM22-11AC
B25_12_months	k141_125818	23318	B25_12_months__358743_Enterocloster_citroniae__k141_125818	1	23318	Enterocloster	Enterocloster citroniae
B25_12_months	k141_129085_1_checkv_73486-88878/88878	15393	B25_12_months__28117_Alistipes_putredinis__k141_129085	73486	88878	Alistipes	Alistipes putredinis
B25_12_months	k141_130895_1_checkv_70633-126093/235267	55461	B25_12_months__1547_Erysipelatoclostridium_ramosum__k141_130895	70633	126093	Erysipelatoclostridium	Erysipelatoclostridium ramosum
B25_12_months	k141_132911_1_checkv_87956-125419/328998	37464	B25_12_months__328813_Alistipes_onderdonkii__k141_132911	87956	125419	Alistipes	Alistipes onderdonkii
B25_12_months	k141_133169_1_checkv_44005-77225/136010	33221	B25_12_months__1262942_Roseburia_sp._CAG:182__k141_133169	44005	77225	Roseburia	Roseburia sp. CAG:182
B25_12_months	k141_133216_1_checkv_1-51035/57422	51035	B25_12_months__216816_Bifidobacterium_longum__k141_133216	1	51035	Bifidobacterium	Bifidobacterium longum
B25_12_months	k141_134565_1_checkv_59089-92492/121497	33404	B25_12_months__48296_Acinetobacter_pittii__k141_134565	59089	92492	Acinetobacter	Acinetobacter pittii
B25_12_months	k141_135700	19979	B25_12_months__512314_uncultured_Roseburia_sp.__k141_135700	1	19979	Roseburia	uncultured Roseburia sp.
B25_12_months	k141_135928	14358	B25_12_months__35833_Bilophila_wadsworthia__k141_135928	1	14358	Bilophila	Bilophila wadsworthia
B25_12_months	k141_136537	43779	B25_12_months__1512_[Clostridium]_symbiosum__k141_136537	1	43779	Lachnoclostridium	[Clostridium] symbiosum
B25_12_months	k141_136805_phage1179_1_15000_12_0.54	15000	B25_12_months__1547_Erysipelatoclostridium_ramosum__k141_136805	2	15001	Erysipelatoclostridium	Erysipelatoclostridium ramosum
B25_12_months	k141_13704	13991	B25_12_months__1550024_Ruthenibacterium_lactatiformans__k141_13704	1	13991	Ruthenibacterium	Ruthenibacterium lactatiformans
B25_12_months	k141_139283_phage1572_305_12321_18_0.59	12017	B25_12_months__1712675_Turicibacter_sp._H121__k141_139283	306	12322	Turicibacter	Turicibacter sp. H121
B25_12_months	k141_14202	13803	B25_12_months__1512_[Clostridium]_symbiosum__k141_14202	1	13803	Lachnoclostridium	[Clostridium] symbiosum
B25_12_months	k141_142387	22650	B25_12_months__817_Bacteroides_fragilis__k141_142387	1	22650	Bacteroides	Bacteroides fragilis
B25_12_months	k141_142664_phage579_39783_60461_26_0.65	20679	B25_12_months__1547_Erysipelatoclostridium_ramosum__k141_142664	39784	60462	Erysipelatoclostridium	Erysipelatoclostridium ramosum
B25_12_months	k141_143842_1_checkv_34743-47150/51915	12408	B25_12_months__1841867_Phocea_massiliensis__k141_143842	34743	47150	Phocea	Phocea massiliensis
B25_12_months	k141_144468_phage917_300_16682_20_0.71	16383	B25_12_months__1689_Bifidobacterium_dentium__k141_144468	301	16683	Bifidobacterium	Bifidobacterium dentium
B25_12_months	k141_144468_phage918_19871_37588_33_0.67	17718	B25_12_months__1689_Bifidobacterium_dentium__k141_144468	19872	37589	Bifidobacterium	Bifidobacterium dentium
B25_12_months	k141_144527_phage921_2_24809_20_0.82	24808	B25_12_months__261299_Intestinibacter_bartlettii__k141_144527	3	24810	Intestinibacter	Intestinibacter bartlettii
B25_12_months	k141_144857_phage986_1_13657_21_0.83	13657	B25_12_months__261299_Intestinibacter_bartlettii__k141_144857	2	13658	Intestinibacter	Intestinibacter bartlettii
B25_12_months	k141_145044_phage1029_48673_67467_21_0.73	18795	B25_12_months__1522_[Clostridium]_innocuum__k141_145044	48674	67468	Erysipelatoclostridium	[Clostridium] innocuum
B25_12_months	k141_145507_1_checkv_1-27157/66328	27157	B25_12_months__817_Bacteroides_fragilis__k141_145507	1	27157	Bacteroides	Bacteroides fragilis
B25_12_months	k141_146836_1_checkv_87205-109598/109598	22394	B25_12_months__1550024_Ruthenibacterium_lactatiformans__k141_146836	87205	109598	Ruthenibacterium	Ruthenibacterium lactatiformans
B25_12_months	k141_147389_1_checkv_48719-87220/148236	38502	B25_12_months__1468449_Holdemania_massiliensis__k141_147389	48719	87220	Holdemania	Holdemania massiliensis
B25_12_months	k141_148686_phage1574_59188_76789_16_0.59	17602	B25_12_months__820_Bacteroides_uniformis__k141_148686	59189	76790	Bacteroides	Bacteroides uniformis
B25_12_months	k141_15088_phage1041_174_23490_23_0.71	23316	B25_12_months__3011369_Clostridium_sp._29_15__k141_15088	175	23490	Clostridium	Clostridium sp. 29_15
B25_12_months	k141_153684_phage896_3_15167_19_0.73	15165	B25_12_months__1547_Erysipelatoclostridium_ramosum__k141_153684	4	15168	Erysipelatoclostridium	Erysipelatoclostridium ramosum
B25_12_months	k141_153684_phage900_127259_139462_11_0.68	12204	B25_12_months__1547_Erysipelatoclostridium_ramosum__k141_153684	127260	139463	Erysipelatoclostridium	Erysipelatoclostridium ramosum
B25_12_months	k141_15469	24101	B25_12_months__471189_Gordonibacter_pamelaeae__k141_15469	1	24101	Gordonibacter	Gordonibacter pamelaeae
B25_12_months	k141_155374_phage1206_15317_43140_45_0.55	27824	B25_12_months__33038_[Ruminococcus]_gnavus__k141_155374	15318	43141	Mediterraneibacter	[Ruminococcus] gnavus
B25_12_months	k141_156094	11655	B25_12_months__261299_Intestinibacter_bartlettii__k141_156094	1	11655	Intestinibacter	Intestinibacter bartlettii
B25_12_months	k141_159622	16654	B25_12_months__33038_[Ruminococcus]_gnavus__k141_159622	1	16654	Mediterraneibacter	[Ruminococcus] gnavus
B25_12_months	k141_160558	41875	B25_12_months__1512_[Clostridium]_symbiosum__k141_160558	1	41875	Lachnoclostridium	[Clostridium] symbiosum
B25_12_months	k141_161212_phage594_34408_54045_19_0.55	19638	B25_12_months__1547_Erysipelatoclostridium_ramosum__k141_161212	34409	54046	Erysipelatoclostridium	Erysipelatoclostridium ramosum
B25_12_months	k141_161265_phage600_4249_15275_15_0.61	11027	B25_12_months__290055_Faecalicatena_fissicatena__k141_161265	4250	15276	Faecalicatena	Faecalicatena fissicatena
B25_12_months	k141_161320_1_checkv_1-43792/81327	43792	B25_12_months__40518_Ruminococcus_bromii__k141_161320	1	43792	Ruminococcus	Ruminococcus bromii
B25_12_months	k141_161409_phage642_57525_72355_15_0.7	14831	B25_12_months__1262885_Eubacterium_sp._CAG:248__k141_161409	57526	72356	Eubacterium	Eubacterium sp. CAG:248
B25_12_months	k141_161468	23114	B25_12_months__216816_Bifidobacterium_longum__k141_161468	1	23114	Bifidobacterium	Bifidobacterium longum
B25_12_months	k141_162977	14037	B25_12_months__40518_Ruminococcus_bromii__k141_162977	1	14037	Ruminococcus	Ruminococcus bromii
B25_12_months	k141_166381	31012	B25_12_months__39777_Veillonella_atypica__k141_166381	1	31012	Veillonella	Veillonella atypica
B25_12_months	k141_166585	31767	B25_12_months__33038_[Ruminococcus]_gnavus__k141_166585	1	31767	Mediterraneibacter	[Ruminococcus] gnavus
B25_12_months	k141_16716_phage1284_298_24785_35_0.74	24487	B25_12_months__290055_Faecalicatena_fissicatena__k141_16716	299	24785	Faecalicatena	Faecalicatena fissicatena
B25_12_months	k141_167737_phage55_3_13303_11_0.71	13301	B25_12_months__1287640_Anaerococcus_obesiensis__k141_167737	4	13304	Anaerococcus	Anaerococcus obesiensis
B25_12_months	k141_168005_phage148_1096_12135_11_0.68	11040	B25_12_months__28116_Bacteroides_ovatus__k141_168005	1097	12136	Bacteroides	Bacteroides ovatus
B25_12_months	k141_168005_phage149_18555_33086_17_0.64	14532	B25_12_months__28116_Bacteroides_ovatus__k141_168005	18556	33087	Bacteroides	Bacteroides ovatus
B25_12_months	k141_168570	20247	B25_12_months__1871006_Bacteroides_congonensis__k141_168570	1	20247	Bacteroides	Bacteroides congonensis
B25_12_months	k141_169053_1_checkv_6585-47722/47722	41138	B25_12_months__39777_Veillonella_atypica__k141_169053	6585	47722	Veillonella	Veillonella atypica
B25_12_months	k141_169687_1_checkv_32486-42857/60655	10372	B25_12_months__290055_Faecalicatena_fissicatena__k141_169687	32486	42857	Faecalicatena	Faecalicatena fissicatena
B25_12_months	k141_171814	17429	B25_12_months__33025_Phascolarctobacterium_faecium__k141_171814	1	17429	Phascolarctobacterium	Phascolarctobacterium faecium
B25_12_months	k141_173199	21424	B25_12_months__1660_Schaalia_odontolytica__k141_173199	1	21424	Schaalia	Schaalia odontolytica
B25_12_months	k141_176681_phage11_25943_38189_14_0.55	12247	B25_12_months__28117_Alistipes_putredinis__k141_176681	25944	38190	Alistipes	Alistipes putredinis
B25_12_months	k141_177657_phage195_3_12726_14_0.83	12724	B25_12_months__1776391_Romboutsia_timonensis__k141_177657	4	12727	Romboutsia	Romboutsia timonensis
B25_12_months	k141_17765_1_checkv_60943-93850/93850	32908	B25_12_months__47715_Lacticaseibacillus_rhamnosus__k141_17765	60943	93850	Lacticaseibacillus	Lacticaseibacillus rhamnosus
B25_12_months	k141_178074	42593	B25_12_months__1512_[Clostridium]_symbiosum__k141_178074	1	42593	Lachnoclostridium	[Clostridium] symbiosum
B25_12_months	k141_178718	40812	B25_12_months__820_Bacteroides_uniformis__k141_178718	1	40812	Bacteroides	Bacteroides uniformis
B25_12_months	k141_178924_phage410_1_13473_15_0.65	13473	B25_12_months__1287640_Anaerococcus_obesiensis__k141_178924	2	13474	Anaerococcus	Anaerococcus obesiensis
B25_12_months	k141_179007	13781	B25_12_months__1660_Schaalia_odontolytica__k141_179007	1	13781	Schaalia	Schaalia odontolytica
B25_12_months	k141_179530_phage557_47437_68730_16_0.6	21294	B25_12_months__1262885_Eubacterium_sp._CAG:248__k141_179530	47438	68731	Eubacterium	Eubacterium sp. CAG:248
B25_12_months	k141_179820	20891	B25_12_months__162156_uncultured_Bacteroides_sp.__k141_179820	1	20891	Bacteroides	uncultured Bacteroides sp.
B25_12_months	k141_1803_phage300_46404_89559_33_0.64	43156	B25_12_months__1547_Erysipelatoclostridium_ramosum__k141_1803	46405	89560	Erysipelatoclostridium	Erysipelatoclostridium ramosum
B25_12_months	k141_182809_phage1186_2_14445_26_0.85	14444	B25_12_months__1712675_Turicibacter_sp._H121__k141_182809	3	14446	Turicibacter	Turicibacter sp. H121
B25_12_months	k141_185438_phage1559_13464_24246_16_0.63	10783	B25_12_months__28025_Bifidobacterium_animalis__k141_185438	13465	24247	Bifidobacterium	Bifidobacterium animalis
B25_12_months	k141_19684_phage259_570_11439_14_0.88	10870	B25_12_months__261299_Intestinibacter_bartlettii__k141_19684	571	11440	Intestinibacter	Intestinibacter bartlettii
B25_12_months	k141_19931_1_checkv_6117-40523/80131	34407	B25_12_months__48296_Acinetobacter_pittii__k141_19931	6117	40523	Acinetobacter	Acinetobacter pittii
B25_12_months	k141_21580_1_checkv_16674-27963/49873	11290	B25_12_months__47715_Lacticaseibacillus_rhamnosus__k141_21580	16674	27963	Lacticaseibacillus	Lacticaseibacillus rhamnosus
B25_12_months	k141_23224	51504	B25_12_months__1547_Erysipelatoclostridium_ramosum__k141_23224	1	51504	Erysipelatoclostridium	Erysipelatoclostridium ramosum
B25_12_months	k141_24691	10189	B25_12_months__40545_Sutterella_wadsworthensis__k141_24691	1	10189	Sutterella	Sutterella wadsworthensis
B25_12_months	k141_25910	10904	B25_12_months__1128111_Veillonella_atypica__k141_25910	1	10904	Veillonella	Veillonella atypica
B25_12_months	k141_25952_1_checkv_75728-144424/207707	68697	B25_12_months__162156_uncultured_Bacteroides_sp.__k141_25952	75728	144424	Bacteroides	uncultured Bacteroides sp.
B25_12_months	k141_26040	43074	B25_12_months__39778_Veillonella_dispar__k141_26040	1	43074	Veillonella	Veillonella dispar
B25_12_months	k141_26987_1_checkv_195818-232394/278894	36577	B25_12_months__1262942_Roseburia_sp._CAG:182__k141_26987	195818	232394	Roseburia	Roseburia sp. CAG:182
B25_12_months	k141_27685	88035	B25_12_months__820_Bacteroides_uniformis__k141_27685	1	88035	Bacteroides	Bacteroides uniformis
B25_12_months	k141_27744	28067	B25_12_months__1660_Schaalia_odontolytica__k141_27744	1	28067	Schaalia	Schaalia odontolytica
B25_12_months	k141_30120	10994	B25_12_months__1550024_Ruthenibacterium_lactatiformans__k141_30120	1	10994	Ruthenibacterium	Ruthenibacterium lactatiformans
B25_12_months	k141_30183	13783	B25_12_months__35833_Bilophila_wadsworthia__k141_30183	1	13783	Bilophila	Bilophila wadsworthia
B25_12_months	k141_30332	16550	B25_12_months__1128111_Veillonella_atypica__k141_30332	1	16550	Veillonella	Veillonella atypica
B25_12_months	k141_30786	32497	B25_12_months__290055_Faecalicatena_fissicatena__k141_30786	1	32497	Faecalicatena	Faecalicatena fissicatena
B25_12_months	k141_31179_phage570_9244_25130_14_0.69	15887	B25_12_months__1574265_Akkermansia_sp._KLE1798__k141_31179	9245	25131	Akkermansia	Akkermansia sp. KLE1798
B25_12_months	k141_32483_phage814_12970_27620_17_0.55	14651	B25_12_months__1547_Erysipelatoclostridium_ramosum__k141_32483	12971	27621	Erysipelatoclostridium	Erysipelatoclostridium ramosum
B25_12_months	k141_32796	20719	B25_12_months__35833_Bilophila_wadsworthia__k141_32796	1	20719	Bilophila	Bilophila wadsworthia
B25_12_months	k141_34019_phage1082_18_12557_14_0.67	12540	B25_12_months__1776391_Romboutsia_timonensis__k141_34019	19	12558	Romboutsia	Romboutsia timonensis
B25_12_months	k141_3514_phage586_38076_50539_13_0.6	12464	B25_12_months__823_Parabacteroides_distasonis__k141_3514	38077	50540	Parabacteroides	Parabacteroides distasonis
B25_12_months	k141_35665_1_checkv_1-13404/33925	13404	B25_12_months__292800_Flavonifractor_plautii__k141_35665	1	13404	Flavonifractor	Flavonifractor plautii
B25_12_months	k141_37015_phage1564_3_15299_11_0.63	15297	B25_12_months__1776391_Romboutsia_timonensis__k141_37015	4	15300	Romboutsia	Romboutsia timonensis
B25_12_months	k141_39048	27537	B25_12_months__1712675_Turicibacter_sp._H121__k141_39048	1	27537	Turicibacter	Turicibacter sp. H121
B25_12_months	k141_40067	18107	B25_12_months__765821_uncultured_Blautia_sp.__k141_40067	1	18107	Blautia	uncultured Blautia sp.
B25_12_months	k141_41352_phage764_2_12367_18_0.74	12366	B25_12_months__290055_Faecalicatena_fissicatena__k141_41352	3	12368	Faecalicatena	Faecalicatena fissicatena
B25_12_months	k141_42845_phage1121_142605_163677_23_0.71	21073	B25_12_months__1351_Enterococcus_faecalis__k141_42845	142606	163678	Enterococcus	Enterococcus faecalis
B25_12_months	k141_42956_phage1139_1780_21789_24_0.56	20010	B25_12_months__2293016_Clostridium_sp._AF37-5__k141_42956	1781	21790	Clostridium	Clostridium sp. AF37-5
B25_12_months	k141_44011_1_checkv_87850-127517/127517	39668	B25_12_months__1841867_Phocea_massiliensis__k141_44011	87850	127517	Phocea	Phocea massiliensis
B25_12_months	k141_45640	42015	B25_12_months__2293024_Clostridium_sp._AM22-11AC__k141_45640	1	42015	Clostridium	Clostridium sp. AM22-11AC
B25_12_months	k141_47903_phage306_35627_56117_17_0.57	20491	B25_12_months__1547_Erysipelatoclostridium_ramosum__k141_47903	35628	56118	Erysipelatoclostridium	Erysipelatoclostridium ramosum
B25_12_months	k141_48752	18022	B25_12_months__562_Escherichia_coli__k141_48752	1	18022	Escherichia	Escherichia coli
B25_12_months	k141_49257_1_checkv_9035-46179/86467	37145	B25_12_months__1351_Enterococcus_faecalis__k141_49257	9035	46179	Enterococcus	Enterococcus faecalis
B25_12_months	k141_49661_1_checkv_101555-145625/539171	44071	B25_12_months__2293127_Roseburia_sp._AF12-17LB__k141_49661	101555	145625	Roseburia	Roseburia sp. AF12-17LB
B25_12_months	k141_50018_phage723_42691_56075_20_0.6	13385	B25_12_months__2293016_Clostridium_sp._AF37-5__k141_50018	42692	56076	Clostridium	Clostridium sp. AF37-5
B25_12_months	k141_51797	12271	B25_12_months__35833_Bilophila_wadsworthia__k141_51797	1	12271	Bilophila	Bilophila wadsworthia
B25_12_months	k141_5219	95552	B25_12_months__1574265_Akkermansia_sp._KLE1798__k141_5219	1	95552	Akkermansia	Akkermansia sp. KLE1798
B25_12_months	k141_5287_1_checkv_1-10572/101455	10572	B25_12_months__1550024_Ruthenibacterium_lactatiformans__k141_5287	1	10572	Ruthenibacterium	Ruthenibacterium lactatiformans
B25_12_months	k141_5423	13131	B25_12_months__358743_Enterocloster_citroniae__k141_5423	1	13131	Enterocloster	Enterocloster citroniae
B25_12_months	k141_54757	19159	B25_12_months__358743_Enterocloster_citroniae__k141_54757	1	19159	Enterocloster	Enterocloster citroniae
B25_12_months	k141_55359	26868	B25_12_months__3016680_Bifidobacterium_animalis__k141_55359	1	26868	Bifidobacterium	Bifidobacterium animalis
B25_12_months	k141_57234	60721	B25_12_months__28116_Bacteroides_ovatus__k141_57234	1	60721	Bacteroides	Bacteroides ovatus
B25_12_months	k141_57300_phage309_1_10043_22_0.75	10043	B25_12_months__1712675_Turicibacter_sp._H121__k141_57300	2	10044	Turicibacter	Turicibacter sp. H121
B25_12_months	k141_59471_phage712_7_32339_25_0.82	32333	B25_12_months__1547_Erysipelatoclostridium_ramosum__k141_59471	8	32340	Erysipelatoclostridium	Erysipelatoclostridium ramosum
B25_12_months	k141_5955_1_checkv_465590-480118/480118	14529	B25_12_months__33025_Phascolarctobacterium_faecium__k141_5955	465590	480118	Phascolarctobacterium	Phascolarctobacterium faecium
B25_12_months	k141_59579	24828	B25_12_months__512314_uncultured_Roseburia_sp.__k141_59579	1	24828	Roseburia	uncultured Roseburia sp.
B25_12_months	k141_61029	12557	B25_12_months__35833_Bilophila_wadsworthia__k141_61029	1	12557	Bilophila	Bilophila wadsworthia
B25_12_months	k141_61365	77467	B25_12_months__1512_[Clostridium]_symbiosum__k141_61365	1	77467	Lachnoclostridium	[Clostridium] symbiosum
B25_12_months	k141_61904_1_checkv_1-15682/28125	15682	B25_12_months__820_Bacteroides_uniformis__k141_61904	1	15682	Bacteroides	Bacteroides uniformis
B25_12_months	k141_62162_phage1131_3_16373_17_0.86	16371	B25_12_months__261299_Intestinibacter_bartlettii__k141_62162	4	16374	Intestinibacter	Intestinibacter bartlettii
B25_12_months	k141_63424	27332	B25_12_months__33038_[Ruminococcus]_gnavus__k141_63424	1	27332	Mediterraneibacter	[Ruminococcus] gnavus
B25_12_months	k141_63872_1_checkv_34735-70050/71217	35316	B25_12_months__562_Escherichia_coli__k141_63872	34735	70050	Escherichia	Escherichia coli
B25_12_months	k141_64271_1_checkv_8998-57592/183741	48595	B25_12_months__162156_uncultured_Bacteroides_sp.__k141_64271	8998	57592	Bacteroides	uncultured Bacteroides sp.
B25_12_months	k141_64405	32626	B25_12_months__292800_Flavonifractor_plautii__k141_64405	1	32626	Flavonifractor	Flavonifractor plautii
B25_12_months	k141_65574_phage89_27686_43095_10_0.58	15410	B25_12_months__84112_Eggerthella_lenta__k141_65574	27687	43096	Eggerthella	Eggerthella lenta
B25_12_months	k141_67644_1_checkv_15267-38775/38775	23509	B25_12_months__1841867_Phocea_massiliensis__k141_67644	15267	38775	Phocea	Phocea massiliensis
B25_12_months	k141_67944	38546	B25_12_months__84112_Eggerthella_lenta__k141_67944	1	38546	Eggerthella	Eggerthella lenta
B25_12_months	k141_68675	14610	B25_12_months__28116_Bacteroides_ovatus__k141_68675	1	14610	Bacteroides	Bacteroides ovatus
B25_12_months	k141_69993_phage920_3_12489_15_0.64	12487	B25_12_months__261299_Intestinibacter_bartlettii__k141_69993	4	12490	Intestinibacter	Intestinibacter bartlettii
B25_12_months	k141_7314_1_checkv_13155-50772/50772	37618	B25_12_months__40518_Ruminococcus_bromii__k141_7314	13155	50772	Ruminococcus	Ruminococcus bromii
B25_12_months	k141_73505	76988	B25_12_months__3016596_Klebsiella_oxytoca__k141_73505	1	76988	Klebsiella	Klebsiella oxytoca
B25_12_months	k141_73937	24141	B25_12_months__1660_Schaalia_odontolytica__k141_73937	1	24141	Schaalia	Schaalia odontolytica
B25_12_months	k141_77293_1_checkv_46725-63079/63079	16355	B25_12_months__48296_Acinetobacter_pittii__k141_77293	46725	63079	Acinetobacter	Acinetobacter pittii
B25_12_months	k141_78411_phage789_3_11835_22_0.82	11833	B25_12_months__1871006_Bacteroides_congonensis__k141_78411	4	11836	Bacteroides	Bacteroides congonensis
B25_12_months	k141_78903_phage908_3_16312_18_0.8	16310	B25_12_months__1776391_Romboutsia_timonensis__k141_78903	4	16313	Romboutsia	Romboutsia timonensis
B25_12_months	k141_79252_phage994_16785_27123_15_0.55	10338	B25_12_months__292800_Flavonifractor_plautii__k141_79252	16786	27123	Flavonifractor	Flavonifractor plautii
B25_12_months	k141_79628_1_checkv_1-32688/36719	32688	B25_12_months__562_Escherichia_coli__k141_79628	1	32688	Escherichia	Escherichia coli
B25_12_months	k141_80410_phage1192_1_17249_11_0.55	17249	B25_12_months__1547_Erysipelatoclostridium_ramosum__k141_80410	2	17250	Erysipelatoclostridium	Erysipelatoclostridium ramosum
B25_12_months	k141_81588	12122	B25_12_months__1287640_Anaerococcus_obesiensis__k141_81588	1	12122	Anaerococcus	Anaerococcus obesiensis
B25_12_months	k141_8535_1_checkv_1-56920/59723	56920	B25_12_months__48296_Acinetobacter_pittii__k141_8535	1	56920	Acinetobacter	Acinetobacter pittii
B25_12_months	k141_85942_phage496_2_17727_16_0.6	17726	B25_12_months__261299_Intestinibacter_bartlettii__k141_85942	3	17728	Intestinibacter	Intestinibacter bartlettii
B25_12_months	k141_86887_1_checkv_5505-31456/117980	25952	B25_12_months__1574265_Akkermansia_sp._KLE1798__k141_86887	5505	31456	Akkermansia	Akkermansia sp. KLE1798
B25_12_months	k141_87245_1_checkv_62947-82951/82951	20005	B25_12_months__1262885_Eubacterium_sp._CAG:248__k141_87245	62947	82951	Eubacterium	Eubacterium sp. CAG:248
B25_12_months	k141_87533_1_checkv_44540-87497/102681	42958	B25_12_months__765821_uncultured_Blautia_sp.__k141_87533	44540	87497	Blautia	uncultured Blautia sp.
B25_12_months	k141_88999_phage1183_837_15300_11_0.6	14464	B25_12_months__435842_Streptococcus_sp._C150__k141_88999	838	15301	Streptococcus	Streptococcus sp. C150
B25_12_months	k141_90960	30828	B25_12_months__39778_Veillonella_dispar__k141_90960	1	30828	Veillonella	Veillonella dispar
B25_12_months	k141_91198	30038	B25_12_months__817_Bacteroides_fragilis__k141_91198	1	30038	Bacteroides	Bacteroides fragilis
B25_12_months	k141_93477_phage197_55304_69395_12_0.66	14092	B25_12_months__1262885_Eubacterium_sp._CAG:248__k141_93477	55305	69396	Eubacterium	Eubacterium sp. CAG:248
B25_12_months	k141_93571_phage209_213_18908_19_0.71	18696	B25_12_months__1776391_Romboutsia_timonensis__k141_93571	214	18909	Romboutsia	Romboutsia timonensis
B25_12_months	k141_94454_1_checkv_19273-59774/63134	40502	B25_12_months__39777_Veillonella_atypica__k141_94454	19273	59774	Veillonella	Veillonella atypica
B25_12_months	k141_95193_1_checkv_53914-89759/180735	35846	B25_12_months__33025_Phascolarctobacterium_faecium__k141_95193	53914	89759	Phascolarctobacterium	Phascolarctobacterium faecium
B25_12_months	k141_96529_phage861_220_38998_37_0.8	38779	B25_12_months__84112_Eggerthella_lenta__k141_96529	221	38999	Eggerthella	Eggerthella lenta
B25_12_months	k141_96961	11342	B25_12_months__33038_[Ruminococcus]_gnavus__k141_96961	1	11342	Mediterraneibacter	[Ruminococcus] gnavus
B25_12_months	k141_98271	57619	B25_12_months__162156_uncultured_Bacteroides_sp.__k141_98271	1	57619	Bacteroides	uncultured Bacteroides sp.
B25_12_months	k141_9847_phage100_8450_23725_23_0.57	15276	B25_12_months__162156_uncultured_Bacteroides_sp.__k141_9847	8451	23726	Bacteroides	uncultured Bacteroides sp.
B26_12_months	k141_10136_1_checkv_44800-88043/113136	43244	B26_12_months__301301_Roseburia_hominis__k141_10136	44800	88043	Roseburia	Roseburia hominis
B26_12_months	k141_10346	45307	B26_12_months__35833_Bilophila_wadsworthia__k141_10346	1	45307	Bilophila	Bilophila wadsworthia
B26_12_months	k141_11073	15077	B26_12_months__33038_[Ruminococcus]_gnavus__k141_11073	1	15077	Mediterraneibacter	[Ruminococcus] gnavus
B26_12_months	k141_13718	31979	B26_12_months__301301_Roseburia_hominis__k141_13718	1	31979	Roseburia	Roseburia hominis
B26_12_months	k141_13758_1_checkv_1-11887/66127	11887	B26_12_months__745368_Gemmiger_formicilis__k141_13758	1	11887	Gemmiger	Gemmiger formicilis
B26_12_months	k141_14015_1_checkv_1-13076/20060	13076	B26_12_months__166486_Roseburia_intestinalis__k141_14015	1	13076	Roseburia	Roseburia intestinalis
B26_12_months	k141_14419	10866	B26_12_months__35833_Bilophila_wadsworthia__k141_14419	1	10866	Bilophila	Bilophila wadsworthia
B26_12_months	k141_14865	15243	B26_12_months__1965544_Flavonifractor_sp._An112__k141_14865	1	15243	Flavonifractor	Flavonifractor sp. An112
B26_12_months	k141_15767_1_checkv_28000-63452/104347	35453	B26_12_months__28117_Alistipes_putredinis__k141_15767	28000	63452	Alistipes	Alistipes putredinis
B26_12_months	k141_17158_phage674_3_15123_31_0.77	15121	B26_12_months__736_Haemophilus_paraphrohaemolyticus__k141_17158	4	15124	Haemophilus	Haemophilus paraphrohaemolyticus
B26_12_months	k141_20659_phage298_270_12411_18_0.74	12141	B26_12_months__1547_Erysipelatoclostridium_ramosum__k141_20659	271	12411	Erysipelatoclostridium	Erysipelatoclostridium ramosum
B26_12_months	k141_22142_phage473_266_16371_22_0.68	16106	B26_12_months__29361_Tyzzerella_nexilis__k141_22142	267	16372	Tyzzerella	Tyzzerella nexilis
B26_12_months	k141_2264	39823	B26_12_months__360807_Roseburia_inulinivorans__k141_2264	1	39823	Roseburia	Roseburia inulinivorans
B26_12_months	k141_23943_phage720_45278_71644_31_0.67	26367	B26_12_months__1547_Erysipelatoclostridium_ramosum__k141_23943	45279	71645	Erysipelatoclostridium	Erysipelatoclostridium ramosum
B26_12_months	k141_24212	10413	B26_12_months__1078480_Haemophilus_sputorum__k141_24212	1	10413	Haemophilus	Haemophilus sputorum
B26_12_months	k141_24228_1_checkv_9982-49225/64862	39244	B26_12_months__1547_Erysipelatoclostridium_ramosum__k141_24228	9982	49225	Erysipelatoclostridium	Erysipelatoclostridium ramosum
B26_12_months	k141_24371	28307	B26_12_months__84112_Eggerthella_lenta__k141_24371	1	28307	Eggerthella	Eggerthella lenta
B26_12_months	k141_2475_1_checkv_30054-54607/131205	24554	B26_12_months__239935_Akkermansia_muciniphila__k141_2475	30054	54607	Akkermansia	Akkermansia muciniphila
B26_12_months	k141_25211_phage44_45750_81468_21_0.58	35719	B26_12_months__1547_Erysipelatoclostridium_ramosum__k141_25211	45751	81469	Erysipelatoclostridium	Erysipelatoclostridium ramosum
B26_12_months	k141_28243	74746	B26_12_months__1414721_Clostridium_jeddahense__k141_28243	1	74746	Clostridium	Clostridium jeddahense
B26_12_months	k141_30723	84772	B26_12_months__166486_Roseburia_intestinalis__k141_30723	1	84772	Roseburia	Roseburia intestinalis
B26_12_months	k141_30982_1_checkv_28620-74663/74663	46044	B26_12_months__1262889_Eubacterium_sp._CAG:38__k141_30982	28620	74663	Eubacterium	Eubacterium sp. CAG:38
B26_12_months	k141_31701	12918	B26_12_months__39777_Veillonella_atypica__k141_31701	1	12918	Veillonella	Veillonella atypica
B26_12_months	k141_32003_1_checkv_111539-122860/122860	11322	B26_12_months__46503_Parabacteroides_merdae__k141_32003	111539	122860	Parabacteroides	Parabacteroides merdae
B26_12_months	k141_32184_1_checkv_35019-68635/68635	33617	B26_12_months__105841_Anaerostipes_caccae__k141_32184	35019	68635	Anaerostipes	Anaerostipes caccae
B26_12_months	k141_33680	11304	B26_12_months__1078480_Haemophilus_sputorum__k141_33680	1	11304	Haemophilus	Haemophilus sputorum
B26_12_months	k141_34054_1_checkv_33756-49566/53850	15811	B26_12_months__47715_Lacticaseibacillus_rhamnosus__k141_34054	33756	49566	Lacticaseibacillus	Lacticaseibacillus rhamnosus
B26_12_months	k141_35242	17436	B26_12_months__1353_Enterococcus_gallinarum__k141_35242	1	17436	Enterococcus	Enterococcus gallinarum
B26_12_months	k141_35470	11573	B26_12_months__1965544_Flavonifractor_sp._An112__k141_35470	1	11573	Flavonifractor	Flavonifractor sp. An112
B26_12_months	k141_35826_phage689_2_11309_17_0.56	11308	B26_12_months__1965544_Flavonifractor_sp._An112__k141_35826	3	11310	Flavonifractor	Flavonifractor sp. An112
B26_12_months	k141_36602	55115	B26_12_months__46503_Parabacteroides_merdae__k141_36602	1	55115	Parabacteroides	Parabacteroides merdae
B26_12_months	k141_37058_phage849_21418_35148_16_0.58	13731	B26_12_months__1547_Erysipelatoclostridium_ramosum__k141_37058	21419	35149	Erysipelatoclostridium	Erysipelatoclostridium ramosum
B26_12_months	k141_38068	24893	B26_12_months__33038_[Ruminococcus]_gnavus__k141_38068	1	24893	Mediterraneibacter	[Ruminococcus] gnavus
B26_12_months	k141_39122_1_checkv_1-14995/26491	14995	B26_12_months__35833_Bilophila_wadsworthia__k141_39122	1	14995	Bilophila	Bilophila wadsworthia
B26_12_months	k141_4121_phage540_3_16630_14_0.85	16628	B26_12_months__47715_Lacticaseibacillus_rhamnosus__k141_4121	4	16631	Lacticaseibacillus	Lacticaseibacillus rhamnosus
B26_12_months	k141_44211	12069	B26_12_months__736_Haemophilus_paraphrohaemolyticus__k141_44211	1	12069	Haemophilus	Haemophilus paraphrohaemolyticus
B26_12_months	k141_45066	25155	B26_12_months__105841_Anaerostipes_caccae__k141_45066	1	25155	Anaerostipes	Anaerostipes caccae
B26_12_months	k141_45883_phage349_365_13927_21_0.85	13563	B26_12_months__736_Haemophilus_paraphrohaemolyticus__k141_45883	366	13928	Haemophilus	Haemophilus paraphrohaemolyticus
B26_12_months	k141_48051	40537	B26_12_months__360807_Roseburia_inulinivorans__k141_48051	1	40537	Roseburia	Roseburia inulinivorans
B26_12_months	k141_48147	29208	B26_12_months__1160721_Ruminococcus_bicirculans__k141_48147	1	29208	Ruminococcus	Ruminococcus bicirculans
B26_12_months	k141_48256	10179	B26_12_months__1965544_Flavonifractor_sp._An112__k141_48256	1	10179	Flavonifractor	Flavonifractor sp. An112
B26_12_months	k141_48292	13478	B26_12_months__1544_Faecalicatena_orotica__k141_48292	1	13478	Faecalicatena	Faecalicatena orotica
B26_12_months	k141_4832_phage657_77_13020_17_0.59	12944	B26_12_months__1262889_Eubacterium_sp._CAG:38__k141_4832	78	13021	Eubacterium	Eubacterium sp. CAG:38
B26_12_months	k141_48710	10642	B26_12_months__301301_Roseburia_hominis__k141_48710	1	10642	Roseburia	Roseburia hominis
B26_12_months	k141_49016	13453	B26_12_months__46503_Parabacteroides_merdae__k141_49016	1	13453	Parabacteroides	Parabacteroides merdae
B26_12_months	k141_49292_1_checkv_25006-56622/191732	31617	B26_12_months__84112_Eggerthella_lenta__k141_49292	25006	56622	Eggerthella	Eggerthella lenta
B26_12_months	k141_49309	27883	B26_12_months__105841_Anaerostipes_caccae__k141_49309	1	27883	Anaerostipes	Anaerostipes caccae
B26_12_months	k141_49416	65131	B26_12_months__46503_Parabacteroides_merdae__k141_49416	1	65131	Parabacteroides	Parabacteroides merdae
B26_12_months	k141_49992_phage863_21246_45057_16_0.62	23812	B26_12_months__1160721_Ruminococcus_bicirculans__k141_49992	21247	45058	Ruminococcus	Ruminococcus bicirculans
B26_12_months	k141_50832_1_checkv_99014-153967/239457	54954	B26_12_months__28117_Alistipes_putredinis__k141_50832	99014	153967	Alistipes	Alistipes putredinis
B26_12_months	k141_51768_1_checkv_79753-119304/139633	39552	B26_12_months__1414721_Clostridium_jeddahense__k141_51768	79753	119304	Clostridium	Clostridium jeddahense
B26_12_months	k141_5247	23398	B26_12_months__35833_Bilophila_wadsworthia__k141_5247	1	23398	Bilophila	Bilophila wadsworthia
B26_12_months	k141_5274_1_checkv_22407-34731/34731	12325	B26_12_months__1353_Enterococcus_gallinarum__k141_5274	22407	34731	Enterococcus	Enterococcus gallinarum
B26_12_months	k141_53067_phage439_42125_55549_18_0.58	13425	B26_12_months__1544_Faecalicatena_orotica__k141_53067	42126	55550	Faecalicatena	Faecalicatena orotica
B26_12_months	k141_53548_1_checkv_223676-243602/243602	19927	B26_12_months__28117_Alistipes_putredinis__k141_53548	223676	243602	Alistipes	Alistipes putredinis
B26_12_months	k141_54853	12640	B26_12_months__1965544_Flavonifractor_sp._An112__k141_54853	1	12640	Flavonifractor	Flavonifractor sp. An112
B26_12_months	k141_57416	14260	B26_12_months__1078480_Haemophilus_sputorum__k141_57416	1	14260	Haemophilus	Haemophilus sputorum
B26_12_months	k141_58341_1_checkv_27813-42718/42718	14906	B26_12_months__39777_Veillonella_atypica__k141_58341	27813	42718	Veillonella	Veillonella atypica
B26_12_months	k141_58771_phage378_198_23557_22_0.65	23360	B26_12_months__1353_Enterococcus_gallinarum__k141_58771	199	23558	Enterococcus	Enterococcus gallinarum
B26_12_months	k141_59126_1_checkv_35802-51074/51074	15273	B26_12_months__47715_Lacticaseibacillus_rhamnosus__k141_59126	35802	51074	Lacticaseibacillus	Lacticaseibacillus rhamnosus
B26_12_months	k141_5915_phage814_286_14805_19_0.62	14520	B26_12_months__1547_Erysipelatoclostridium_ramosum__k141_5915	287	14806	Erysipelatoclostridium	Erysipelatoclostridium ramosum
B26_12_months	k141_60623	17781	B26_12_months__47715_Lacticaseibacillus_rhamnosus__k141_60623	1	17781	Lacticaseibacillus	Lacticaseibacillus rhamnosus
B26_12_months	k141_6066_1_checkv_42787-58858/58858	16072	B26_12_months__1544_Faecalicatena_orotica__k141_6066	42787	58858	Faecalicatena	Faecalicatena orotica
B26_12_months	k141_64233_phage290_129584_146646_18_0.7	17063	B26_12_months__1547_Erysipelatoclostridium_ramosum__k141_64233	129585	146647	Erysipelatoclostridium	Erysipelatoclostridium ramosum
B26_12_months	k141_64258_phage310_70824_112291_29_0.52	41468	B26_12_months__28117_Alistipes_putredinis__k141_64258	70825	112292	Alistipes	Alistipes putredinis
B26_12_months	k141_6482_phage35_2_13175_19_0.71	13174	B26_12_months__736_Haemophilus_paraphrohaemolyticus__k141_6482	3	13176	Haemophilus	Haemophilus paraphrohaemolyticus
B26_12_months	k141_64951	42960	B26_12_months__29361_Tyzzerella_nexilis__k141_64951	1	42960	Tyzzerella	Tyzzerella nexilis
B26_12_months	k141_65621	21688	B26_12_months__745368_Gemmiger_formicilis__k141_65621	1	21688	Gemmiger	Gemmiger formicilis
B26_12_months	k141_65705_1_checkv_24713-59942/79824	35230	B26_12_months__745368_Gemmiger_formicilis__k141_65705	24713	59942	Gemmiger	Gemmiger formicilis
B26_12_months	k141_67633_1_checkv_52990-93628/93628	40639	B26_12_months__239935_Akkermansia_muciniphila__k141_67633	52990	93628	Akkermansia	Akkermansia muciniphila
B26_12_months	k141_69416_1_checkv_4115-57285/177350	53171	B26_12_months__46503_Parabacteroides_merdae__k141_69416	4115	57285	Parabacteroides	Parabacteroides merdae
B26_12_months	k141_70804	27581	B26_12_months__292800_Flavonifractor_plautii__k141_70804	1	27581	Flavonifractor	Flavonifractor plautii
B26_12_months	k141_72923_1_checkv_69220-107930/133786	38711	B26_12_months__1353_Enterococcus_gallinarum__k141_72923	69220	107930	Enterococcus	Enterococcus gallinarum
B26_12_months	k141_73240_1_checkv_69455-118874/232576	49420	B26_12_months__40518_Ruminococcus_bromii__k141_73240	69455	118874	Ruminococcus	Ruminococcus bromii
B26_12_months	k141_73817_phage799_24738_50742_27_0.54	26005	B26_12_months__292800_Flavonifractor_plautii__k141_73817	24739	50743	Flavonifractor	Flavonifractor plautii
B26_12_months	k141_74154_phage852_69015_86547_21_0.56	17533	B26_12_months__1946717_Lachnospira_sp._UBA3790__k141_74154	69016	86548	Lachnospira	Lachnospira sp. UBA3790
B26_12_months	k141_74233_1_checkv_1-34719/58065	34719	B26_12_months__84112_Eggerthella_lenta__k141_74233	1	34719	Eggerthella	Eggerthella lenta
B26_12_months	k141_7520_1_checkv_12616-35917/35917	23302	B26_12_months__1160721_Ruminococcus_bicirculans__k141_7520	12616	35917	Ruminococcus	Ruminococcus bicirculans
B26_12_months	k141_75481	13686	B26_12_months__40518_Ruminococcus_bromii__k141_75481	1	13686	Ruminococcus	Ruminococcus bromii
B26_12_months	k141_75640_1_checkv_137061-184800/244812	47740	B26_12_months__46503_Parabacteroides_merdae__k141_75640	137061	184800	Parabacteroides	Parabacteroides merdae
B26_12_months	k141_75859	27960	B26_12_months__360807_Roseburia_inulinivorans__k141_75859	1	27960	Roseburia	Roseburia inulinivorans
B26_12_months	k141_76977_phage248_9675_21127_12_0.69	11453	B26_12_months__1946717_Lachnospira_sp._UBA3790__k141_76977	9676	21128	Lachnospira	Lachnospira sp. UBA3790
B26_12_months	k141_77182_phage271_2_15324_18_0.73	15323	B26_12_months__39777_Veillonella_atypica__k141_77182	3	15325	Veillonella	Veillonella atypica
B26_12_months	k141_77695	29470	B26_12_months__29361_Tyzzerella_nexilis__k141_77695	1	29470	Tyzzerella	Tyzzerella nexilis
B26_12_months	k141_78206	41828	B26_12_months__35833_Bilophila_wadsworthia__k141_78206	1	41828	Bilophila	Bilophila wadsworthia
B26_12_months	k141_79048	16342	B26_12_months__1522_[Clostridium]_innocuum__k141_79048	1	16342	Erysipelatoclostridium	[Clostridium] innocuum
B26_12_months	k141_79593_phage611_17674_38106_16_0.78	20433	B26_12_months__1522_[Clostridium]_innocuum__k141_79593	17675	38107	Erysipelatoclostridium	[Clostridium] innocuum
B26_12_months	k141_8021_phage276_266_10777_21_0.8	10512	B26_12_months__736_Haemophilus_paraphrohaemolyticus__k141_8021	267	10778	Haemophilus	Haemophilus paraphrohaemolyticus
B26_12_months	k141_80479_phage757_24696_39132_16_0.6	14437	B26_12_months__1547_Erysipelatoclostridium_ramosum__k141_80479	24697	39133	Erysipelatoclostridium	Erysipelatoclostridium ramosum
B26_12_months	k141_80628	88948	B26_12_months__40518_Ruminococcus_bromii__k141_80628	1	88948	Ruminococcus	Ruminococcus bromii
B26_12_months	k141_80685_phage783_1_12193_12_0.72	12193	B26_12_months__706562_Lactobacillus_rogosae__k141_80685	2	12194	Lactobacillus	Lactobacillus rogosae
B26_12_months	k141_82188_phage158_34519_44600_11_0.5	10082	B26_12_months__1547_Erysipelatoclostridium_ramosum__k141_82188	34520	44601	Erysipelatoclostridium	Erysipelatoclostridium ramosum
B26_12_months	k141_82188_phage159_58002_68189_13_0.63	10188	B26_12_months__1547_Erysipelatoclostridium_ramosum__k141_82188	58003	68190	Erysipelatoclostridium	Erysipelatoclostridium ramosum
B26_12_months	k141_83922_1_checkv_17351-29061/41774	11711	B26_12_months__1414721_Clostridium_jeddahense__k141_83922	17351	29061	Clostridium	Clostridium jeddahense
B26_12_months	k141_84965_phage530_13329_33813_21_0.55	20485	B26_12_months__1262889_Eubacterium_sp._CAG:38__k141_84965	13330	33814	Eubacterium	Eubacterium sp. CAG:38
B26_12_months	k141_85483_phage612_354_14073_12_0.51	13720	B26_12_months__105841_Anaerostipes_caccae__k141_85483	355	14074	Anaerostipes	Anaerostipes caccae
B26_12_months	k141_86161_1_checkv_1-14731/19659	14731	B26_12_months__39777_Veillonella_atypica__k141_86161	1	14731	Veillonella	Veillonella atypica
B26_12_months	k141_86413_phage699_2_18613_22_0.75	18612	B26_12_months__39777_Veillonella_atypica__k141_86413	3	18614	Veillonella	Veillonella atypica
B26_12_months	k141_88073_phage124_166_22555_28_0.67	22390	B26_12_months__35833_Bilophila_wadsworthia__k141_88073	167	22556	Bilophila	Bilophila wadsworthia
B26_12_months	k141_88092_phage133_31587_59852_22_0.49	28266	B26_12_months__1547_Erysipelatoclostridium_ramosum__k141_88092	31588	59853	Erysipelatoclostridium	Erysipelatoclostridium ramosum
B26_12_months	k141_8885	11931	B26_12_months__35833_Bilophila_wadsworthia__k141_8885	1	11931	Bilophila	Bilophila wadsworthia
B26_12_months	k141_90463_phage410_4350_37682_33_0.65	33333	B26_12_months__1547_Erysipelatoclostridium_ramosum__k141_90463	4351	37683	Erysipelatoclostridium	Erysipelatoclostridium ramosum
B26_12_months	k141_91233_phage535_277_36655_46_0.81	36379	B26_12_months__423477_Veillonella_rogosae__k141_91233	278	36656	Veillonella	Veillonella rogosae
B26_12_months	k141_91793_1_checkv_40960-81756/146476	40797	B26_12_months__105841_Anaerostipes_caccae__k141_91793	40960	81756	Anaerostipes	Anaerostipes caccae
B26_12_months	k141_92314	20999	B26_12_months__35833_Bilophila_wadsworthia__k141_92314	1	20999	Bilophila	Bilophila wadsworthia
B26_12_months	k141_92578_phage723_29333_67095_34_0.65	37763	B26_12_months__46503_Parabacteroides_merdae__k141_92578	29334	67096	Parabacteroides	Parabacteroides merdae
B26_12_months	k141_92578_phage724_75677_93709_15_0.68	18033	B26_12_months__46503_Parabacteroides_merdae__k141_92578	75678	93710	Parabacteroides	Parabacteroides merdae
B26_12_months	k141_94159_phage58_349_43921_36_0.64	43573	B26_12_months__1160721_Ruminococcus_bicirculans__k141_94159	350	43922	Ruminococcus	Ruminococcus bicirculans
B26_12_months	k141_94865_phage196_64183_109635_27_0.58	45453	B26_12_months__1946717_Lachnospira_sp._UBA3790__k141_94865	64184	109636	Lachnospira	Lachnospira sp. UBA3790
B26_12_months	k141_9497_1_checkv_28825-82493/165895	53669	B26_12_months__301301_Roseburia_hominis__k141_9497	28825	82493	Roseburia	Roseburia hominis
B26_12_months	k141_9525	28662	B26_12_months__216816_Bifidobacterium_longum__k141_9525	1	28662	Bifidobacterium	Bifidobacterium longum
B26_12_months	k141_97046	37405	B26_12_months__3016592_Faecalicatena_orotica__k141_97046	1	37405	Faecalicatena	Faecalicatena orotica
B26_12_months	k141_9975_phage573_10095_21193_10_0.51	11099	B26_12_months__39485_Lachnospira_eligens__k141_9975	10096	21194	Lachnospira	Lachnospira eligens
B26_6_months	k141_10219_1_checkv_2896-26536/84024	23641	B26_6_months__3016596_Klebsiella_oxytoca__k141_10219	2896	26536	Klebsiella	Klebsiella oxytoca
B26_6_months	k141_10248	10314	B26_6_months__47715_Lacticaseibacillus_rhamnosus__k141_10248	1	10314	Lacticaseibacillus	Lacticaseibacillus rhamnosus
B26_6_months	k141_10531	26494	B26_6_months__137838_Clostridium_neonatale__k141_10531	1	26494	Clostridium	Clostridium neonatale
B26_6_months	k141_10802_phage147_8497_41231_37_0.6	32735	B26_6_months__1502_Clostridium_perfringens__k141_10802	8498	41232	Clostridium	Clostridium perfringens
B26_6_months	k141_10835	14543	B26_6_months__3013372_Prevotella_bivia__k141_10835	1	14543	Prevotella	Prevotella bivia
B26_6_months	k141_10845_1_checkv_84864-130244/130244	45381	B26_6_months__244366_Klebsiella_variicola__k141_10845	84864	130244	Klebsiella	Klebsiella variicola
B26_6_months	k141_10915_phage205_1_25337_18_0.64	25337	B26_6_months__1502_Clostridium_perfringens__k141_10915	2	25338	Clostridium	Clostridium perfringens
B26_6_months	k141_11274	35114	B26_6_months__1502_Clostridium_perfringens__k141_11274	1	35114	Clostridium	Clostridium perfringens
B26_6_months	k141_11281_1_checkv_36177-71493/125362	35317	B26_6_months__562_Escherichia_coli__k141_11281	36177	71493	Escherichia	Escherichia coli
B26_6_months	k141_11372_phage436_8306_24609_14_0.59	16304	B26_6_months__59620_uncultured_Clostridium_sp.__k141_11372	8307	24610	Clostridium	uncultured Clostridium sp.
B26_6_months	k141_1170_phage11_262_13231_14_0.62	12970	B26_6_months__137838_Clostridium_neonatale__k141_1170	263	13232	Clostridium	Clostridium neonatale
B26_6_months	k141_11715	14813	B26_6_months__1639133_Citrobacter_portucalensis__k141_11715	1	14813	Citrobacter	Citrobacter portucalensis
B26_6_months	k141_11852_1_checkv_1-15582/29253	15582	B26_6_months__59620_uncultured_Clostridium_sp.__k141_11852	1	15582	Clostridium	uncultured Clostridium sp.
B26_6_months	k141_11869	10784	B26_6_months__59620_uncultured_Clostridium_sp.__k141_11869	1	10784	Clostridium	uncultured Clostridium sp.
B26_6_months	k141_12212_phage248_167_30029_32_0.71	29863	B26_6_months__137838_Clostridium_neonatale__k141_12212	168	30030	Clostridium	Clostridium neonatale
B26_6_months	k141_12503_phage395_39742_50965_11_0.7	11224	B26_6_months__137838_Clostridium_neonatale__k141_12503	39743	50966	Clostridium	Clostridium neonatale
B26_6_months	k141_12851	17908	B26_6_months__1639133_Citrobacter_portucalensis__k141_12851	1	17908	Citrobacter	Citrobacter portucalensis
B26_6_months	k141_13588	24989	B26_6_months__137838_Clostridium_neonatale__k141_13588	1	24989	Clostridium	Clostridium neonatale
B26_6_months	k141_1403	15590	B26_6_months__39777_Veillonella_atypica__k141_1403	1	15590	Veillonella	Veillonella atypica
B26_6_months	k141_14034	11575	B26_6_months__28125_Prevotella_bivia__k141_14034	1	11575	Prevotella	Prevotella bivia
B26_6_months	k141_14572	10445	B26_6_months__1639133_Citrobacter_portucalensis__k141_14572	1	10445	Citrobacter	Citrobacter portucalensis
B26_6_months	k141_14671_phage246_1_17592_28_0.79	17592	B26_6_months__1502_Clostridium_perfringens__k141_14671	2	17593	Clostridium	Clostridium perfringens
B26_6_months	k141_15034	15119	B26_6_months__29466_Veillonella_parvula__k141_15034	1	15119	Veillonella	Veillonella parvula
B26_6_months	k141_15394	39964	B26_6_months__47715_Lacticaseibacillus_rhamnosus__k141_15394	1	39964	Lacticaseibacillus	Lacticaseibacillus rhamnosus
B26_6_months	k141_15835_1_checkv_5527-32105/32105	26579	B26_6_months__1502_Clostridium_perfringens__k141_15835	5527	32105	Clostridium	Clostridium perfringens
B26_6_months	k141_15861_phage274_39955_54087_15_0.63	14133	B26_6_months__1502_Clostridium_perfringens__k141_15861	39956	54088	Clostridium	Clostridium perfringens
B26_6_months	k141_15927	14224	B26_6_months__1502_Clostridium_perfringens__k141_15927	1	14224	Clostridium	Clostridium perfringens
B26_6_months	k141_15958_phage346_2_55775_93_0.83	55773	B26_6_months__1502_Clostridium_perfringens__k141_15958	3	55775	Clostridium	Clostridium perfringens
B26_6_months	k141_16289	29627	B26_6_months__244366_Klebsiella_variicola__k141_16289	1	29627	Klebsiella	Klebsiella variicola
B26_6_months	k141_16417_phage68_75794_100926_16_0.62	25133	B26_6_months__137838_Clostridium_neonatale__k141_16417	75795	100927	Clostridium	Clostridium neonatale
B26_6_months	k141_16655_phage173_2396_15169_22_0.86	12773	B26_6_months__137838_Clostridium_neonatale__k141_16655	2397	15169	Clostridium	Clostridium neonatale
B26_6_months	k141_16878	16481	B26_6_months__29466_Veillonella_parvula__k141_16878	1	16481	Veillonella	Veillonella parvula
B26_6_months	k141_17358_phage428_646_12281_13_0.59	11636	B26_6_months__1985876_Escherichia_sp._ESNIH1__k141_17358	647	12282	Escherichia	Escherichia sp. ESNIH1
B26_6_months	k141_1748	16105	B26_6_months__39777_Veillonella_atypica__k141_1748	1	16105	Veillonella	Veillonella atypica
B26_6_months	k141_17518_phage29_7216_25170_19_0.7	17955	B26_6_months__39777_Veillonella_atypica__k141_17518	7217	25171	Veillonella	Veillonella atypica
B26_6_months	k141_17536_phage36_33936_58321_23_0.59	24386	B26_6_months__1502_Clostridium_perfringens__k141_17536	33937	58322	Clostridium	Clostridium perfringens
B26_6_months	k141_17798_phage163_23846_36292_17_0.82	12447	B26_6_months__137838_Clostridium_neonatale__k141_17798	23847	36293	Clostridium	Clostridium neonatale
B26_6_months	k141_17801_phage171_233_12827_17_0.76	12595	B26_6_months__1128111_Veillonella_atypica__k141_17801	234	12828	Veillonella	Veillonella atypica
B26_6_months	k141_17801_phage172_13873_39357_30_0.66	25485	B26_6_months__1128111_Veillonella_atypica__k141_17801	13874	39358	Veillonella	Veillonella atypica
B26_6_months	k141_17907_phage223_2731_14838_12_0.61	12108	B26_6_months__1502_Clostridium_perfringens__k141_17907	2732	14839	Clostridium	Clostridium perfringens
B26_6_months	k141_17928_phage226_1_10854_10_0.74	10853	B26_6_months__868129_Prevotella_bivia__k141_17928	2	10854	Prevotella	Prevotella bivia
B26_6_months	k141_17956_1_checkv_2912-30451/30451	27540	B26_6_months__137838_Clostridium_neonatale__k141_17956	2912	30451	Clostridium	Clostridium neonatale
B26_6_months	k141_18002_1_checkv_18760-45228/93162	26469	B26_6_months__435842_Streptococcus_sp._C150__k141_18002	18760	45228	Streptococcus	Streptococcus sp. C150
B26_6_months	k141_18129_phage315_28137_51955_18_0.65	23819	B26_6_months__137838_Clostridium_neonatale__k141_18129	28138	51956	Clostridium	Clostridium neonatale
B26_6_months	k141_18501_phage445_3_37869_56_0.86	37867	B26_6_months__1502_Clostridium_perfringens__k141_18501	4	37870	Clostridium	Clostridium perfringens
B26_6_months	k141_1930_phage384_1216_21518_34_0.74	20303	B26_6_months__1985876_Escherichia_sp._ESNIH1__k141_1930	1217	21519	Escherichia	Escherichia sp. ESNIH1
B26_6_months	k141_2400	11928	B26_6_months__59620_uncultured_Clostridium_sp.__k141_2400	1	11928	Clostridium	uncultured Clostridium sp.
B26_6_months	k141_2559_phage72_1_20498_23_0.65	20498	B26_6_months__59620_uncultured_Clostridium_sp.__k141_2559	2	20499	Clostridium	uncultured Clostridium sp.
B26_6_months	k141_2593_phage80_225_18798_19_0.75	18574	B26_6_months__137838_Clostridium_neonatale__k141_2593	226	18799	Clostridium	Clostridium neonatale
B26_6_months	k141_2853_1_checkv_18978-30075/31014	11098	B26_6_months__137838_Clostridium_neonatale__k141_2853	18978	30075	Clostridium	Clostridium neonatale
B26_6_months	k141_3414_1_checkv_22475-58283/69744	35809	B26_6_months__562_Escherichia_coli__k141_3414	22475	58283	Escherichia	Escherichia coli
B26_6_months	k141_3468	17635	B26_6_months__59620_uncultured_Clostridium_sp.__k141_3468	1	17635	Clostridium	uncultured Clostridium sp.
B26_6_months	k141_3561_phage24_2892_16149_16_0.74	13258	B26_6_months__1502_Clostridium_perfringens__k141_3561	2893	16150	Clostridium	Clostridium perfringens
B26_6_months	k141_3619	21258	B26_6_months__28125_Prevotella_bivia__k141_3619	1	21258	Prevotella	Prevotella bivia
B26_6_months	k141_378	39271	B26_6_months__562_Escherichia_coli__k141_378	1	39271	Escherichia	Escherichia coli
B26_6_months	k141_3954	23945	B26_6_months__137838_Clostridium_neonatale__k141_3954	1	23945	Clostridium	Clostridium neonatale
B26_6_months	k141_432_phage120_4526_24968_19_0.53	20443	B26_6_months__137838_Clostridium_neonatale__k141_432	4527	24969	Clostridium	Clostridium neonatale
B26_6_months	k141_432_phage121_39197_58723_19_0.67	19527	B26_6_months__137838_Clostridium_neonatale__k141_432	39198	58724	Clostridium	Clostridium neonatale
B26_6_months	k141_4474	16404	B26_6_months__3013372_Prevotella_bivia__k141_4474	1	16404	Prevotella	Prevotella bivia
B26_6_months	k141_5056_phage261_57767_78765_23_0.64	20999	B26_6_months__137838_Clostridium_neonatale__k141_5056	57768	78766	Clostridium	Clostridium neonatale
B26_6_months	k141_5149_phage293_1_31358_30_0.65	31358	B26_6_months__137838_Clostridium_neonatale__k141_5149	2	31359	Clostridium	Clostridium neonatale
B26_6_months	k141_5197_phage332_39561_51478_11_0.53	11918	B26_6_months__137838_Clostridium_neonatale__k141_5197	39562	51479	Clostridium	Clostridium neonatale
B26_6_months	k141_5408_phage407_314_28614_21_0.71	28301	B26_6_months__59620_uncultured_Clostridium_sp.__k141_5408	315	28615	Clostridium	uncultured Clostridium sp.
B26_6_months	k141_5817_phage8_40899_52542_11_0.58	11644	B26_6_months__137838_Clostridium_neonatale__k141_5817	40900	52543	Clostridium	Clostridium neonatale
B26_6_months	k141_5817_phage9_63104_90358_29_0.65	27255	B26_6_months__137838_Clostridium_neonatale__k141_5817	63105	90359	Clostridium	Clostridium neonatale
B26_6_months	k141_6567_phage323_39626_57507_16_0.58	17882	B26_6_months__1502_Clostridium_perfringens__k141_6567	39627	57508	Clostridium	Clostridium perfringens
B26_6_months	k141_6770	20149	B26_6_months__1985876_Escherichia_sp._ESNIH1__k141_6770	1	20149	Escherichia	Escherichia sp. ESNIH1
B26_6_months	k141_6834_phage421_24391_40491_18_0.83	16101	B26_6_months__137838_Clostridium_neonatale__k141_6834	24392	40492	Clostridium	Clostridium neonatale
B26_6_months	k141_7018	10676	B26_6_months__83427_uncultured_Streptococcus_sp.__k141_7018	1	10676	Streptococcus	uncultured Streptococcus sp.
B26_6_months	k141_7048_phage28_2359_14057_10_0.6	11698	B26_6_months__59620_uncultured_Clostridium_sp.__k141_7048	2360	14057	Clostridium	uncultured Clostridium sp.
B26_6_months	k141_7828_phage400_283_36564_47_0.88	36282	B26_6_months__59620_uncultured_Clostridium_sp.__k141_7828	284	36565	Clostridium	uncultured Clostridium sp.
B26_6_months	k141_81	10844	B26_6_months__1502_Clostridium_perfringens__k141_81	1	10844	Clostridium	Clostridium perfringens
B26_6_months	k141_8748	11570	B26_6_months__3013372_Prevotella_bivia__k141_8748	1	11570	Prevotella	Prevotella bivia
B26_6_months	k141_8936	16471	B26_6_months__39777_Veillonella_atypica__k141_8936	1	16471	Veillonella	Veillonella atypica
B26_6_months	k141_9457_1_checkv_1-13588/22074	13588	B26_6_months__1985876_Escherichia_sp._ESNIH1__k141_9457	1	13588	Escherichia	Escherichia sp. ESNIH1
B26_6_months	k141_9572_1_checkv_22696-36214/56827	13519	B26_6_months__47715_Lacticaseibacillus_rhamnosus__k141_9572	22696	36214	Lacticaseibacillus	Lacticaseibacillus rhamnosus
B27_12_months	k141_101493_phage61_40163_56640_13_0.61	16478	B27_12_months__187326_Megasphaera_micronuciformis__k141_101493	40164	56641	Megasphaera	Megasphaera micronuciformis
B27_12_months	k141_104342	20196	B27_12_months__1134687_Klebsiella_michiganensis__k141_104342	1	20196	Klebsiella	Klebsiella michiganensis
B27_12_months	k141_106551_1_checkv_12161-75661/100498	63501	B27_12_months__3019600_Kluyvera_cryocrescens__k141_106551	12161	75661	Kluyvera	Kluyvera cryocrescens
B27_12_months	k141_106841_phage629_10_12437_17_0.92	12428	B27_12_months__1358_Lactococcus_lactis__k141_106841	11	12438	Lactococcus	Lactococcus lactis
B27_12_months	k141_107576_phage56_104427_139490_21_0.72	35064	B27_12_months__28025_Bifidobacterium_animalis__k141_107576	104428	139491	Bifidobacterium	Bifidobacterium animalis
B27_12_months	k141_109196	15290	B27_12_months__1358_Lactococcus_lactis__k141_109196	1	15290	Lactococcus	Lactococcus lactis
B27_12_months	k141_109622_1_checkv_34541-50899/50899	16359	B27_12_months__48296_Acinetobacter_pittii__k141_109622	34541	50899	Acinetobacter	Acinetobacter pittii
B27_12_months	k141_110511	23292	B27_12_months__1358_Lactococcus_lactis__k141_110511	1	23292	Lactococcus	Lactococcus lactis
B27_12_months	k141_111454_phage549_23532_43166_16_0.57	19635	B27_12_months__249061_uncultured_Actinomyces_sp.__k141_111454	23533	43167	Actinomyces	uncultured Actinomyces sp.
B27_12_months	k141_1117_1_checkv_19962-49554/88768	29593	B27_12_months__1190620_Atopobium_sp._ICM42b__k141_1117	19962	49554	Atopobium	Atopobium sp. ICM42b
B27_12_months	k141_113530_1_checkv_72542-83875/83875	11334	B27_12_months__1597_Lacticaseibacillus_paracasei__k141_113530	72542	83875	Lacticaseibacillus	Lacticaseibacillus paracasei
B27_12_months	k141_113917	10435	B27_12_months__851_Fusobacterium_nucleatum__k141_113917	1	10435	Fusobacterium	Fusobacterium nucleatum
B27_12_months	k141_117554_phage352_3_10141_13_0.67	10139	B27_12_months__1358_Lactococcus_lactis__k141_117554	4	10142	Lactococcus	Lactococcus lactis
B27_12_months	k141_119999	13883	B27_12_months__851_Fusobacterium_nucleatum__k141_119999	1	13883	Fusobacterium	Fusobacterium nucleatum
B27_12_months	k141_12312	175479	B27_12_months__1262889_Eubacterium_sp._CAG:38__k141_12312	1	175479	Eubacterium	Eubacterium sp. CAG:38
B27_12_months	k141_123253	13128	B27_12_months__47715_Lacticaseibacillus_rhamnosus__k141_123253	1	13128	Lacticaseibacillus	Lacticaseibacillus rhamnosus
B27_12_months	k141_125989_phage496_39561_52416_10_0.59	12856	B27_12_months__571_Klebsiella_oxytoca__k141_125989	39562	52417	Klebsiella	Klebsiella oxytoca
B27_12_months	k141_126001_phage500_3_14830_33_0.75	14828	B27_12_months__3025234_Mogibacterium_diversum__k141_126001	4	14831	Mogibacterium	Mogibacterium diversum
B27_12_months	k141_126001_phage501_15753_30106_22_0.76	14354	B27_12_months__3025234_Mogibacterium_diversum__k141_126001	15754	30107	Mogibacterium	Mogibacterium diversum
B27_12_months	k141_13083_phage52_73937_104349_22_0.57	30413	B27_12_months__28025_Bifidobacterium_animalis__k141_13083	73938	104350	Bifidobacterium	Bifidobacterium animalis
B27_12_months	k141_14410_phage226_25486_50205_20_0.73	24720	B27_12_months__851_Fusobacterium_nucleatum__k141_14410	25487	50206	Fusobacterium	Fusobacterium nucleatum
B27_12_months	k141_14799	16678	B27_12_months__1262780_Clostridium_sp._CAG:221__k141_14799	1	16678	Clostridium	Clostridium sp. CAG:221
B27_12_months	k141_15917	11127	B27_12_months__1262780_Clostridium_sp._CAG:221__k141_15917	1	11127	Clostridium	Clostridium sp. CAG:221
B27_12_months	k141_15959_phage380_91105_123335_31_0.53	32231	B27_12_months__28025_Bifidobacterium_animalis__k141_15959	91106	123336	Bifidobacterium	Bifidobacterium animalis
B27_12_months	k141_16981	21252	B27_12_months__261299_Intestinibacter_bartlettii__k141_16981	1	21252	Intestinibacter	Intestinibacter bartlettii
B27_12_months	k141_1725_phage227_36551_58455_17_0.61	21905	B27_12_months__1502_Clostridium_perfringens__k141_1725	36552	58456	Clostridium	Clostridium perfringens
B27_12_months	k141_17512_phage497_54175_72765_21_0.61	18591	B27_12_months__1502_Clostridium_perfringens__k141_17512	54176	72766	Clostridium	Clostridium perfringens
B27_12_months	k141_19321_1_checkv_25085-48260/48260	23176	B27_12_months__1169286_Enterococcus_faecalis__k141_19321	25085	48260	Enterococcus	Enterococcus faecalis
B27_12_months	k141_22915_1_checkv_1-15754/23999	15754	B27_12_months__3016596_Klebsiella_oxytoca__k141_22915	1	15754	Klebsiella	Klebsiella oxytoca
B27_12_months	k141_23007	12909	B27_12_months__851_Fusobacterium_nucleatum__k141_23007	1	12909	Fusobacterium	Fusobacterium nucleatum
B27_12_months	k141_24566_phage663_6051_22609_13_0.52	16559	B27_12_months__1303_Streptococcus_oralis__k141_24566	6052	22610	Streptococcus	Streptococcus oralis
B27_12_months	k141_24637	13083	B27_12_months__851_Fusobacterium_nucleatum__k141_24637	1	13083	Fusobacterium	Fusobacterium nucleatum
B27_12_months	k141_25148_phage670_3_27588_21_0.62	27586	B27_12_months__261299_Intestinibacter_bartlettii__k141_25148	4	27589	Intestinibacter	Intestinibacter bartlettii
B27_12_months	k141_27913	14787	B27_12_months__48296_Acinetobacter_pittii__k141_27913	1	14787	Acinetobacter	Acinetobacter pittii
B27_12_months	k141_27941	39913	B27_12_months__48296_Acinetobacter_pittii__k141_27941	1	39913	Acinetobacter	Acinetobacter pittii
B27_12_months	k141_29253	10393	B27_12_months__1358_Lactococcus_lactis__k141_29253	1	10393	Lactococcus	Lactococcus lactis
B27_12_months	k141_30046	22952	B27_12_months__1759399_Streptococcus_sp._A12__k141_30046	1	22952	Streptococcus	Streptococcus sp. A12
B27_12_months	k141_30204	14777	B27_12_months__1358_Lactococcus_lactis__k141_30204	1	14777	Lactococcus	Lactococcus lactis
B27_12_months	k141_32546	31554	B27_12_months__1639133_Citrobacter_portucalensis__k141_32546	1	31554	Citrobacter	Citrobacter portucalensis
B27_12_months	k141_32549_phage96_13057_23610_10_0.54	10554	B27_12_months__28025_Bifidobacterium_animalis__k141_32549	13058	23611	Bifidobacterium	Bifidobacterium animalis
B27_12_months	k141_38025_1_checkv_28154-64840/220652	36687	B27_12_months__48296_Acinetobacter_pittii__k141_38025	28154	64840	Acinetobacter	Acinetobacter pittii
B27_12_months	k141_38804	18732	B27_12_months__1128111_Veillonella_atypica__k141_38804	1	18732	Veillonella	Veillonella atypica
B27_12_months	k141_38844_1_checkv_1-15314/21293	15314	B27_12_months__571_Klebsiella_oxytoca__k141_38844	1	15314	Klebsiella	Klebsiella oxytoca
B27_12_months	k141_40143_phage327_41324_56339_25_0.54	15015	B27_12_months__47715_Lacticaseibacillus_rhamnosus__k141_40143	41325	56339	Lacticaseibacillus	Lacticaseibacillus rhamnosus
B27_12_months	k141_40321	21631	B27_12_months__571_Klebsiella_oxytoca__k141_40321	1	21631	Klebsiella	Klebsiella oxytoca
B27_12_months	k141_43272_phage632_10_17665_26_0.81	17656	B27_12_months__199_Campylobacter_concisus__k141_43272	11	17666	Campylobacter	Campylobacter concisus
B27_12_months	k141_43272_phage633_23434_38896_31_0.71	15463	B27_12_months__199_Campylobacter_concisus__k141_43272	23435	38897	Campylobacter	Campylobacter concisus
B27_12_months	k141_43993_1_checkv_20076-62118/194188	42043	B27_12_months__48296_Acinetobacter_pittii__k141_43993	20076	62118	Acinetobacter	Acinetobacter pittii
B27_12_months	k141_47533	10212	B27_12_months__851_Fusobacterium_nucleatum__k141_47533	1	10212	Fusobacterium	Fusobacterium nucleatum
B27_12_months	k141_47901_phage425_169041_185043_17_0.58	16003	B27_12_months__1262889_Eubacterium_sp._CAG:38__k141_47901	169042	185044	Eubacterium	Eubacterium sp. CAG:38
B27_12_months	k141_48047_phage441_17627_29365_11_0.59	11739	B27_12_months__1502_Clostridium_perfringens__k141_48047	17628	29366	Clostridium	Clostridium perfringens
B27_12_months	k141_48253	11869	B27_12_months__48296_Acinetobacter_pittii__k141_48253	1	11869	Acinetobacter	Acinetobacter pittii
B27_12_months	k141_50153	11165	B27_12_months__1169286_Enterococcus_faecalis__k141_50153	1	11165	Enterococcus	Enterococcus faecalis
B27_12_months	k141_50738_1_checkv_62097-96728/257644	34632	B27_12_months__1262889_Eubacterium_sp._CAG:38__k141_50738	62097	96728	Eubacterium	Eubacterium sp. CAG:38
B27_12_months	k141_52636_phage275_144940_175446_17_0.52	30507	B27_12_months__1303_Streptococcus_oralis__k141_52636	144941	175447	Streptococcus	Streptococcus oralis
B27_12_months	k141_53765_1_checkv_39400-73919/80141	34520	B27_12_months__48296_Acinetobacter_pittii__k141_53765	39400	73919	Acinetobacter	Acinetobacter pittii
B27_12_months	k141_55728	24496	B27_12_months__37734_Enterococcus_casseliflavus__k141_55728	1	24496	Enterococcus	Enterococcus casseliflavus
B27_12_months	k141_56866_1_checkv_26764-38319/38319	11556	B27_12_months__3019600_Kluyvera_cryocrescens__k141_56866	26764	38319	Kluyvera	Kluyvera cryocrescens
B27_12_months	k141_582	14292	B27_12_months__1308_Streptococcus_thermophilus__k141_582	1	14292	Streptococcus	Streptococcus thermophilus
B27_12_months	k141_64096	12266	B27_12_months__3018671_Actinomyces_sp._ICM47__k141_64096	1	12266	Actinomyces	Actinomyces sp. ICM47
B27_12_months	k141_67554	14371	B27_12_months__57706_Citrobacter_braakii__k141_67554	1	14371	Citrobacter	Citrobacter braakii
B27_12_months	k141_67824_1_checkv_1898-59048/59048	57151	B27_12_months__48296_Acinetobacter_pittii__k141_67824	1898	59048	Acinetobacter	Acinetobacter pittii
B27_12_months	k141_704_1_checkv_1-26806/40498	26806	B27_12_months__562_Escherichia_coli__k141_704	1	26806	Escherichia	Escherichia coli
B27_12_months	k141_71108	57524	B27_12_months__562_Escherichia_coli__k141_71108	1	57524	Escherichia	Escherichia coli
B27_12_months	k141_72734	11095	B27_12_months__851_Fusobacterium_nucleatum__k141_72734	1	11095	Fusobacterium	Fusobacterium nucleatum
B27_12_months	k141_72980	16026	B27_12_months__57706_Citrobacter_braakii__k141_72980	1	16026	Citrobacter	Citrobacter braakii
B27_12_months	k141_77474	29689	B27_12_months__1128111_Veillonella_atypica__k141_77474	1	29689	Veillonella	Veillonella atypica
B27_12_months	k141_8205_phage270_61225_77581_14_0.71	16357	B27_12_months__28025_Bifidobacterium_animalis__k141_8205	61226	77582	Bifidobacterium	Bifidobacterium animalis
B27_12_months	k141_82664	12815	B27_12_months__712310_Haemophilus_sp._oral_taxon_036__k141_82664	1	12815	Haemophilus	Haemophilus sp. oral taxon 036
B27_12_months	k141_83143_1_checkv_1-23466/31087	23466	B27_12_months__562_Escherichia_coli__k141_83143	1	23466	Escherichia	Escherichia coli
B27_12_months	k141_8378	27875	B27_12_months__1358_Lactococcus_lactis__k141_8378	1	27875	Lactococcus	Lactococcus lactis
B27_12_months	k141_86127_1_checkv_1-35220/47994	35220	B27_12_months__48296_Acinetobacter_pittii__k141_86127	1	35220	Acinetobacter	Acinetobacter pittii
B27_12_months	k141_86472_phage509_5578_19869_22_0.7	14292	B27_12_months__1502_Clostridium_perfringens__k141_86472	5579	19870	Clostridium	Clostridium perfringens
B27_12_months	k141_91674_phage362_2_14671_21_0.76	14670	B27_12_months__1358_Lactococcus_lactis__k141_91674	3	14672	Lactococcus	Lactococcus lactis
B27_12_months	k141_93761	13315	B27_12_months__851_Fusobacterium_nucleatum__k141_93761	1	13315	Fusobacterium	Fusobacterium nucleatum
B27_12_months	k141_95375	11716	B27_12_months__1262780_Clostridium_sp._CAG:221__k141_95375	1	11716	Clostridium	Clostridium sp. CAG:221
B27_12_months	k141_97062_1_checkv_15087-26330/26330	11244	B27_12_months__1358_Lactococcus_lactis__k141_97062	15087	26330	Lactococcus	Lactococcus lactis
B27_12_months	k141_99566	10163	B27_12_months__1262780_Clostridium_sp._CAG:221__k141_99566	1	10163	Clostridium	Clostridium sp. CAG:221
B28_12_months	k141_100065	21031	B28_12_months__745368_Gemmiger_formicilis__k141_100065	1	21031	Gemmiger	Gemmiger formicilis
B28_12_months	k141_100661	37834	B28_12_months__649756_Anaerostipes_hadrus__k141_100661	1	37834	Anaerostipes	Anaerostipes hadrus
B28_12_months	k141_102462_1_checkv_183818-210931/210931	27114	B28_12_months__116085_Coprococcus_catus__k141_102462	183818	210931	Coprococcus	Coprococcus catus
B28_12_months	k141_102964_1_checkv_122270-149901/151818	27632	B28_12_months__1547_Erysipelatoclostridium_ramosum__k141_102964	122270	149901	Erysipelatoclostridium	Erysipelatoclostridium ramosum
B28_12_months	k141_103189	112314	B28_12_months__1628085_Agathobaculum_butyriciproducens__k141_103189	1	112314	Agathobaculum	Agathobaculum butyriciproducens
B28_12_months	k141_103419	11597	B28_12_months__59620_uncultured_Clostridium_sp.__k141_103419	1	11597	Clostridium	uncultured Clostridium sp.
B28_12_months	k141_105131	17040	B28_12_months__216816_Bifidobacterium_longum__k141_105131	1	17040	Bifidobacterium	Bifidobacterium longum
B28_12_months	k141_106408	10528	B28_12_months__1628085_Agathobaculum_butyriciproducens__k141_106408	1	10528	Agathobaculum	Agathobaculum butyriciproducens
B28_12_months	k141_106512_phage624_1_15652_12_0.68	15652	B28_12_months__59620_uncultured_Clostridium_sp.__k141_106512	2	15653	Clostridium	uncultured Clostridium sp.
B28_12_months	k141_106835	11366	B28_12_months__216816_Bifidobacterium_longum__k141_106835	1	11366	Bifidobacterium	Bifidobacterium longum
B28_12_months	k141_106892	43297	B28_12_months__562_Escherichia_coli__k141_106892	1	43297	Escherichia	Escherichia coli
B28_12_months	k141_107687_1_checkv_8790-37381/37381	28592	B28_12_months__167968_uncultured_Desulfovibrio_sp.__k141_107687	8790	37381	Desulfovibrio	uncultured Desulfovibrio sp.
B28_12_months	k141_108256_phage878_2_14407_12_0.9	14406	B28_12_months__2293108_Eubacterium_sp._AF36-5BH__k141_108256	3	14408	Eubacterium	Eubacterium sp. AF36-5BH
B28_12_months	k141_108629	21187	B28_12_months__301301_Roseburia_hominis__k141_108629	1	21187	Roseburia	Roseburia hominis
B28_12_months	k141_110544	20186	B28_12_months__292800_Flavonifractor_plautii__k141_110544	1	20186	Flavonifractor	Flavonifractor plautii
B28_12_months	k141_110994_1_checkv_1-78607/82314	78607	B28_12_months__1262791_Clostridium_sp._CAG:288__k141_110994	1	78607	Clostridium	Clostridium sp. CAG:288
B28_12_months	k141_112882_1_checkv_92680-124666/124666	31987	B28_12_months__1246_Leuconostoc_lactis__k141_112882	92680	124666	Leuconostoc	Leuconostoc lactis
B28_12_months	k141_113734_phage414_29955_48215_19_0.59	18261	B28_12_months__59620_uncultured_Clostridium_sp.__k141_113734	29956	48216	Clostridium	uncultured Clostridium sp.
B28_12_months	k141_114060_phage463_9196_30689_16_0.63	21494	B28_12_months__1547_Erysipelatoclostridium_ramosum__k141_114060	9197	30690	Erysipelatoclostridium	Erysipelatoclostridium ramosum
B28_12_months	k141_114835_1_checkv_44775-77688/77688	32914	B28_12_months__1547_Erysipelatoclostridium_ramosum__k141_114835	44775	77688	Erysipelatoclostridium	Erysipelatoclostridium ramosum
B28_12_months	k141_115700	17568	B28_12_months__765821_uncultured_Blautia_sp.__k141_115700	1	17568	Blautia	uncultured Blautia sp.
B28_12_months	k141_116332	20456	B28_12_months__1628085_Agathobaculum_butyriciproducens__k141_116332	1	20456	Agathobaculum	Agathobaculum butyriciproducens
B28_12_months	k141_116569_1_checkv_8785-31644/31644	22860	B28_12_months__1689_Bifidobacterium_dentium__k141_116569	8785	31644	Bifidobacterium	Bifidobacterium dentium
B28_12_months	k141_11766	37101	B28_12_months__208479_Enterocloster_bolteae__k141_11766	1	37101	Enterocloster	Enterocloster bolteae
B28_12_months	k141_117697_1_checkv_266221-310708/377930	44488	B28_12_months__818_Bacteroides_thetaiotaomicron__k141_117697	266221	310708	Bacteroides	Bacteroides thetaiotaomicron
B28_12_months	k141_117867_1_checkv_12683-45713/125989	33031	B28_12_months__187326_Megasphaera_micronuciformis__k141_117867	12683	45713	Megasphaera	Megasphaera micronuciformis
B28_12_months	k141_119484_phage72_34_17102_14_0.68	17069	B28_12_months__818_Bacteroides_thetaiotaomicron__k141_119484	35	17103	Bacteroides	Bacteroides thetaiotaomicron
B28_12_months	k141_120119_1_checkv_8438-32055/32055	23618	B28_12_months__29361_Tyzzerella_nexilis__k141_120119	8438	32055	Tyzzerella	Tyzzerella nexilis
B28_12_months	k141_120119_phage150_122_20030_15_0.65	19909	B28_12_months__29361_Tyzzerella_nexilis__k141_120119	123	20031	Tyzzerella	Tyzzerella nexilis
B28_12_months	k141_12049	29515	B28_12_months__765821_uncultured_Blautia_sp.__k141_12049	1	29515	Blautia	uncultured Blautia sp.
B28_12_months	k141_121091	10013	B28_12_months__2292304_Clostridium_sp._AM33-3__k141_121091	1	10013	Clostridium	Clostridium sp. AM33-3
B28_12_months	k141_121184	10552	B28_12_months__1628085_Agathobaculum_butyriciproducens__k141_121184	1	10552	Agathobaculum	Agathobaculum butyriciproducens
B28_12_months	k141_12141	15328	B28_12_months__166486_Roseburia_intestinalis__k141_12141	1	15328	Roseburia	Roseburia intestinalis
B28_12_months	k141_121433	18722	B28_12_months__765821_uncultured_Blautia_sp.__k141_121433	1	18722	Blautia	uncultured Blautia sp.
B28_12_months	k141_122830_phage505_19327_31322_10_0.6	11996	B28_12_months__1262791_Clostridium_sp._CAG:288__k141_122830	19328	31323	Clostridium	Clostridium sp. CAG:288
B28_12_months	k141_123064_phage537_323_11388_12_0.69	11066	B28_12_months__59620_uncultured_Clostridium_sp.__k141_123064	324	11389	Clostridium	uncultured Clostridium sp.
B28_12_months	k141_123225	13804	B28_12_months__59620_uncultured_Clostridium_sp.__k141_123225	1	13804	Clostridium	uncultured Clostridium sp.
B28_12_months	k141_124008_phage634_61_18730_42_0.84	18670	B28_12_months__2293108_Eubacterium_sp._AF36-5BH__k141_124008	62	18731	Eubacterium	Eubacterium sp. AF36-5BH
B28_12_months	k141_124078	15537	B28_12_months__301301_Roseburia_hominis__k141_124078	1	15537	Roseburia	Roseburia hominis
B28_12_months	k141_124165	27107	B28_12_months__1262791_Clostridium_sp._CAG:288__k141_124165	1	27107	Clostridium	Clostridium sp. CAG:288
B28_12_months	k141_124453_phage698_131_20926_29_0.69	20796	B28_12_months__1547_Erysipelatoclostridium_ramosum__k141_124453	132	20927	Erysipelatoclostridium	Erysipelatoclostridium ramosum
B28_12_months	k141_125374_phage815_2_11156_14_0.82	11155	B28_12_months__2293108_Eubacterium_sp._AF36-5BH__k141_125374	3	11157	Eubacterium	Eubacterium sp. AF36-5BH
B28_12_months	k141_126	15337	B28_12_months__166486_Roseburia_intestinalis__k141_126	1	15337	Roseburia	Roseburia intestinalis
B28_12_months	k141_126010	12388	B28_12_months__1628085_Agathobaculum_butyriciproducens__k141_126010	1	12388	Agathobaculum	Agathobaculum butyriciproducens
B28_12_months	k141_126360	19762	B28_12_months__166486_Roseburia_intestinalis__k141_126360	1	19762	Roseburia	Roseburia intestinalis
B28_12_months	k141_126403_1_checkv_75786-116326/168766	40541	B28_12_months__1628085_Agathobaculum_butyriciproducens__k141_126403	75786	116326	Agathobaculum	Agathobaculum butyriciproducens
B28_12_months	k141_127653_1_checkv_12404-29197/29197	16794	B28_12_months__2292372_Ruminococcus_sp._AM42-11__k141_127653	12404	29197	Ruminococcus	Ruminococcus sp. AM42-11
B28_12_months	k141_129019_1_checkv_1-48365/69202	48365	B28_12_months__1547_Erysipelatoclostridium_ramosum__k141_129019	1	48365	Erysipelatoclostridium	Erysipelatoclostridium ramosum
B28_12_months	k141_129250_1_checkv_9561-50715/84268	41155	B28_12_months__166486_Roseburia_intestinalis__k141_129250	9561	50715	Roseburia	Roseburia intestinalis
B28_12_months	k141_130303_1_checkv_1845-17681/17681	15837	B28_12_months__167968_uncultured_Desulfovibrio_sp.__k141_130303	1845	17681	Desulfovibrio	uncultured Desulfovibrio sp.
B28_12_months	k141_130375_phage320_42_14973_16_0.73	14932	B28_12_months__1547_Erysipelatoclostridium_ramosum__k141_130375	43	14974	Erysipelatoclostridium	Erysipelatoclostridium ramosum
B28_12_months	k141_130982_phage401_90485_104755_15_0.47	14271	B28_12_months__818_Bacteroides_thetaiotaomicron__k141_130982	90486	104756	Bacteroides	Bacteroides thetaiotaomicron
B28_12_months	k141_131967_phage546_3_12135_13_0.66	12133	B28_12_months__1246_Leuconostoc_lactis__k141_131967	4	12136	Leuconostoc	Leuconostoc lactis
B28_12_months	k141_132468_1_checkv_13003-44001/49402	30999	B28_12_months__562_Escherichia_coli__k141_132468	13003	44001	Escherichia	Escherichia coli
B28_12_months	k141_134108	26092	B28_12_months__116085_Coprococcus_catus__k141_134108	1	26092	Coprococcus	Coprococcus catus
B28_12_months	k141_135061_1_checkv_38884-77254/77254	38371	B28_12_months__2292304_Clostridium_sp._AM33-3__k141_135061	38884	77254	Clostridium	Clostridium sp. AM33-3
B28_12_months	k141_13620_1_checkv_2098-19450/23809	17353	B28_12_months__1689_Bifidobacterium_dentium__k141_13620	2098	19450	Bifidobacterium	Bifidobacterium dentium
B28_12_months	k141_14471	10039	B28_12_months__562_Escherichia_coli__k141_14471	1	10039	Escherichia	Escherichia coli
B28_12_months	k141_15067	23493	B28_12_months__292800_Flavonifractor_plautii__k141_15067	1	23493	Flavonifractor	Flavonifractor plautii
B28_12_months	k141_15949	16012	B28_12_months__39490_Eubacterium_ramulus__k141_15949	1	16012	Eubacterium	Eubacterium ramulus
B28_12_months	k141_16117	11823	B28_12_months__208479_Enterocloster_bolteae__k141_16117	1	11823	Enterocloster	Enterocloster bolteae
B28_12_months	k141_16465_phage1074_212_18760_13_0.61	18549	B28_12_months__2293108_Eubacterium_sp._AF36-5BH__k141_16465	213	18761	Eubacterium	Eubacterium sp. AF36-5BH
B28_12_months	k141_17208	30614	B28_12_months__1628085_Agathobaculum_butyriciproducens__k141_17208	1	30614	Agathobaculum	Agathobaculum butyriciproducens
B28_12_months	k141_18111	31446	B28_12_months__216816_Bifidobacterium_longum__k141_18111	1	31446	Bifidobacterium	Bifidobacterium longum
B28_12_months	k141_18421	12447	B28_12_months__39490_Eubacterium_ramulus__k141_18421	1	12447	Eubacterium	Eubacterium ramulus
B28_12_months	k141_18701_phage254_868_22954_21_0.58	22087	B28_12_months__301301_Roseburia_hominis__k141_18701	869	22955	Roseburia	Roseburia hominis
B28_12_months	k141_19237	33889	B28_12_months__745368_Gemmiger_formicilis__k141_19237	1	33889	Gemmiger	Gemmiger formicilis
B28_12_months	k141_20874_1_checkv_3778-15418/15418	11641	B28_12_months__39490_Eubacterium_ramulus__k141_20874	3778	15418	Eubacterium	Eubacterium ramulus
B28_12_months	k141_20923	35475	B28_12_months__562_Escherichia_coli__k141_20923	1	35475	Escherichia	Escherichia coli
B28_12_months	k141_21217	25169	B28_12_months__1246_Leuconostoc_lactis__k141_21217	1	25169	Leuconostoc	Leuconostoc lactis
B28_12_months	k141_22931	48358	B28_12_months__2292304_Clostridium_sp._AM33-3__k141_22931	1	48358	Clostridium	Clostridium sp. AM33-3
B28_12_months	k141_24615	15989	B28_12_months__2292372_Ruminococcus_sp._AM42-11__k141_24615	1	15989	Ruminococcus	Ruminococcus sp. AM42-11
B28_12_months	k141_24741	13827	B28_12_months__208479_Enterocloster_bolteae__k141_24741	1	13827	Enterocloster	Enterocloster bolteae
B28_12_months	k141_25367_1_checkv_1-23158/103963	23158	B28_12_months__562_Escherichia_coli__k141_25367	1	23158	Escherichia	Escherichia coli
B28_12_months	k141_25437	45977	B28_12_months__1262791_Clostridium_sp._CAG:288__k141_25437	1	45977	Clostridium	Clostridium sp. CAG:288
B28_12_months	k141_25610_1_checkv_27309-57976/70263	30668	B28_12_months__29361_Tyzzerella_nexilis__k141_25610	27309	57976	Tyzzerella	Tyzzerella nexilis
B28_12_months	k141_25657	24769	B28_12_months__1096246_Hungatella_effluvii__k141_25657	1	24769	Hungatella	Hungatella effluvii
B28_12_months	k141_2587	60795	B28_12_months__1262791_Clostridium_sp._CAG:288__k141_2587	1	60795	Clostridium	Clostridium sp. CAG:288
B28_12_months	k141_26702	19532	B28_12_months__208479_Enterocloster_bolteae__k141_26702	1	19532	Enterocloster	Enterocloster bolteae
B28_12_months	k141_30121	35845	B28_12_months__818_Bacteroides_thetaiotaomicron__k141_30121	1	35845	Bacteroides	Bacteroides thetaiotaomicron
B28_12_months	k141_3013_phage425_9232_48149_34_0.73	38918	B28_12_months__1547_Erysipelatoclostridium_ramosum__k141_3013	9233	48150	Erysipelatoclostridium	Erysipelatoclostridium ramosum
B28_12_months	k141_31004_phage754_63183_97701_25_0.66	34519	B28_12_months__818_Bacteroides_thetaiotaomicron__k141_31004	63184	97702	Bacteroides	Bacteroides thetaiotaomicron
B28_12_months	k141_31460	39418	B28_12_months__116085_Coprococcus_catus__k141_31460	1	39418	Coprococcus	Coprococcus catus
B28_12_months	k141_32996	15068	B28_12_months__562_Escherichia_coli__k141_32996	1	15068	Escherichia	Escherichia coli
B28_12_months	k141_3348_1_checkv_10699-33561/66044	22863	B28_12_months__2292372_Ruminococcus_sp._AM42-11__k141_3348	10699	33561	Ruminococcus	Ruminococcus sp. AM42-11
B28_12_months	k141_35050	25854	B28_12_months__2293108_Eubacterium_sp._AF36-5BH__k141_35050	1	25854	Eubacterium	Eubacterium sp. AF36-5BH
B28_12_months	k141_35807_1_checkv_1-20889/46452	20889	B28_12_months__1628085_Agathobaculum_butyriciproducens__k141_35807	1	20889	Agathobaculum	Agathobaculum butyriciproducens
B28_12_months	k141_36208_phage264_1_11330_11_0.77	11330	B28_12_months__59620_uncultured_Clostridium_sp.__k141_36208	2	11331	Clostridium	uncultured Clostridium sp.
B28_12_months	k141_36531_phage301_13179_39549_19_0.68	26371	B28_12_months__2293108_Eubacterium_sp._AF36-5BH__k141_36531	13180	39550	Eubacterium	Eubacterium sp. AF36-5BH
B28_12_months	k141_37570	22609	B28_12_months__1096246_Hungatella_effluvii__k141_37570	1	22609	Hungatella	Hungatella effluvii
B28_12_months	k141_38279	26067	B28_12_months__1262791_Clostridium_sp._CAG:288__k141_38279	1	26067	Clostridium	Clostridium sp. CAG:288
B28_12_months	k141_40184_phage818_1_40476_37_0.75	40476	B28_12_months__1547_Erysipelatoclostridium_ramosum__k141_40184	2	40477	Erysipelatoclostridium	Erysipelatoclostridium ramosum
B28_12_months	k141_41574_1_checkv_15249-36939/36939	21691	B28_12_months__562_Escherichia_coli__k141_41574	15249	36939	Escherichia	Escherichia coli
B28_12_months	k141_42102_phage1061_32169_44245_14_0.6	12077	B28_12_months__765821_uncultured_Blautia_sp.__k141_42102	32170	44246	Blautia	uncultured Blautia sp.
B28_12_months	k141_42600	20026	B28_12_months__208479_Enterocloster_bolteae__k141_42600	1	20026	Enterocloster	Enterocloster bolteae
B28_12_months	k141_43669_1_checkv_1-14960/18395	14960	B28_12_months__562_Escherichia_coli__k141_43669	1	14960	Escherichia	Escherichia coli
B28_12_months	k141_44656_1_checkv_1-34504/52203	34504	B28_12_months__2292304_Clostridium_sp._AM33-3__k141_44656	1	34504	Clostridium	Clostridium sp. AM33-3
B28_12_months	k141_46370_1_checkv_3812-28227/88440	24416	B28_12_months__562_Escherichia_coli__k141_46370	3812	28227	Escherichia	Escherichia coli
B28_12_months	k141_48281_phage777_3_15806_16_0.66	15804	B28_12_months__1246_Leuconostoc_lactis__k141_48281	4	15807	Leuconostoc	Leuconostoc lactis
B28_12_months	k141_48734	18747	B28_12_months__208479_Enterocloster_bolteae__k141_48734	1	18747	Enterocloster	Enterocloster bolteae
B28_12_months	k141_49424	53537	B28_12_months__2292304_Clostridium_sp._AM33-3__k141_49424	1	53537	Clostridium	Clostridium sp. AM33-3
B28_12_months	k141_49462	11877	B28_12_months__292800_Flavonifractor_plautii__k141_49462	1	11877	Flavonifractor	Flavonifractor plautii
B28_12_months	k141_51089_1_checkv_20242-32131/32131	11890	B28_12_months__562_Escherichia_coli__k141_51089	20242	32131	Escherichia	Escherichia coli
B28_12_months	k141_51586	16464	B28_12_months__208479_Enterocloster_bolteae__k141_51586	1	16464	Enterocloster	Enterocloster bolteae
B28_12_months	k141_52119	16225	B28_12_months__2585118_Alistipes_communis__k141_52119	1	16225	Alistipes	Alistipes communis
B28_12_months	k141_53207	40204	B28_12_months__166486_Roseburia_intestinalis__k141_53207	1	40204	Roseburia	Roseburia intestinalis
B28_12_months	k141_54623_phage478_14731_47901_30_0.63	33171	B28_12_months__1547_Erysipelatoclostridium_ramosum__k141_54623	14732	47902	Erysipelatoclostridium	Erysipelatoclostridium ramosum
B28_12_months	k141_55463	19508	B28_12_months__2292372_Ruminococcus_sp._AM42-11__k141_55463	1	19508	Ruminococcus	Ruminococcus sp. AM42-11
B28_12_months	k141_57579_1_checkv_1-11641/21248	11641	B28_12_months__39490_Eubacterium_ramulus__k141_57579	1	11641	Eubacterium	Eubacterium ramulus
B28_12_months	k141_5842_phage827_46075_64334_16_0.57	18260	B28_12_months__2292372_Ruminococcus_sp._AM42-11__k141_5842	46076	64335	Ruminococcus	Ruminococcus sp. AM42-11
B28_12_months	k141_58662	12935	B28_12_months__59620_uncultured_Clostridium_sp.__k141_58662	1	12935	Clostridium	uncultured Clostridium sp.
B28_12_months	k141_59160	21021	B28_12_months__39490_Eubacterium_ramulus__k141_59160	1	21021	Eubacterium	Eubacterium ramulus
B28_12_months	k141_62389_1_checkv_25310-40319/40319	15010	B28_12_months__2293108_Eubacterium_sp._AF36-5BH__k141_62389	25310	40319	Eubacterium	Eubacterium sp. AF36-5BH
B28_12_months	k141_66773	38641	B28_12_months__2292372_Ruminococcus_sp._AM42-11__k141_66773	1	38641	Ruminococcus	Ruminococcus sp. AM42-11
B28_12_months	k141_67039	31887	B28_12_months__562_Escherichia_coli__k141_67039	1	31887	Escherichia	Escherichia coli
B28_12_months	k141_67279	13266	B28_12_months__1262791_Clostridium_sp._CAG:288__k141_67279	1	13266	Clostridium	Clostridium sp. CAG:288
B28_12_months	k141_69683	13516	B28_12_months__1262791_Clostridium_sp._CAG:288__k141_69683	1	13516	Clostridium	Clostridium sp. CAG:288
B28_12_months	k141_70318_phage329_24407_41564_15_0.64	17158	B28_12_months__1547_Erysipelatoclostridium_ramosum__k141_70318	24408	41565	Erysipelatoclostridium	Erysipelatoclostridium ramosum
B28_12_months	k141_70933	23567	B28_12_months__208479_Enterocloster_bolteae__k141_70933	1	23567	Enterocloster	Enterocloster bolteae
B28_12_months	k141_71001_1_checkv_16386-28710/28710	12325	B28_12_months__562_Escherichia_coli__k141_71001	16386	28710	Escherichia	Escherichia coli
B28_12_months	k141_72439_phage595_728_12372_12_0.75	11645	B28_12_months__1262791_Clostridium_sp._CAG:288__k141_72439	729	12373	Clostridium	Clostridium sp. CAG:288
B28_12_months	k141_72978_1_checkv_6570-21717/21717	15148	B28_12_months__208479_Enterocloster_bolteae__k141_72978	6570	21717	Enterocloster	Enterocloster bolteae
B28_12_months	k141_75362	23848	B28_12_months__2292372_Ruminococcus_sp._AM42-11__k141_75362	1	23848	Ruminococcus	Ruminococcus sp. AM42-11
B28_12_months	k141_75897_phage1095_255_19610_22_0.7	19356	B28_12_months__1547_Erysipelatoclostridium_ramosum__k141_75897	256	19611	Erysipelatoclostridium	Erysipelatoclostridium ramosum
B28_12_months	k141_75897_phage1096_20212_32224_11_0.52	12013	B28_12_months__1547_Erysipelatoclostridium_ramosum__k141_75897	20213	32225	Erysipelatoclostridium	Erysipelatoclostridium ramosum
B28_12_months	k141_75897_phage1101_146363_158975_18_0.66	12613	B28_12_months__1547_Erysipelatoclostridium_ramosum__k141_75897	146364	158976	Erysipelatoclostridium	Erysipelatoclostridium ramosum
B28_12_months	k141_76451_phage1112_3_17011_21_0.8	17009	B28_12_months__59620_uncultured_Clostridium_sp.__k141_76451	4	17012	Clostridium	uncultured Clostridium sp.
B28_12_months	k141_79552	13431	B28_12_months__39490_Eubacterium_ramulus__k141_79552	1	13431	Eubacterium	Eubacterium ramulus
B28_12_months	k141_80457	35084	B28_12_months__208479_Enterocloster_bolteae__k141_80457	1	35084	Enterocloster	Enterocloster bolteae
B28_12_months	k141_82168	17688	B28_12_months__301301_Roseburia_hominis__k141_82168	1	17688	Roseburia	Roseburia hominis
B28_12_months	k141_83532	22387	B28_12_months__1262791_Clostridium_sp._CAG:288__k141_83532	1	22387	Clostridium	Clostridium sp. CAG:288
B28_12_months	k141_84025_1_checkv_1-40337/70392	40337	B28_12_months__2292304_Clostridium_sp._AM33-3__k141_84025	1	40337	Clostridium	Clostridium sp. AM33-3
B28_12_months	k141_84156	71001	B28_12_months__765821_uncultured_Blautia_sp.__k141_84156	1	71001	Blautia	uncultured Blautia sp.
B28_12_months	k141_84500	20177	B28_12_months__2292372_Ruminococcus_sp._AM42-11__k141_84500	1	20177	Ruminococcus	Ruminococcus sp. AM42-11
B28_12_months	k141_85994	11496	B28_12_months__562_Escherichia_coli__k141_85994	1	11496	Escherichia	Escherichia coli
B28_12_months	k141_89172_1_checkv_38454-57642/70157	19189	B28_12_months__562_Escherichia_coli__k141_89172	38454	57642	Escherichia	Escherichia coli
B28_12_months	k141_90720_phage813_508_18364_11_0.73	17857	B28_12_months__59620_uncultured_Clostridium_sp.__k141_90720	509	18365	Clostridium	uncultured Clostridium sp.
B28_12_months	k141_90927_phage839_2161_14038_14_0.53	11878	B28_12_months__208479_Enterocloster_bolteae__k141_90927	2162	14039	Enterocloster	Enterocloster bolteae
B28_12_months	k141_92561_phage1068_1_20823_14_0.68	20823	B28_12_months__818_Bacteroides_thetaiotaomicron__k141_92561	2	20824	Bacteroides	Bacteroides thetaiotaomicron
B28_12_months	k141_93027_phage1105_18045_32322_13_0.55	14278	B28_12_months__2293108_Eubacterium_sp._AF36-5BH__k141_93027	18046	32323	Eubacterium	Eubacterium sp. AF36-5BH
B28_12_months	k141_94961_1_checkv_1-10290/38770	10290	B28_12_months__2292372_Ruminococcus_sp._AM42-11__k141_94961	1	10290	Ruminococcus	Ruminococcus sp. AM42-11
B28_12_months	k141_95240_phage210_71796_120712_46_0.69	48917	B28_12_months__1547_Erysipelatoclostridium_ramosum__k141_95240	71797	120713	Erysipelatoclostridium	Erysipelatoclostridium ramosum
B28_12_months	k141_95240_phage213_216101_239820_29_0.72	23720	B28_12_months__1547_Erysipelatoclostridium_ramosum__k141_95240	216102	239821	Erysipelatoclostridium	Erysipelatoclostridium ramosum
B29_12_months	k141_10046_phage307_39108_57047_20_0.64	17940	B29_12_months__562_Escherichia_coli__k141_10046	39109	57048	Escherichia	Escherichia coli
B29_12_months	k141_101282	77691	B29_12_months__360807_Roseburia_inulinivorans__k141_101282	1	77691	Roseburia	Roseburia inulinivorans
B29_12_months	k141_101938	32133	B29_12_months__47715_Lacticaseibacillus_rhamnosus__k141_101938	1	32133	Lacticaseibacillus	Lacticaseibacillus rhamnosus
B29_12_months	k141_103831_1_checkv_67704-85435/85435	17732	B29_12_months__1522_[Clostridium]_innocuum__k141_103831	67704	85435	Erysipelatoclostridium	[Clostridium] innocuum
B29_12_months	k141_105268	23568	B29_12_months__37734_Enterococcus_casseliflavus__k141_105268	1	23568	Enterococcus	Enterococcus casseliflavus
B29_12_months	k141_106098_phage72_386_14654_18_0.78	14269	B29_12_months__1776391_Romboutsia_timonensis__k141_106098	387	14655	Romboutsia	Romboutsia timonensis
B29_12_months	k141_108175	12010	B29_12_months__39488_Anaerobutyricum_hallii__k141_108175	1	12010	Anaerobutyricum	Anaerobutyricum hallii
B29_12_months	k141_108353_1_checkv_14092-27941/46173	13850	B29_12_months__47715_Lacticaseibacillus_rhamnosus__k141_108353	14092	27941	Lacticaseibacillus	Lacticaseibacillus rhamnosus
B29_12_months	k141_109526_phage430_15927_31593_19_0.55	15667	B29_12_months__1547_Erysipelatoclostridium_ramosum__k141_109526	15928	31594	Erysipelatoclostridium	Erysipelatoclostridium ramosum
B29_12_months	k141_111480	13579	B29_12_months__261299_Intestinibacter_bartlettii__k141_111480	1	13579	Intestinibacter	Intestinibacter bartlettii
B29_12_months	k141_112304_phage638_3_12892_16_0.84	12890	B29_12_months__261299_Intestinibacter_bartlettii__k141_112304	4	12893	Intestinibacter	Intestinibacter bartlettii
B29_12_months	k141_113691	31094	B29_12_months__169435_Anaerotruncus_colihominis__k141_113691	1	31094	Anaerotruncus	Anaerotruncus colihominis
B29_12_months	k141_113920	12269	B29_12_months__1128111_Veillonella_atypica__k141_113920	1	12269	Veillonella	Veillonella atypica
B29_12_months	k141_114775_phage205_87008_106341_20_0.54	19334	B29_12_months__1547_Erysipelatoclostridium_ramosum__k141_114775	87009	106342	Erysipelatoclostridium	Erysipelatoclostridium ramosum
B29_12_months	k141_116732	19409	B29_12_months__37734_Enterococcus_casseliflavus__k141_116732	1	19409	Enterococcus	Enterococcus casseliflavus
B29_12_months	k141_11776_1_checkv_161786-204209/230237	42424	B29_12_months__562_Escherichia_coli__k141_11776	161786	204209	Escherichia	Escherichia coli
B29_12_months	k141_11846	10446	B29_12_months__1776391_Romboutsia_timonensis__k141_11846	1	10446	Romboutsia	Romboutsia timonensis
B29_12_months	k141_120151	11277	B29_12_months__1776391_Romboutsia_timonensis__k141_120151	1	11277	Romboutsia	Romboutsia timonensis
B29_12_months	k141_12606	14253	B29_12_months__1193534_uncultured_Flavonifractor_sp.__k141_12606	1	14253	Flavonifractor	uncultured Flavonifractor sp.
B29_12_months	k141_1461_phage100_2_24590_30_0.63	24589	B29_12_months__3009494_Dorea_phocaeensis__k141_1461	3	24591	Dorea	Dorea phocaeensis
B29_12_months	k141_14891_phage747_16917_33301_21_0.6	16385	B29_12_months__150055_Streptococcus_lutetiensis__k141_14891	16918	33302	Streptococcus	Streptococcus lutetiensis
B29_12_months	k141_16416_phage125_2_13913_12_0.66	13912	B29_12_months__261299_Intestinibacter_bartlettii__k141_16416	3	13914	Intestinibacter	Intestinibacter bartlettii
B29_12_months	k141_18135_1_checkv_14733-29802/54007	15070	B29_12_months__1351_Enterococcus_faecalis__k141_18135	14733	29802	Enterococcus	Enterococcus faecalis
B29_12_months	k141_18711_1_checkv_46390-88059/119187	41670	B29_12_months__150055_Streptococcus_lutetiensis__k141_18711	46390	88059	Streptococcus	Streptococcus lutetiensis
B29_12_months	k141_19558	20307	B29_12_months__150055_Streptococcus_lutetiensis__k141_19558	1	20307	Streptococcus	Streptococcus lutetiensis
B29_12_months	k141_19608_1_checkv_1-35771/59400	35771	B29_12_months__1522_[Clostridium]_innocuum__k141_19608	1	35771	Erysipelatoclostridium	[Clostridium] innocuum
B29_12_months	k141_20102_1_checkv_30227-62903/62903	32677	B29_12_months__1351_Enterococcus_faecalis__k141_20102	30227	62903	Enterococcus	Enterococcus faecalis
B29_12_months	k141_21565_phage722_155239_167849_14_0.67	12611	B29_12_months__1547_Erysipelatoclostridium_ramosum__k141_21565	155240	167850	Erysipelatoclostridium	Erysipelatoclostridium ramosum
B29_12_months	k141_22159	16569	B29_12_months__292800_Flavonifractor_plautii__k141_22159	1	16569	Flavonifractor	Flavonifractor plautii
B29_12_months	k141_22405_1_checkv_16590-55959/55959	39370	B29_12_months__1134687_Klebsiella_michiganensis__k141_22405	16590	55959	Klebsiella	Klebsiella michiganensis
B29_12_months	k141_23275_phage74_9459_30392_28_0.68	20934	B29_12_months__29361_Tyzzerella_nexilis__k141_23275	9460	30393	Tyzzerella	Tyzzerella nexilis
B29_12_months	k141_23645_phage92_4225_22582_21_0.62	18358	B29_12_months__169435_Anaerotruncus_colihominis__k141_23645	4226	22583	Anaerotruncus	Anaerotruncus colihominis
B29_12_months	k141_23942_1_checkv_34098-55275/55275	21178	B29_12_months__29361_Tyzzerella_nexilis__k141_23942	34098	55275	Tyzzerella	Tyzzerella nexilis
B29_12_months	k141_26105_phage319_4969_21138_17_0.61	16170	B29_12_months__59620_uncultured_Clostridium_sp.__k141_26105	4970	21139	Clostridium	uncultured Clostridium sp.
B29_12_months	k141_27602_1_checkv_74585-85535/85535	10951	B29_12_months__1351_Enterococcus_faecalis__k141_27602	74585	85535	Enterococcus	Enterococcus faecalis
B29_12_months	k141_27787	46955	B29_12_months__360807_Roseburia_inulinivorans__k141_27787	1	46955	Roseburia	Roseburia inulinivorans
B29_12_months	k141_28169	33113	B29_12_months__853_Faecalibacterium_prausnitzii__k141_28169	1	33113	Faecalibacterium	Faecalibacterium prausnitzii
B29_12_months	k141_28880_phage555_2_19725_28_0.75	19724	B29_12_months__2040291_Dorea_phocaeensis__k141_28880	3	19726	Dorea	Dorea phocaeensis
B29_12_months	k141_29559	18124	B29_12_months__562_Escherichia_coli__k141_29559	1	18124	Escherichia	Escherichia coli
B29_12_months	k141_29693	11502	B29_12_months__292800_Flavonifractor_plautii__k141_29693	1	11502	Flavonifractor	Flavonifractor plautii
B29_12_months	k141_30313	12626	B29_12_months__28025_Bifidobacterium_animalis__k141_30313	1	12626	Bifidobacterium	Bifidobacterium animalis
B29_12_months	k141_30558_phage68_101309_117825_16_0.65	16517	B29_12_months__150055_Streptococcus_lutetiensis__k141_30558	101310	117826	Streptococcus	Streptococcus lutetiensis
B29_12_months	k141_30974_1_checkv_1-35994/57587	35994	B29_12_months__1193534_uncultured_Flavonifractor_sp.__k141_30974	1	35994	Flavonifractor	uncultured Flavonifractor sp.
B29_12_months	k141_31813_1_checkv_63260-91787/91787	28528	B29_12_months__1134687_Klebsiella_michiganensis__k141_31813	63260	91787	Klebsiella	Klebsiella michiganensis
B29_12_months	k141_32364_phage300_40693_57268_11_0.64	16576	B29_12_months__649756_Anaerostipes_hadrus__k141_32364	40694	57269	Anaerostipes	Anaerostipes hadrus
B29_12_months	k141_32447_1_checkv_19827-30520/43714	10694	B29_12_months__150055_Streptococcus_lutetiensis__k141_32447	19827	30520	Streptococcus	Streptococcus lutetiensis
B29_12_months	k141_34620_1_checkv_1-35288/43902	35288	B29_12_months__37734_Enterococcus_casseliflavus__k141_34620	1	35288	Enterococcus	Enterococcus casseliflavus
B29_12_months	k141_34978	10940	B29_12_months__1193534_uncultured_Flavonifractor_sp.__k141_34978	1	10940	Flavonifractor	uncultured Flavonifractor sp.
B29_12_months	k141_35369	12716	B29_12_months__1776391_Romboutsia_timonensis__k141_35369	1	12716	Romboutsia	Romboutsia timonensis
B29_12_months	k141_35489_phage588_2_12926_13_0.85	12925	B29_12_months__1776391_Romboutsia_timonensis__k141_35489	3	12927	Romboutsia	Romboutsia timonensis
B29_12_months	k141_35837	14332	B29_12_months__59620_uncultured_Clostridium_sp.__k141_35837	1	14332	Clostridium	uncultured Clostridium sp.
B29_12_months	k141_38500_phage89_139_17680_13_0.56	17542	B29_12_months__84112_Eggerthella_lenta__k141_38500	140	17681	Eggerthella	Eggerthella lenta
B29_12_months	k141_39483_phage253_255468_276464_19_0.63	20997	B29_12_months__853_Faecalibacterium_prausnitzii__k141_39483	255469	276465	Faecalibacterium	Faecalibacterium prausnitzii
B29_12_months	k141_40753_1_checkv_22802-76438/125037	53637	B29_12_months__1150298_Fusicatenibacter_saccharivorans__k141_40753	22802	76438	Fusicatenibacter	Fusicatenibacter saccharivorans
B29_12_months	k141_41495_phage456_102_13931_16_0.78	13830	B29_12_months__59620_uncultured_Clostridium_sp.__k141_41495	103	13932	Clostridium	uncultured Clostridium sp.
B29_12_months	k141_41495_phage458_33164_62051_19_0.66	28888	B29_12_months__59620_uncultured_Clostridium_sp.__k141_41495	33165	62052	Clostridium	uncultured Clostridium sp.
B29_12_months	k141_42249	30067	B29_12_months__360807_Roseburia_inulinivorans__k141_42249	1	30067	Roseburia	Roseburia inulinivorans
B29_12_months	k141_43963	29652	B29_12_months__1522_[Clostridium]_innocuum__k141_43963	1	29652	Erysipelatoclostridium	[Clostridium] innocuum
B29_12_months	k141_4558_1_checkv_10079-46691/63024	36613	B29_12_months__1547_Erysipelatoclostridium_ramosum__k141_4558	10079	46691	Erysipelatoclostridium	Erysipelatoclostridium ramosum
B29_12_months	k141_47445	15209	B29_12_months__3009494_Dorea_phocaeensis__k141_47445	1	15209	Dorea	Dorea phocaeensis
B29_12_months	k141_49682	19438	B29_12_months__292800_Flavonifractor_plautii__k141_49682	1	19438	Flavonifractor	Flavonifractor plautii
B29_12_months	k141_49951_1_checkv_115556-138668/138668	23113	B29_12_months__853_Faecalibacterium_prausnitzii__k141_49951	115556	138668	Faecalibacterium	Faecalibacterium prausnitzii
B29_12_months	k141_52873_phage6_3050_17180_16_0.51	14131	B29_12_months__1776391_Romboutsia_timonensis__k141_52873	3051	17181	Romboutsia	Romboutsia timonensis
B29_12_months	k141_53314_phage75_3432_15938_10_0.72	12507	B29_12_months__1150298_Fusicatenibacter_saccharivorans__k141_53314	3433	15939	Fusicatenibacter	Fusicatenibacter saccharivorans
B29_12_months	k141_53314_phage76_17444_34481_15_0.64	17038	B29_12_months__1150298_Fusicatenibacter_saccharivorans__k141_53314	17445	34482	Fusicatenibacter	Fusicatenibacter saccharivorans
B29_12_months	k141_54008_1_checkv_23017-38729/62114	15713	B29_12_months__1134687_Klebsiella_michiganensis__k141_54008	23017	38729	Klebsiella	Klebsiella michiganensis
B29_12_months	k141_57950	39769	B29_12_months__562_Escherichia_coli__k141_57950	1	39769	Escherichia	Escherichia coli
B29_12_months	k141_59188_phage637_3_24974_31_0.87	24972	B29_12_months__59620_uncultured_Clostridium_sp.__k141_59188	4	24975	Clostridium	uncultured Clostridium sp.
B29_12_months	k141_59316_phage644_6670_21947_17_0.6	15278	B29_12_months__59620_uncultured_Clostridium_sp.__k141_59316	6671	21948	Clostridium	uncultured Clostridium sp.
B29_12_months	k141_59316_phage645_25224_41199_13_0.76	15976	B29_12_months__59620_uncultured_Clostridium_sp.__k141_59316	25225	41200	Clostridium	uncultured Clostridium sp.
B29_12_months	k141_61253_phage93_397_15086_18_0.62	14690	B29_12_months__59620_uncultured_Clostridium_sp.__k141_61253	398	15087	Clostridium	uncultured Clostridium sp.
B29_12_months	k141_64535_1_checkv_170064-181413/181413	11350	B29_12_months__562_Escherichia_coli__k141_64535	170064	181413	Escherichia	Escherichia coli
B29_12_months	k141_64668_1_checkv_216262-251134/265357	34873	B29_12_months__292800_Flavonifractor_plautii__k141_64668	216262	251134	Flavonifractor	Flavonifractor plautii
B29_12_months	k141_67055_phage653_3_15133_11_0.67	15131	B29_12_months__1134687_Klebsiella_michiganensis__k141_67055	4	15134	Klebsiella	Klebsiella michiganensis
B29_12_months	k141_67066_phage656_3_15015_18_0.89	15013	B29_12_months__1776391_Romboutsia_timonensis__k141_67066	4	15016	Romboutsia	Romboutsia timonensis
B29_12_months	k141_67254_phage670_35090_48530_20_0.59	13441	B29_12_months__2040291_Dorea_phocaeensis__k141_67254	35091	48531	Dorea	Dorea phocaeensis
B29_12_months	k141_68354_1_checkv_41629-71627/71627	29999	B29_12_months__292800_Flavonifractor_plautii__k141_68354	41629	71627	Flavonifractor	Flavonifractor plautii
B29_12_months	k141_71439_phage416_158419_172112_17_0.65	13694	B29_12_months__1547_Erysipelatoclostridium_ramosum__k141_71439	158420	172113	Erysipelatoclostridium	Erysipelatoclostridium ramosum
B29_12_months	k141_72615_1_checkv_28399-69941/296381	41543	B29_12_months__562_Escherichia_coli__k141_72615	28399	69941	Escherichia	Escherichia coli
B29_12_months	k141_72649_phage547_29761_41189_10_0.59	11429	B29_12_months__1547_Erysipelatoclostridium_ramosum__k141_72649	29762	41190	Erysipelatoclostridium	Erysipelatoclostridium ramosum
B29_12_months	k141_73164	32171	B29_12_months__39488_Anaerobutyricum_hallii__k141_73164	1	32171	Anaerobutyricum	Anaerobutyricum hallii
B29_12_months	k141_75962	23982	B29_12_months__37734_Enterococcus_casseliflavus__k141_75962	1	23982	Enterococcus	Enterococcus casseliflavus
B29_12_months	k141_76069	28315	B29_12_months__1318_Streptococcus_parasanguinis__k141_76069	1	28315	Streptococcus	Streptococcus parasanguinis
B29_12_months	k141_76856	35259	B29_12_months__28025_Bifidobacterium_animalis__k141_76856	1	35259	Bifidobacterium	Bifidobacterium animalis
B29_12_months	k141_7738_1_checkv_6811-22080/74081	15270	B29_12_months__1193534_uncultured_Flavonifractor_sp.__k141_7738	6811	22080	Flavonifractor	uncultured Flavonifractor sp.
B29_12_months	k141_77631	48266	B29_12_months__1522_[Clostridium]_innocuum__k141_77631	1	48266	Erysipelatoclostridium	[Clostridium] innocuum
B29_12_months	k141_79505_phage450_18111_33807_13_0.59	15697	B29_12_months__1547_Erysipelatoclostridium_ramosum__k141_79505	18112	33808	Erysipelatoclostridium	Erysipelatoclostridium ramosum
B29_12_months	k141_79794	20138	B29_12_months__47715_Lacticaseibacillus_rhamnosus__k141_79794	1	20138	Lacticaseibacillus	Lacticaseibacillus rhamnosus
B29_12_months	k141_80286_phage526_10719_21699_12_0.65	10981	B29_12_months__1351_Enterococcus_faecalis__k141_80286	10720	21700	Enterococcus	Enterococcus faecalis
B29_12_months	k141_81655_1_checkv_97624-123391/123391	25768	B29_12_months__150055_Streptococcus_lutetiensis__k141_81655	97624	123391	Streptococcus	Streptococcus lutetiensis
B29_12_months	k141_82694	14482	B29_12_months__562_Escherichia_coli__k141_82694	1	14482	Escherichia	Escherichia coli
B29_12_months	k141_82808_phage7_349_38817_40_0.69	38468	B29_12_months__59620_uncultured_Clostridium_sp.__k141_82808	350	38817	Clostridium	uncultured Clostridium sp.
B29_12_months	k141_838	16916	B29_12_months__28025_Bifidobacterium_animalis__k141_838	1	16916	Bifidobacterium	Bifidobacterium animalis
B29_12_months	k141_88183_1_checkv_59508-76858/76858	17351	B29_12_months__2040291_Dorea_phocaeensis__k141_88183	59508	76858	Dorea	Dorea phocaeensis
B29_12_months	k141_88508_1_checkv_1-42941/73491	42941	B29_12_months__1193534_uncultured_Flavonifractor_sp.__k141_88508	1	42941	Flavonifractor	uncultured Flavonifractor sp.
B29_12_months	k141_90682_phage71_79061_90325_15_0.69	11265	B29_12_months__2040291_Dorea_phocaeensis__k141_90682	79062	90326	Dorea	Dorea phocaeensis
B29_12_months	k141_9090_1_checkv_31444-67373/136505	35930	B29_12_months__1351_Enterococcus_faecalis__k141_9090	31444	67373	Enterococcus	Enterococcus faecalis
B29_12_months	k141_9259_phage188_1_13772_14_0.89	13772	B29_12_months__84112_Eggerthella_lenta__k141_9259	2	13773	Eggerthella	Eggerthella lenta
B29_12_months	k141_94242_1_checkv_40430-86363/288725	45934	B29_12_months__40545_Sutterella_wadsworthensis__k141_94242	40430	86363	Sutterella	Sutterella wadsworthensis
B29_12_months	k141_94515_phage464_3_21370_18_0.71	21368	B29_12_months__59620_uncultured_Clostridium_sp.__k141_94515	4	21371	Clostridium	uncultured Clostridium sp.
B29_12_months	k141_94515_phage465_31073_50764_17_0.72	19692	B29_12_months__59620_uncultured_Clostridium_sp.__k141_94515	31074	50765	Clostridium	uncultured Clostridium sp.
B29_12_months	k141_95029_1_checkv_65417-78562/78562	13146	B29_12_months__37734_Enterococcus_casseliflavus__k141_95029	65417	78562	Enterococcus	Enterococcus casseliflavus
B29_12_months	k141_95407_1_checkv_11879-49538/56593	37660	B29_12_months__1351_Enterococcus_faecalis__k141_95407	11879	49538	Enterococcus	Enterococcus faecalis
B29_12_months	k141_99692_1_checkv_117014-144688/144688	27675	B29_12_months__1912855_Faecalimonas_umbilicata__k141_99692	117014	144688	Faecalimonas	Faecalimonas umbilicata
B29_6_months	k141_1092_phage122_12802_29587_17_0.68	16786	B29_6_months__137838_Clostridium_neonatale__k141_1092	12803	29588	Clostridium	Clostridium neonatale
B29_6_months	k141_11067_phage72_41303_61678_22_0.62	20376	B29_6_months__137838_Clostridium_neonatale__k141_11067	41304	61679	Clostridium	Clostridium neonatale
B29_6_months	k141_11929	11803	B29_6_months__216816_Bifidobacterium_longum__k141_11929	1	11803	Bifidobacterium	Bifidobacterium longum
B29_6_months	k141_12065_phage199_233_10716_10_0.76	10484	B29_6_months__137838_Clostridium_neonatale__k141_12065	234	10717	Clostridium	Clostridium neonatale
B29_6_months	k141_13855	38680	B29_6_months__216816_Bifidobacterium_longum__k141_13855	1	38680	Bifidobacterium	Bifidobacterium longum
B29_6_months	k141_14890_1_checkv_363557-404390/458412	40834	B29_6_months__29466_Veillonella_parvula__k141_14890	363557	404390	Veillonella	Veillonella parvula
B29_6_months	k141_14910_phage115_191_15951_21_0.77	15761	B29_6_months__137838_Clostridium_neonatale__k141_14910	192	15952	Clostridium	Clostridium neonatale
B29_6_months	k141_15106_phage131_228_45647_40_0.67	45420	B29_6_months__137838_Clostridium_neonatale__k141_15106	229	45648	Clostridium	Clostridium neonatale
B29_6_months	k141_15904_phage227_192_39416_47_0.8	39225	B29_6_months__137838_Clostridium_neonatale__k141_15904	193	39417	Clostridium	Clostridium neonatale
B29_6_months	k141_15911	31549	B29_6_months__216816_Bifidobacterium_longum__k141_15911	1	31549	Bifidobacterium	Bifidobacterium longum
B29_6_months	k141_17119_phage106_125_25489_19_0.71	25365	B29_6_months__137838_Clostridium_neonatale__k141_17119	126	25490	Clostridium	Clostridium neonatale
B29_6_months	k141_17279	16884	B29_6_months__216816_Bifidobacterium_longum__k141_17279	1	16884	Bifidobacterium	Bifidobacterium longum
B29_6_months	k141_17759_phage185_3652_17073_16_0.65	13422	B29_6_months__137838_Clostridium_neonatale__k141_17759	3653	17074	Clostridium	Clostridium neonatale
B29_6_months	k141_17962	24863	B29_6_months__216816_Bifidobacterium_longum__k141_17962	1	24863	Bifidobacterium	Bifidobacterium longum
B29_6_months	k141_18263	16973	B29_6_months__216816_Bifidobacterium_longum__k141_18263	1	16973	Bifidobacterium	Bifidobacterium longum
B29_6_months	k141_18819_1_checkv_22799-49539/49539	26741	B29_6_months__137838_Clostridium_neonatale__k141_18819	22799	49539	Clostridium	Clostridium neonatale
B29_6_months	k141_20063_phage151_113_16251_23_0.89	16138	B29_6_months__137838_Clostridium_neonatale__k141_20063	114	16251	Clostridium	Clostridium neonatale
B29_6_months	k141_21531_phage125_49289_76932_24_0.6	27644	B29_6_months__137838_Clostridium_neonatale__k141_21531	49290	76933	Clostridium	Clostridium neonatale
B29_6_months	k141_21556_phage126_16737_34759_15_0.68	18023	B29_6_months__137838_Clostridium_neonatale__k141_21556	16738	34760	Clostridium	Clostridium neonatale
B29_6_months	k141_2188	21682	B29_6_months__3012498_Streptococcus_sp._F0442__k141_2188	1	21682	Streptococcus	Streptococcus sp. F0442
B29_6_months	k141_22577	98409	B29_6_months__3027591_Schaalia_odontolytica__k141_22577	1	98409	Schaalia	Schaalia odontolytica
B29_6_months	k141_23257	67271	B29_6_months__244366_Klebsiella_variicola__k141_23257	1	67271	Klebsiella	Klebsiella variicola
B29_6_months	k141_23859_1_checkv_152207-194519/338079	42313	B29_6_months__1134687_Klebsiella_michiganensis__k141_23859	152207	194519	Klebsiella	Klebsiella michiganensis
B29_6_months	k141_23913_phage231_51163_63675_13_0.7	12513	B29_6_months__137838_Clostridium_neonatale__k141_23913	12649	137	Clostridium	Clostridium neonatale
B29_6_months	k141_23913_phage231_51163_63675_13_0.7	12513	B29_6_months__137838_Clostridium_neonatale__k141_23913	51164	63676	Clostridium	Clostridium neonatale
B29_6_months	k141_25458_1_checkv_317046-340685/340685	23640	B29_6_months__1134687_Klebsiella_michiganensis__k141_25458	317046	340685	Klebsiella	Klebsiella michiganensis
B29_6_months	k141_26351	27662	B29_6_months__216816_Bifidobacterium_longum__k141_26351	1	27662	Bifidobacterium	Bifidobacterium longum
B29_6_months	k141_26402	58962	B29_6_months__216816_Bifidobacterium_longum__k141_26402	1	58962	Bifidobacterium	Bifidobacterium longum
B29_6_months	k141_26762	11724	B29_6_months__3012498_Streptococcus_sp._F0442__k141_26762	1	11724	Streptococcus	Streptococcus sp. F0442
B29_6_months	k141_27204_1_checkv_38581-93498/96360	54918	B29_6_months__244366_Klebsiella_variicola__k141_27204	38581	93498	Klebsiella	Klebsiella variicola
B29_6_months	k141_27321_1_checkv_15482-57279/120936	41798	B29_6_months__1134687_Klebsiella_michiganensis__k141_27321	15482	57279	Klebsiella	Klebsiella michiganensis
B29_6_months	k141_27922	10185	B29_6_months__28026_Bifidobacterium_pseudocatenulatum__k141_27922	1	10185	Bifidobacterium	Bifidobacterium pseudocatenulatum
B29_6_months	k141_29108_phage58_7857_35478_28_0.7	27622	B29_6_months__137838_Clostridium_neonatale__k141_29108	7858	35479	Clostridium	Clostridium neonatale
B29_6_months	k141_29503_phage103_3_10308_10_0.81	10306	B29_6_months__216816_Bifidobacterium_longum__k141_29503	4	10309	Bifidobacterium	Bifidobacterium longum
B29_6_months	k141_29593	14178	B29_6_months__3027591_Schaalia_odontolytica__k141_29593	1	14178	Schaalia	Schaalia odontolytica
B29_6_months	k141_30501_1_checkv_39667-53511/73149	13845	B29_6_months__137838_Clostridium_neonatale__k141_30501	39667	53511	Clostridium	Clostridium neonatale
B29_6_months	k141_30913_phage44_264_39185_35_0.63	38922	B29_6_months__137838_Clostridium_neonatale__k141_30913	265	39186	Clostridium	Clostridium neonatale
B29_6_months	k141_30993	35003	B29_6_months__1351_Enterococcus_faecalis__k141_30993	1	35003	Enterococcus	Enterococcus faecalis
B29_6_months	k141_32047_1_checkv_62085-102475/135466	40391	B29_6_months__137838_Clostridium_neonatale__k141_32047	62085	102475	Clostridium	Clostridium neonatale
B29_6_months	k141_37886_phage129_45727_57063_10_0.63	11337	B29_6_months__3012498_Streptococcus_sp._F0442__k141_37886	45728	57064	Streptococcus	Streptococcus sp. F0442
B29_6_months	k141_40172	19274	B29_6_months__28026_Bifidobacterium_pseudocatenulatum__k141_40172	1	19274	Bifidobacterium	Bifidobacterium pseudocatenulatum
B29_6_months	k141_4020_phage153_53601_78758_27_0.65	25158	B29_6_months__137838_Clostridium_neonatale__k141_4020	53602	78759	Clostridium	Clostridium neonatale
B29_6_months	k141_40371_phage191_670_29982_28_0.72	29313	B29_6_months__137838_Clostridium_neonatale__k141_40371	671	29983	Clostridium	Clostridium neonatale
B29_6_months	k141_4521	17772	B29_6_months__216816_Bifidobacterium_longum__k141_4521	1	17772	Bifidobacterium	Bifidobacterium longum
B29_6_months	k141_4774	34925	B29_6_months__244366_Klebsiella_variicola__k141_4774	1	34925	Klebsiella	Klebsiella variicola
B29_6_months	k141_7664_phage161_47007_65380_16_0.62	18374	B29_6_months__137838_Clostridium_neonatale__k141_7664	47008	65381	Clostridium	Clostridium neonatale
B29_6_months	k141_9128_phage100_151_17916_14_0.68	17766	B29_6_months__1660_Schaalia_odontolytica__k141_9128	152	17917	Schaalia	Schaalia odontolytica
B29_6_months	k141_9233_phage111_3_22757_21_0.82	22755	B29_6_months__137838_Clostridium_neonatale__k141_9233	4	22758	Clostridium	Clostridium neonatale
B30_12_months	k141_11073_1_checkv_44362-57821/57821	13460	B30_12_months__292800_Flavonifractor_plautii__k141_11073	44362	57821	Flavonifractor	Flavonifractor plautii
B30_12_months	k141_1222	31675	B30_12_months__216816_Bifidobacterium_longum__k141_1222	1	31675	Bifidobacterium	Bifidobacterium longum
B30_12_months	k141_13158_phage285_126_12241_16_0.69	12116	B30_12_months__59620_uncultured_Clostridium_sp.__k141_13158	127	12242	Clostridium	uncultured Clostridium sp.
B30_12_months	k141_14950_phage466_146_10523_10_0.57	10378	B30_12_months__150055_Streptococcus_lutetiensis__k141_14950	147	10524	Streptococcus	Streptococcus lutetiensis
B30_12_months	k141_1542	11571	B30_12_months__59620_uncultured_Clostridium_sp.__k141_1542	1	11571	Clostridium	uncultured Clostridium sp.
B30_12_months	k141_1544	36883	B30_12_months__853_Faecalibacterium_prausnitzii__k141_1544	1	36883	Faecalibacterium	Faecalibacterium prausnitzii
B30_12_months	k141_16225_phage8_15687_37185_25_0.66	21499	B30_12_months__137838_Clostridium_neonatale__k141_16225	15688	37186	Clostridium	Clostridium neonatale
B30_12_months	k141_1660_1_checkv_22700-33637/50665	10938	B30_12_months__47715_Lacticaseibacillus_rhamnosus__k141_1660	22700	33637	Lacticaseibacillus	Lacticaseibacillus rhamnosus
B30_12_months	k141_16978_phage142_7_19323_27_0.71	19317	B30_12_months__1547_Erysipelatoclostridium_ramosum__k141_16978	8	19324	Erysipelatoclostridium	Erysipelatoclostridium ramosum
B30_12_months	k141_17376_1_checkv_51730-99501/120992	47772	B30_12_months__371601_Bacteroides_xylanisolvens__k141_17376	51730	99501	Bacteroides	Bacteroides xylanisolvens
B30_12_months	k141_17834_1_checkv_52796-85767/102451	32972	B30_12_months__187326_Megasphaera_micronuciformis__k141_17834	52796	85767	Megasphaera	Megasphaera micronuciformis
B30_12_months	k141_18405_1_checkv_1-32750/69345	32750	B30_12_months__47715_Lacticaseibacillus_rhamnosus__k141_18405	1	32750	Lacticaseibacillus	Lacticaseibacillus rhamnosus
B30_12_months	k141_19282_phage438_2_17273_16_0.71	17272	B30_12_months__59620_uncultured_Clostridium_sp.__k141_19282	3	17274	Clostridium	uncultured Clostridium sp.
B30_12_months	k141_19523	37295	B30_12_months__1110546_Veillonella_tobetsuensis__k141_19523	1	37295	Veillonella	Veillonella tobetsuensis
B30_12_months	k141_19982_1_checkv_53367-84867/84867	31501	B30_12_months__1522_[Clostridium]_innocuum__k141_19982	53367	84867	Erysipelatoclostridium	[Clostridium] innocuum
B30_12_months	k141_20996	33091	B30_12_months__562_Escherichia_coli__k141_20996	1	33091	Escherichia	Escherichia coli
B30_12_months	k141_23023	11268	B30_12_months__562_Escherichia_coli__k141_23023	1	11268	Escherichia	Escherichia coli
B30_12_months	k141_23689_1_checkv_13307-52359/88872	39053	B30_12_months__150055_Streptococcus_lutetiensis__k141_23689	13307	52359	Streptococcus	Streptococcus lutetiensis
B30_12_months	k141_23765_phage265_138_15554_16_0.76	15417	B30_12_months__137838_Clostridium_neonatale__k141_23765	139	15555	Clostridium	Clostridium neonatale
B30_12_months	k141_2423_phage270_14913_36103_21_0.68	21191	B30_12_months__84112_Eggerthella_lenta__k141_2423	14914	36104	Eggerthella	Eggerthella lenta
B30_12_months	k141_2423_phage271_38817_58924_22_0.59	20108	B30_12_months__84112_Eggerthella_lenta__k141_2423	38818	58925	Eggerthella	Eggerthella lenta
B30_12_months	k141_26776	16751	B30_12_months__562_Escherichia_coli__k141_26776	1	16751	Escherichia	Escherichia coli
B30_12_months	k141_27156	20414	B30_12_months__1579_Lactobacillus_acidophilus__k141_27156	1	20414	Lactobacillus	Lactobacillus acidophilus
B30_12_months	k141_28270_1_checkv_1-20082/39219	20082	B30_12_months__292800_Flavonifractor_plautii__k141_28270	1	20082	Flavonifractor	Flavonifractor plautii
B30_12_months	k141_28871_phage184_144_14489_16_0.64	14346	B30_12_months__137838_Clostridium_neonatale__k141_28871	145	14490	Clostridium	Clostridium neonatale
B30_12_months	k141_29402	19976	B30_12_months__291645_Bacteroides_nordii__k141_29402	1	19976	Bacteroides	Bacteroides nordii
B30_12_months	k141_29423_phage264_1_12587_11_0.72	12587	B30_12_months__59620_uncultured_Clostridium_sp.__k141_29423	2	12588	Clostridium	uncultured Clostridium sp.
B30_12_months	k141_29641_phage293_19495_40381_20_0.71	20887	B30_12_months__1579_Lactobacillus_acidophilus__k141_29641	19496	40382	Lactobacillus	Lactobacillus acidophilus
B30_12_months	k141_31299_1_checkv_140882-171165/171165	30284	B30_12_months__292800_Flavonifractor_plautii__k141_31299	140882	171165	Flavonifractor	Flavonifractor plautii
B30_12_months	k141_32225	21916	B30_12_months__216816_Bifidobacterium_longum__k141_32225	1	21916	Bifidobacterium	Bifidobacterium longum
B30_12_months	k141_32226	13830	B30_12_months__59620_uncultured_Clostridium_sp.__k141_32226	1	13830	Clostridium	uncultured Clostridium sp.
B30_12_months	k141_32795_phage30_11355_23272_11_0.57	11918	B30_12_months__137838_Clostridium_neonatale__k141_32795	11356	23273	Clostridium	Clostridium neonatale
B30_12_months	k141_33650	79566	B30_12_months__291645_Bacteroides_nordii__k141_33650	1	79566	Bacteroides	Bacteroides nordii
B30_12_months	k141_34080_phage183_3_14695_13_0.71	14693	B30_12_months__371601_Bacteroides_xylanisolvens__k141_34080	4	14696	Bacteroides	Bacteroides xylanisolvens
B30_12_months	k141_36498_1_checkv_66801-116853/116853	50053	B30_12_months__291645_Bacteroides_nordii__k141_36498	66801	116853	Bacteroides	Bacteroides nordii
B30_12_months	k141_37762	22675	B30_12_months__562_Escherichia_coli__k141_37762	1	22675	Escherichia	Escherichia coli
B30_12_months	k141_37776	16318	B30_12_months__371601_Bacteroides_xylanisolvens__k141_37776	1	16318	Bacteroides	Bacteroides xylanisolvens
B30_12_months	k141_38317_phage116_126782_145071_20_0.51	18290	B30_12_months__29466_Veillonella_parvula__k141_38317	126783	145072	Veillonella	Veillonella parvula
B30_12_months	k141_41007	28816	B30_12_months__371601_Bacteroides_xylanisolvens__k141_41007	1	28816	Bacteroides	Bacteroides xylanisolvens
B30_12_months	k141_41753_1_checkv_77175-191560/339061	114386	B30_12_months__853_Faecalibacterium_prausnitzii__k141_41753	77175	191560	Faecalibacterium	Faecalibacterium prausnitzii
B30_12_months	k141_42557_phage610_14224_27501_14_0.57	13278	B30_12_months__84112_Eggerthella_lenta__k141_42557	14225	27502	Eggerthella	Eggerthella lenta
B30_12_months	k141_43531_phage43_1_19229_11_0.65	19229	B30_12_months__59620_uncultured_Clostridium_sp.__k141_43531	2	19230	Clostridium	uncultured Clostridium sp.
B30_12_months	k141_44818_1_checkv_21658-47710/47710	26053	B30_12_months__562_Escherichia_coli__k141_44818	21658	47710	Escherichia	Escherichia coli
B30_12_months	k141_44861_phage171_1178_11981_15_0.58	10804	B30_12_months__150055_Streptococcus_lutetiensis__k141_44861	1179	11982	Streptococcus	Streptococcus lutetiensis
B30_12_months	k141_4509	48521	B30_12_months__33038_[Ruminococcus]_gnavus__k141_4509	1	48521	Mediterraneibacter	[Ruminococcus] gnavus
B30_12_months	k141_48115_1_checkv_11985-26308/55421	14324	B30_12_months__150055_Streptococcus_lutetiensis__k141_48115	11985	26308	Streptococcus	Streptococcus lutetiensis
B30_12_months	k141_48933_1_checkv_41041-72265/85033	31225	B30_12_months__371601_Bacteroides_xylanisolvens__k141_48933	41041	72265	Bacteroides	Bacteroides xylanisolvens
B30_12_months	k141_50629_1_checkv_142287-200529/200529	58243	B30_12_months__853_Faecalibacterium_prausnitzii__k141_50629	142287	200529	Faecalibacterium	Faecalibacterium prausnitzii
B30_12_months	k141_50801_1_checkv_15705-48996/55881	33292	B30_12_months__562_Escherichia_coli__k141_50801	15705	48996	Escherichia	Escherichia coli
B30_12_months	k141_51176_phage315_71_20466_21_0.6	20396	B30_12_months__137838_Clostridium_neonatale__k141_51176	72	20467	Clostridium	Clostridium neonatale
B30_12_months	k141_52531_phage478_1_11915_14_0.78	11915	B30_12_months__59620_uncultured_Clostridium_sp.__k141_52531	2	11916	Clostridium	uncultured Clostridium sp.
B30_12_months	k141_5305_phage599_1_19955_21_0.74	19955	B30_12_months__562_Escherichia_coli__k141_5305	2	19956	Escherichia	Escherichia coli
B30_12_months	k141_5305_phage600_20456_34739_29_0.68	14284	B30_12_months__562_Escherichia_coli__k141_5305	20457	34740	Escherichia	Escherichia coli
B30_12_months	k141_53260_phage547_1_11341_11_0.73	11341	B30_12_months__137838_Clostridium_neonatale__k141_53260	2	11342	Clostridium	Clostridium neonatale
B30_12_months	k141_54514	30052	B30_12_months__59620_uncultured_Clostridium_sp.__k141_54514	1	30052	Clostridium	uncultured Clostridium sp.
B30_12_months	k141_55143_phage113_88_39974_60_0.83	39887	B30_12_months__29466_Veillonella_parvula__k141_55143	89	39975	Veillonella	Veillonella parvula
B30_12_months	k141_56036_phage239_7031_28721_23_0.65	21691	B30_12_months__1547_Erysipelatoclostridium_ramosum__k141_56036	7032	28722	Erysipelatoclostridium	Erysipelatoclostridium ramosum
B30_12_months	k141_56054_phage254_159_17936_19_0.53	17778	B30_12_months__137838_Clostridium_neonatale__k141_56054	160	17937	Clostridium	Clostridium neonatale
B30_12_months	k141_56639_1_checkv_9640-52336/124941	42697	B30_12_months__562_Escherichia_coli__k141_56639	9640	52336	Escherichia	Escherichia coli
B30_12_months	k141_57563_phage418_29753_40674_12_0.58	10922	B30_12_months__1579_Lactobacillus_acidophilus__k141_57563	29754	40675	Lactobacillus	Lactobacillus acidophilus
B30_12_months	k141_58094_phage490_1_21150_22_0.69	21150	B30_12_months__59620_uncultured_Clostridium_sp.__k141_58094	2	21151	Clostridium	uncultured Clostridium sp.
B30_12_months	k141_58821	12233	B30_12_months__1579_Lactobacillus_acidophilus__k141_58821	1	12233	Lactobacillus	Lactobacillus acidophilus
B30_12_months	k141_58863_phage567_2_18033_15_0.6	18032	B30_12_months__137838_Clostridium_neonatale__k141_58863	3	18034	Clostridium	Clostridium neonatale
B30_12_months	k141_58944_phage569_2_16740_14_0.77	16739	B30_12_months__47715_Lacticaseibacillus_rhamnosus__k141_58944	3	16741	Lacticaseibacillus	Lacticaseibacillus rhamnosus
B30_12_months	k141_5967_1_checkv_10545-39096/39096	28552	B30_12_months__187326_Megasphaera_micronuciformis__k141_5967	10545	39096	Megasphaera	Megasphaera micronuciformis
B30_12_months	k141_60925_phage174_43472_55646_10_0.61	12175	B30_12_months__1579_Lactobacillus_acidophilus__k141_60925	43473	55647	Lactobacillus	Lactobacillus acidophilus
B30_12_months	k141_61083_phage195_1_38880_57_0.85	38879	B30_12_months__1768764_Streptococcus_sp._CCH5-D3__k141_61083	2	38880	Streptococcus	Streptococcus sp. CCH5-D3
B30_12_months	k141_61369_phage233_64427_75745_14_0.58	11319	B30_12_months__371601_Bacteroides_xylanisolvens__k141_61369	64428	75746	Bacteroides	Bacteroides xylanisolvens
B30_12_months	k141_62060	44463	B30_12_months__216816_Bifidobacterium_longum__k141_62060	1	44463	Bifidobacterium	Bifidobacterium longum
B30_12_months	k141_63978_phage511_3_21568_17_0.77	21566	B30_12_months__1768764_Streptococcus_sp._CCH5-D3__k141_63978	4	21569	Streptococcus	Streptococcus sp. CCH5-D3
B30_12_months	k141_64166_phage530_71258_85082_14_0.56	13825	B30_12_months__1522_[Clostridium]_innocuum__k141_64166	71259	85083	Erysipelatoclostridium	[Clostridium] innocuum
B30_12_months	k141_65604_phage98_176_10225_17_0.71	10050	B30_12_months__291645_Bacteroides_nordii__k141_65604	177	10226	Bacteroides	Bacteroides nordii
B30_12_months	k141_6690_1_checkv_30439-61922/117868	31484	B30_12_months__1547_Erysipelatoclostridium_ramosum__k141_6690	30439	61922	Erysipelatoclostridium	Erysipelatoclostridium ramosum
B30_12_months	k141_68989	17549	B30_12_months__329854_Bacteroides_intestinalis__k141_68989	1	17549	Bacteroides	Bacteroides intestinalis
B30_12_months	k141_69106	132345	B30_12_months__371601_Bacteroides_xylanisolvens__k141_69106	1	132345	Bacteroides	Bacteroides xylanisolvens
B30_12_months	k141_69307_1_checkv_134989-164390/350441	29402	B30_12_months__187326_Megasphaera_micronuciformis__k141_69307	134989	164390	Megasphaera	Megasphaera micronuciformis
B30_12_months	k141_70287_phage27_471_16041_16_0.56	15571	B30_12_months__150055_Streptococcus_lutetiensis__k141_70287	472	16042	Streptococcus	Streptococcus lutetiensis
B30_12_months	k141_72542_phage294_5566_23051_17_0.65	17486	B30_12_months__137838_Clostridium_neonatale__k141_72542	5567	23052	Clostridium	Clostridium neonatale
B30_12_months	k141_73543_1_checkv_25800-59492/96157	33693	B30_12_months__1681_Bifidobacterium_bifidum__k141_73543	25800	59492	Bifidobacterium	Bifidobacterium bifidum
B30_12_months	k141_75745	39347	B30_12_months__291645_Bacteroides_nordii__k141_75745	1	39347	Bacteroides	Bacteroides nordii
B30_12_months	k141_76477	15375	B30_12_months__562_Escherichia_coli__k141_76477	1	15375	Escherichia	Escherichia coli
B30_12_months	k141_77030_phage215_47354_58349_14_0.57	10996	B30_12_months__29466_Veillonella_parvula__k141_77030	47355	58350	Veillonella	Veillonella parvula
B30_12_months	k141_77473_1_checkv_74828-110683/144599	35856	B30_12_months__1547_Erysipelatoclostridium_ramosum__k141_77473	74828	110683	Erysipelatoclostridium	Erysipelatoclostridium ramosum
B30_12_months	k141_78434_phage388_196_16176_14_0.7	15981	B30_12_months__137838_Clostridium_neonatale__k141_78434	197	16177	Clostridium	Clostridium neonatale
B30_12_months	k141_79292_phage493_87060_106395_20_0.49	19336	B30_12_months__1547_Erysipelatoclostridium_ramosum__k141_79292	87061	106396	Erysipelatoclostridium	Erysipelatoclostridium ramosum
B30_12_months	k141_79516_phage531_4392_20934_16_0.73	16542	B30_12_months__1547_Erysipelatoclostridium_ramosum__k141_79516	4393	20934	Erysipelatoclostridium	Erysipelatoclostridium ramosum
B30_12_months	k141_79828_1_checkv_11772-54508/80468	42737	B30_12_months__150055_Streptococcus_lutetiensis__k141_79828	11772	54508	Streptococcus	Streptococcus lutetiensis
B30_12_months	k141_81320_phage74_2_11324_12_0.76	11323	B30_12_months__1547_Erysipelatoclostridium_ramosum__k141_81320	3	11325	Erysipelatoclostridium	Erysipelatoclostridium ramosum
B30_12_months	k141_8228_1_checkv_129720-169099/251742	39380	B30_12_months__292800_Flavonifractor_plautii__k141_8228	129720	169099	Flavonifractor	Flavonifractor plautii
B30_12_months	k141_82649_1_checkv_49205-85271/85271	36067	B30_12_months__187326_Megasphaera_micronuciformis__k141_82649	49205	85271	Megasphaera	Megasphaera micronuciformis
B30_12_months	k141_83282	25094	B30_12_months__216816_Bifidobacterium_longum__k141_83282	1	25094	Bifidobacterium	Bifidobacterium longum
B30_12_months	k141_84549_1_checkv_12912-47571/121997	34660	B30_12_months__84112_Eggerthella_lenta__k141_84549	12912	47571	Eggerthella	Eggerthella lenta
B30_12_months	k141_85381_phage557_163_37190_43_0.87	37028	B30_12_months__59620_uncultured_Clostridium_sp.__k141_85381	164	37191	Clostridium	uncultured Clostridium sp.
B30_12_months	k141_85946	27026	B30_12_months__329854_Bacteroides_intestinalis__k141_85946	1	27026	Bacteroides	Bacteroides intestinalis
B30_12_months	k141_8692	43911	B30_12_months__291645_Bacteroides_nordii__k141_8692	1	43911	Bacteroides	Bacteroides nordii
B30_12_months	k141_8966_1_checkv_108955-120585/120585	11631	B30_12_months__187326_Megasphaera_micronuciformis__k141_8966	108955	120585	Megasphaera	Megasphaera micronuciformis
B30_12_months	k141_9313	68159	B30_12_months__291645_Bacteroides_nordii__k141_9313	1	68159	Bacteroides	Bacteroides nordii
B30_12_months	k141_9799_phage554_16454_47531_30_0.51	31078	B30_12_months__291645_Bacteroides_nordii__k141_9799	16455	47532	Bacteroides	Bacteroides nordii
B30_6_months	k141_10713	29449	B30_6_months__39777_Veillonella_atypica__k141_10713	1	29449	Veillonella	Veillonella atypica
B30_6_months	k141_11361_phage454_264_39185_35_0.59	38922	B30_6_months__137838_Clostridium_neonatale__k141_11361	265	39186	Clostridium	Clostridium neonatale
B30_6_months	k141_11449_1_checkv_1-12305/375127	12305	B30_6_months__239935_Akkermansia_muciniphila__k141_11449	1	12305	Akkermansia	Akkermansia muciniphila
B30_6_months	k141_11627_phage62_14206_25852_13_0.69	11647	B30_6_months__216816_Bifidobacterium_longum__k141_11627	14207	25853	Bifidobacterium	Bifidobacterium longum
B30_6_months	k141_11947	13551	B30_6_months__1492_Clostridium_butyricum__k141_11947	1	13551	Clostridium	Clostridium butyricum
B30_6_months	k141_12318_phage130_2793_18670_14_0.7	15878	B30_6_months__47715_Lacticaseibacillus_rhamnosus__k141_12318	2794	18671	Lacticaseibacillus	Lacticaseibacillus rhamnosus
B30_6_months	k141_1398	13589	B30_6_months__39777_Veillonella_atypica__k141_1398	1	13589	Veillonella	Veillonella atypica
B30_6_months	k141_14045	18829	B30_6_months__371601_Bacteroides_xylanisolvens__k141_14045	1	18829	Bacteroides	Bacteroides xylanisolvens
B30_6_months	k141_14262_phage20_26274_45847_16_0.74	19574	B30_6_months__1335613_Gordonibacter_urolithinfaciens__k141_14262	26275	45848	Gordonibacter	Gordonibacter urolithinfaciens
B30_6_months	k141_17015_phage412_203_23582_34_0.71	23380	B30_6_months__216816_Bifidobacterium_longum__k141_17015	204	23583	Bifidobacterium	Bifidobacterium longum
B30_6_months	k141_17525_phage53_2514_14801_13_0.55	12288	B30_6_months__1351_Enterococcus_faecalis__k141_17525	2515	14802	Enterococcus	Enterococcus faecalis
B30_6_months	k141_18065_phage198_11_11413_10_0.79	11403	B30_6_months__216816_Bifidobacterium_longum__k141_18065	12	11414	Bifidobacterium	Bifidobacterium longum
B30_6_months	k141_18899	30180	B30_6_months__216816_Bifidobacterium_longum__k141_18899	1	30180	Bifidobacterium	Bifidobacterium longum
B30_6_months	k141_18906_1_checkv_102680-142558/155936	39879	B30_6_months__33038_[Ruminococcus]_gnavus__k141_18906	102680	142558	Mediterraneibacter	[Ruminococcus] gnavus
B30_6_months	k141_19023	28815	B30_6_months__371601_Bacteroides_xylanisolvens__k141_19023	1	28815	Bacteroides	Bacteroides xylanisolvens
B30_6_months	k141_19192	32542	B30_6_months__371601_Bacteroides_xylanisolvens__k141_19192	1	32542	Bacteroides	Bacteroides xylanisolvens
B30_6_months	k141_19211	17868	B30_6_months__1335613_Gordonibacter_urolithinfaciens__k141_19211	1	17868	Gordonibacter	Gordonibacter urolithinfaciens
B30_6_months	k141_19766_phage439_13075_31160_27_0.59	18086	B30_6_months__216816_Bifidobacterium_longum__k141_19766	13076	31161	Bifidobacterium	Bifidobacterium longum
B30_6_months	k141_20896_phage157_75309_95519_19_0.55	20211	B30_6_months__1492_Clostridium_butyricum__k141_20896	75310	95520	Clostridium	Clostridium butyricum
B30_6_months	k141_21572_phage242_2556_17614_14_0.7	15059	B30_6_months__137838_Clostridium_neonatale__k141_21572	2557	17615	Clostridium	Clostridium neonatale
B30_6_months	k141_21797_phage309_1585_18820_14_0.63	17236	B30_6_months__39777_Veillonella_atypica__k141_21797	1586	18821	Veillonella	Veillonella atypica
B30_6_months	k141_22309	24609	B30_6_months__1335613_Gordonibacter_urolithinfaciens__k141_22309	1	24609	Gordonibacter	Gordonibacter urolithinfaciens
B30_6_months	k141_23096	56086	B30_6_months__239935_Akkermansia_muciniphila__k141_23096	1	56086	Akkermansia	Akkermansia muciniphila
B30_6_months	k141_23365_phage99_2449_21032_17_0.66	18584	B30_6_months__137838_Clostridium_neonatale__k141_23365	2450	21033	Clostridium	Clostridium neonatale
B30_6_months	k141_23911	32450	B30_6_months__1492_Clostridium_butyricum__k141_23911	1	32450	Clostridium	Clostridium butyricum
B30_6_months	k141_23924_phage230_150_19378_18_0.88	19229	B30_6_months__1335613_Gordonibacter_urolithinfaciens__k141_23924	151	19379	Gordonibacter	Gordonibacter urolithinfaciens
B30_6_months	k141_24047	11228	B30_6_months__820_Bacteroides_uniformis__k141_24047	1	11228	Bacteroides	Bacteroides uniformis
B30_6_months	k141_24809	20208	B30_6_months__137838_Clostridium_neonatale__k141_24809	1	20208	Clostridium	Clostridium neonatale
B30_6_months	k141_24886	21951	B30_6_months__137838_Clostridium_neonatale__k141_24886	1	21951	Clostridium	Clostridium neonatale
B30_6_months	k141_25181	10060	B30_6_months__137838_Clostridium_neonatale__k141_25181	1	10060	Clostridium	Clostridium neonatale
B30_6_months	k141_25520	44213	B30_6_months__2293212_Ruminococcus_sp._AM40-10AC__k141_25520	1	44213	Ruminococcus	Ruminococcus sp. AM40-10AC
B30_6_months	k141_26333	15506	B30_6_months__216816_Bifidobacterium_longum__k141_26333	1	15506	Bifidobacterium	Bifidobacterium longum
B30_6_months	k141_26680_1_checkv_41053-72277/85063	31225	B30_6_months__371601_Bacteroides_xylanisolvens__k141_26680	41053	72277	Bacteroides	Bacteroides xylanisolvens
B30_6_months	k141_2703_phage421_3_12501_10_0.63	12499	B30_6_months__1335613_Gordonibacter_urolithinfaciens__k141_2703	4	12502	Gordonibacter	Gordonibacter urolithinfaciens
B30_6_months	k141_27098	13287	B30_6_months__239935_Akkermansia_muciniphila__k141_27098	1	13287	Akkermansia	Akkermansia muciniphila
B30_6_months	k141_27145_phage234_2_16301_13_0.64	16300	B30_6_months__291645_Bacteroides_nordii__k141_27145	3	16302	Bacteroides	Bacteroides nordii
B30_6_months	k141_27147_1_checkv_133882-166027/166027	32146	B30_6_months__216816_Bifidobacterium_longum__k141_27147	133882	166027	Bifidobacterium	Bifidobacterium longum
B30_6_months	k141_27738_phage346_13792_25583_12_0.59	11792	B30_6_months__1492_Clostridium_butyricum__k141_27738	13793	25584	Clostridium	Clostridium butyricum
B30_6_months	k141_27796	57424	B30_6_months__1335613_Gordonibacter_urolithinfaciens__k141_27796	1	57424	Gordonibacter	Gordonibacter urolithinfaciens
B30_6_months	k141_29120	39862	B30_6_months__1335613_Gordonibacter_urolithinfaciens__k141_29120	1	39862	Gordonibacter	Gordonibacter urolithinfaciens
B30_6_months	k141_29237	17725	B30_6_months__2293212_Ruminococcus_sp._AM40-10AC__k141_29237	1	17725	Ruminococcus	Ruminococcus sp. AM40-10AC
B30_6_months	k141_29489	10727	B30_6_months__1660_Schaalia_odontolytica__k141_29489	1	10727	Schaalia	Schaalia odontolytica
B30_6_months	k141_29681_phage231_120_17187_20_0.62	17068	B30_6_months__137838_Clostridium_neonatale__k141_29681	121	17188	Clostridium	Clostridium neonatale
B30_6_months	k141_30556_phage363_16755_44621_25_0.65	27867	B30_6_months__137838_Clostridium_neonatale__k141_30556	16756	44622	Clostridium	Clostridium neonatale
B30_6_months	k141_31193_phage440_452_15789_22_0.77	15338	B30_6_months__137838_Clostridium_neonatale__k141_31193	453	15790	Clostridium	Clostridium neonatale
B30_6_months	k141_31500	17281	B30_6_months__54291_Raoultella_ornithinolytica__k141_31500	1	17281	Raoultella	Raoultella ornithinolytica
B30_6_months	k141_31843	19086	B30_6_months__137838_Clostridium_neonatale__k141_31843	1	19086	Clostridium	Clostridium neonatale
B30_6_months	k141_3225_1_checkv_32256-73427/107465	41172	B30_6_months__137838_Clostridium_neonatale__k141_3225	32256	73427	Clostridium	Clostridium neonatale
B30_6_months	k141_33182_phage305_5801_19605_13_0.75	13805	B30_6_months__1492_Clostridium_butyricum__k141_33182	5802	19606	Clostridium	Clostridium butyricum
B30_6_months	k141_33285_1_checkv_1-24443/56141	24443	B30_6_months__54291_Raoultella_ornithinolytica__k141_33285	1	24443	Raoultella	Raoultella ornithinolytica
B30_6_months	k141_33424_1_checkv_442045-458505/458505	16461	B30_6_months__184870_Varibaculum_cambriense__k141_33424	442045	458505	Varibaculum	Varibaculum cambriense
B30_6_months	k141_34558_phage77_2_31638_37_0.76	31637	B30_6_months__1351_Enterococcus_faecalis__k141_34558	3	31639	Enterococcus	Enterococcus faecalis
B30_6_months	k141_34712_phage94_3343_30414_21_0.66	27072	B30_6_months__137838_Clostridium_neonatale__k141_34712	3344	30415	Clostridium	Clostridium neonatale
B30_6_months	k141_34824_phage146_25742_39370_13_0.54	13629	B30_6_months__1492_Clostridium_butyricum__k141_34824	25743	39371	Clostridium	Clostridium butyricum
B30_6_months	k141_34952_phage163_9879_27077_20_0.64	17199	B30_6_months__1492_Clostridium_butyricum__k141_34952	9880	27078	Clostridium	Clostridium butyricum
B30_6_months	k141_35354	27195	B30_6_months__137838_Clostridium_neonatale__k141_35354	1	27195	Clostridium	Clostridium neonatale
B30_6_months	k141_35474_phage254_14319_32751_19_0.65	18433	B30_6_months__137838_Clostridium_neonatale__k141_35474	14320	32752	Clostridium	Clostridium neonatale
B30_6_months	k141_35936	21655	B30_6_months__1492_Clostridium_butyricum__k141_35936	1	21655	Clostridium	Clostridium butyricum
B30_6_months	k141_36720	16344	B30_6_months__54291_Raoultella_ornithinolytica__k141_36720	1	16344	Raoultella	Raoultella ornithinolytica
B30_6_months	k141_37557_1_checkv_38212-75545/89118	37334	B30_6_months__83427_uncultured_Streptococcus_sp.__k141_37557	38212	75545	Streptococcus	uncultured Streptococcus sp.
B30_6_months	k141_37794_phage133_1_10410_10_0.6	10410	B30_6_months__39778_Veillonella_dispar__k141_37794	2	10411	Veillonella	Veillonella dispar
B30_6_months	k141_37946_1_checkv_21652-159853/159853	138202	B30_6_months__2293212_Ruminococcus_sp._AM40-10AC__k141_37946	21652	159853	Ruminococcus	Ruminococcus sp. AM40-10AC
B30_6_months	k141_38041_phage193_28048_49709_32_0.72	21662	B30_6_months__1492_Clostridium_butyricum__k141_38041	28049	49710	Clostridium	Clostridium butyricum
B30_6_months	k141_38099	14584	B30_6_months__39777_Veillonella_atypica__k141_38099	1	14584	Veillonella	Veillonella atypica
B30_6_months	k141_38190_phage212_10710_20910_12_0.68	10201	B30_6_months__1351_Enterococcus_faecalis__k141_38190	10711	20911	Enterococcus	Enterococcus faecalis
B30_6_months	k141_38427	12491	B30_6_months__137838_Clostridium_neonatale__k141_38427	1	12491	Clostridium	Clostridium neonatale
B30_6_months	k141_38900	18003	B30_6_months__820_Bacteroides_uniformis__k141_38900	1	18003	Bacteroides	Bacteroides uniformis
B30_6_months	k141_38949	12066	B30_6_months__54291_Raoultella_ornithinolytica__k141_38949	1	12066	Raoultella	Raoultella ornithinolytica
B30_6_months	k141_39170_phage357_28710_40360_10_0.67	11651	B30_6_months__137838_Clostridium_neonatale__k141_39170	28711	40361	Clostridium	Clostridium neonatale
B30_6_months	k141_39193	14351	B30_6_months__54291_Raoultella_ornithinolytica__k141_39193	1	14351	Raoultella	Raoultella ornithinolytica
B30_6_months	k141_39441_phage406_10664_35353_13_0.63	24690	B30_6_months__2293212_Ruminococcus_sp._AM40-10AC__k141_39441	10665	35354	Ruminococcus	Ruminococcus sp. AM40-10AC
B30_6_months	k141_39886	50470	B30_6_months__371601_Bacteroides_xylanisolvens__k141_39886	1	50470	Bacteroides	Bacteroides xylanisolvens
B30_6_months	k141_4038_1_checkv_1-43011/67552	43011	B30_6_months__1492_Clostridium_butyricum__k141_4038	1	43011	Clostridium	Clostridium butyricum
B30_6_months	k141_40549_1_checkv_237072-247867/247867	10796	B30_6_months__1492_Clostridium_butyricum__k141_40549	237072	247867	Clostridium	Clostridium butyricum
B30_6_months	k141_40931	132351	B30_6_months__371601_Bacteroides_xylanisolvens__k141_40931	1	132351	Bacteroides	Bacteroides xylanisolvens
B30_6_months	k141_41564	23598	B30_6_months__83427_uncultured_Streptococcus_sp.__k141_41564	1	23598	Streptococcus	uncultured Streptococcus sp.
B30_6_months	k141_42891_phage29_30728_47170_18_0.71	16443	B30_6_months__1492_Clostridium_butyricum__k141_42891	30729	47171	Clostridium	Clostridium butyricum
B30_6_months	k141_43065_phage57_178_11613_19_0.79	11435	B30_6_months__291645_Bacteroides_nordii__k141_43065	179	11613	Bacteroides	Bacteroides nordii
B30_6_months	k141_44044	14049	B30_6_months__216816_Bifidobacterium_longum__k141_44044	1	14049	Bifidobacterium	Bifidobacterium longum
B30_6_months	k141_44425	13754	B30_6_months__1870995_Actinotignum_timonense__k141_44425	1	13754	Actinotignum	Actinotignum timonense
B30_6_months	k141_44981	10237	B30_6_months__137838_Clostridium_neonatale__k141_44981	1	10237	Clostridium	Clostridium neonatale
B30_6_months	k141_45315_phage430_56257_71782_17_0.79	15526	B30_6_months__1492_Clostridium_butyricum__k141_45315	56258	71783	Clostridium	Clostridium butyricum
B30_6_months	k141_45339_phage435_19145_48156_24_0.52	29012	B30_6_months__1335613_Gordonibacter_urolithinfaciens__k141_45339	19146	48157	Gordonibacter	Gordonibacter urolithinfaciens
B30_6_months	k141_45452_phage460_17305_86827_98_0.74	69522	B30_6_months__820_Bacteroides_uniformis__k141_45452	17306	86827	Bacteroides	Bacteroides uniformis
B30_6_months	k141_4609_phage345_56333_78637_22_0.66	22305	B30_6_months__137838_Clostridium_neonatale__k141_4609	56334	78638	Clostridium	Clostridium neonatale
B30_6_months	k141_4846_1_checkv_51730-99501/121049	47772	B30_6_months__371601_Bacteroides_xylanisolvens__k141_4846	51730	99501	Bacteroides	Bacteroides xylanisolvens
B30_6_months	k141_523	31281	B30_6_months__216816_Bifidobacterium_longum__k141_523	1	31281	Bifidobacterium	Bifidobacterium longum
B30_6_months	k141_5516	18563	B30_6_months__83427_uncultured_Streptococcus_sp.__k141_5516	1	18563	Streptococcus	uncultured Streptococcus sp.
B30_6_months	k141_5616_phage442_80_17854_18_0.69	17775	B30_6_months__137838_Clostridium_neonatale__k141_5616	81	17855	Clostridium	Clostridium neonatale
B30_6_months	k141_5616_phage443_18431_39303_28_0.73	20873	B30_6_months__137838_Clostridium_neonatale__k141_5616	18432	39304	Clostridium	Clostridium neonatale
B30_6_months	k141_6121_1_checkv_39590-70704/82159	31115	B30_6_months__137838_Clostridium_neonatale__k141_6121	39590	70704	Clostridium	Clostridium neonatale
B30_6_months	k141_6412_phage120_56995_69567_10_0.48	12573	B30_6_months__1492_Clostridium_butyricum__k141_6412	56996	69568	Clostridium	Clostridium butyricum
B30_6_months	k141_6412_phage122_106073_125797_13_0.53	19725	B30_6_months__1492_Clostridium_butyricum__k141_6412	106074	125798	Clostridium	Clostridium butyricum
B30_6_months	k141_653	22455	B30_6_months__137838_Clostridium_neonatale__k141_653	1	22455	Clostridium	Clostridium neonatale
B30_6_months	k141_6559_phage138_682_19685_26_0.55	19004	B30_6_months__1660_Schaalia_odontolytica__k141_6559	683	19686	Schaalia	Schaalia odontolytica
B30_6_months	k141_6897_phage201_90_23795_17_0.66	23706	B30_6_months__1492_Clostridium_butyricum__k141_6897	91	23796	Clostridium	Clostridium butyricum
B30_6_months	k141_7940	64420	B30_6_months__291645_Bacteroides_nordii__k141_7940	1	64420	Bacteroides	Bacteroides nordii
B30_6_months	k141_8215	19387	B30_6_months__1335613_Gordonibacter_urolithinfaciens__k141_8215	1	19387	Gordonibacter	Gordonibacter urolithinfaciens
B30_6_months	k141_8512	26713	B30_6_months__2293212_Ruminococcus_sp._AM40-10AC__k141_8512	1	26713	Ruminococcus	Ruminococcus sp. AM40-10AC
B30_6_months	k141_8558_1_checkv_134760-163467/163467	28708	B30_6_months__184870_Varibaculum_cambriense__k141_8558	134760	163467	Varibaculum	Varibaculum cambriense
B30_6_months	k141_8695_phage36_29357_40887_13_0.57	11531	B30_6_months__1492_Clostridium_butyricum__k141_8695	29358	40888	Clostridium	Clostridium butyricum
B30_6_months	k141_9322	49499	B30_6_months__820_Bacteroides_uniformis__k141_9322	1	49499	Bacteroides	Bacteroides uniformis
B30_6_months	k141_9337	119057	B30_6_months__820_Bacteroides_uniformis__k141_9337	1	119057	Bacteroides	Bacteroides uniformis
B30_6_months	k141_9372	17369	B30_6_months__820_Bacteroides_uniformis__k141_9372	1	17369	Bacteroides	Bacteroides uniformis
B30_6_months	k141_9873_1_checkv_34803-81816/81816	47014	B30_6_months__216816_Bifidobacterium_longum__k141_9873	34803	81816	Bifidobacterium	Bifidobacterium longum
B31_1_month	k141_10284_phage200_16482_31158_12_0.74	14677	B31_1_month__1280_Staphylococcus_aureus__k141_10284	16483	31159	Staphylococcus	Staphylococcus aureus
B31_1_month	k141_11312	48359	B31_1_month__59620_uncultured_Clostridium_sp.__k141_11312	1	48359	Clostridium	uncultured Clostridium sp.
B31_1_month	k141_12839	42017	B31_1_month__1282_Staphylococcus_epidermidis__k141_12839	1	42017	Staphylococcus	Staphylococcus epidermidis
B31_1_month	k141_13616_phage229_152973_168021_13_0.56	15049	B31_1_month__28025_Bifidobacterium_animalis__k141_13616	152974	168022	Bifidobacterium	Bifidobacterium animalis
B31_1_month	k141_1371_1_checkv_134467-174892/199238	40426	B31_1_month__48296_Acinetobacter_pittii__k141_1371	134467	174892	Acinetobacter	Acinetobacter pittii
B31_1_month	k141_14101_1_checkv_46642-62998/62998	16357	B31_1_month__48296_Acinetobacter_pittii__k141_14101	46642	62998	Acinetobacter	Acinetobacter pittii
B31_1_month	k141_14929	56319	B31_1_month__1241616_Staphylococcus_aureus__k141_14929	1	56319	Staphylococcus	Staphylococcus aureus
B31_1_month	k141_15161_1_checkv_1-35168/47942	35168	B31_1_month__48296_Acinetobacter_pittii__k141_15161	1	35168	Acinetobacter	Acinetobacter pittii
B31_1_month	k141_15690	11956	B31_1_month__3023084_Staphylococcus_lugdunensis__k141_15690	1	11956	Staphylococcus	Staphylococcus lugdunensis
B31_1_month	k141_16102_1_checkv_228566-251506/251506	22941	B31_1_month__1351_Enterococcus_faecalis__k141_16102	228566	251506	Enterococcus	Enterococcus faecalis
B31_1_month	k141_17379	48269	B31_1_month__29466_Veillonella_parvula__k141_17379	1	48269	Veillonella	Veillonella parvula
B31_1_month	k141_17554	27197	B31_1_month__48296_Acinetobacter_pittii__k141_17554	1	27197	Acinetobacter	Acinetobacter pittii
B31_1_month	k141_17867	19506	B31_1_month__1496_Clostridioides_difficile__k141_17867	1	19506	Clostridioides	Clostridioides difficile
B31_1_month	k141_18381	22787	B31_1_month__1496_Clostridioides_difficile__k141_18381	1	22787	Clostridioides	Clostridioides difficile
B31_1_month	k141_18642	14043	B31_1_month__1280_Staphylococcus_aureus__k141_18642	1	14043	Staphylococcus	Staphylococcus aureus
B31_1_month	k141_18767_1_checkv_3648-15966/18474	12319	B31_1_month__28037_Streptococcus_mitis__k141_18767	3648	15966	Streptococcus	Streptococcus mitis
B31_1_month	k141_18911_1_checkv_17721-28458/28458	10738	B31_1_month__1280_Staphylococcus_aureus__k141_18911	17721	28458	Staphylococcus	Staphylococcus aureus
B31_1_month	k141_19098	16114	B31_1_month__1496_Clostridioides_difficile__k141_19098	1	16114	Clostridioides	Clostridioides difficile
B31_1_month	k141_19408_phage191_23727_44578_27_0.62	20852	B31_1_month__1496_Clostridioides_difficile__k141_19408	23728	44579	Clostridioides	Clostridioides difficile
B31_1_month	k141_19533	16019	B31_1_month__59620_uncultured_Clostridium_sp.__k141_19533	1	16019	Clostridium	uncultured Clostridium sp.
B31_1_month	k141_20261_1_checkv_96143-133213/213350	37071	B31_1_month__1351_Enterococcus_faecalis__k141_20261	96143	133213	Enterococcus	Enterococcus faecalis
B31_1_month	k141_20427	25257	B31_1_month__59620_uncultured_Clostridium_sp.__k141_20427	1	25257	Clostridium	uncultured Clostridium sp.
B31_1_month	k141_21652_phage158_61306_77662_14_0.55	16357	B31_1_month__28025_Bifidobacterium_animalis__k141_21652	61307	77663	Bifidobacterium	Bifidobacterium animalis
B31_1_month	k141_21768_1_checkv_29472-65690/87534	36219	B31_1_month__48296_Acinetobacter_pittii__k141_21768	29472	65690	Acinetobacter	Acinetobacter pittii
B31_1_month	k141_22443	54946	B31_1_month__620903_Negativicoccus_succinicivorans__k141_22443	1	54946	Negativicoccus	Negativicoccus succinicivorans
B31_1_month	k141_22681_1_checkv_37100-74772/251578	37673	B31_1_month__419015_Alloscardovia_omnicolens__k141_22681	37100	74772	Alloscardovia	Alloscardovia omnicolens
B31_1_month	k141_22687	10139	B31_1_month__1496_Clostridioides_difficile__k141_22687	1	10139	Clostridioides	Clostridioides difficile
B31_1_month	k141_22700	12530	B31_1_month__3023084_Staphylococcus_lugdunensis__k141_22700	1	12530	Staphylococcus	Staphylococcus lugdunensis
B31_1_month	k141_2830_1_checkv_18335-53572/131373	35238	B31_1_month__1559_Clostridium_tertium__k141_2830	18335	53572	Clostridium	Clostridium tertium
B31_1_month	k141_2947	19105	B31_1_month__1496_Clostridioides_difficile__k141_2947	1	19105	Clostridioides	Clostridioides difficile
B31_1_month	k141_3482	11834	B31_1_month__59620_uncultured_Clostridium_sp.__k141_3482	1	11834	Clostridium	uncultured Clostridium sp.
B31_1_month	k141_4139	15491	B31_1_month__53345_Enterococcus_durans__k141_4139	1	15491	Enterococcus	Enterococcus durans
B31_1_month	k141_4161	20167	B31_1_month__53345_Enterococcus_durans__k141_4161	1	20167	Enterococcus	Enterococcus durans
B31_1_month	k141_5302	32637	B31_1_month__59620_uncultured_Clostridium_sp.__k141_5302	1	32637	Clostridium	uncultured Clostridium sp.
B31_1_month	k141_5371_1_checkv_30311-43369/53702	13059	B31_1_month__1328_Streptococcus_anginosus__k141_5371	30311	43369	Streptococcus	Streptococcus anginosus
B31_1_month	k141_5418_1_checkv_293403-334453/372074	41051	B31_1_month__59620_uncultured_Clostridium_sp.__k141_5418	293403	334453	Clostridium	uncultured Clostridium sp.
B31_1_month	k141_5664	58060	B31_1_month__1496_Clostridioides_difficile__k141_5664	1	58060	Clostridioides	Clostridioides difficile
B31_1_month	k141_5828	39478	B31_1_month__1282_Staphylococcus_epidermidis__k141_5828	1	39478	Staphylococcus	Staphylococcus epidermidis
B31_1_month	k141_6053	26248	B31_1_month__1496_Clostridioides_difficile__k141_6053	1	26248	Clostridioides	Clostridioides difficile
B31_1_month	k141_6075_phage89_2128_17342_19_0.71	15215	B31_1_month__39778_Veillonella_dispar__k141_6075	2129	17343	Veillonella	Veillonella dispar
B31_1_month	k141_6075_phage90_17584_34835_19_0.6	17252	B31_1_month__39778_Veillonella_dispar__k141_6075	17585	34836	Veillonella	Veillonella dispar
B31_1_month	k141_6381	29347	B31_1_month__620903_Negativicoccus_succinicivorans__k141_6381	1	29347	Negativicoccus	Negativicoccus succinicivorans
B31_1_month	k141_6878	13959	B31_1_month__1496_Clostridioides_difficile__k141_6878	1	13959	Clostridioides	Clostridioides difficile
B31_1_month	k141_7022	16659	B31_1_month__1496_Clostridioides_difficile__k141_7022	1	16659	Clostridioides	Clostridioides difficile
B31_1_month	k141_7660	12894	B31_1_month__1496_Clostridioides_difficile__k141_7660	1	12894	Clostridioides	Clostridioides difficile
B31_1_month	k141_7712	31269	B31_1_month__53345_Enterococcus_durans__k141_7712	1	31269	Enterococcus	Enterococcus durans
B31_1_month	k141_7791_phage254_4682_26994_15_0.5	22313	B31_1_month__28025_Bifidobacterium_animalis__k141_7791	4683	26995	Bifidobacterium	Bifidobacterium animalis
B31_1_month	k141_818	26356	B31_1_month__1496_Clostridioides_difficile__k141_818	1	26356	Clostridioides	Clostridioides difficile
B31_1_month	k141_9141	39352	B31_1_month__1496_Clostridioides_difficile__k141_9141	1	39352	Clostridioides	Clostridioides difficile
B31_1_month	k141_9207	84566	B31_1_month__59620_uncultured_Clostridium_sp.__k141_9207	1	84566	Clostridium	uncultured Clostridium sp.
B31_1_month	k141_9333_1_checkv_1725-36797/90729	35073	B31_1_month__1282_Staphylococcus_epidermidis__k141_9333	1725	36797	Staphylococcus	Staphylococcus epidermidis
B31_1_month	k141_9428	15833	B31_1_month__1290_Staphylococcus_hominis__k141_9428	1	15833	Staphylococcus	Staphylococcus hominis
B31_1_month	k141_9746_1_checkv_31224-72146/214413	40923	B31_1_month__1351_Enterococcus_faecalis__k141_9746	31224	72146	Enterococcus	Enterococcus faecalis
B31_12_months	k141_101107	11184	B31_12_months__3018671_Actinomyces_sp._ICM47__k141_101107	1	11184	Actinomyces	Actinomyces sp. ICM47
B31_12_months	k141_101559_1_checkv_78368-123232/213022	44865	B31_12_months__1502_Clostridium_perfringens__k141_101559	78368	123232	Clostridium	Clostridium perfringens
B31_12_months	k141_101706_phage615_21319_31833_11_0.57	10515	B31_12_months__292800_Flavonifractor_plautii__k141_101706	21320	31834	Flavonifractor	Flavonifractor plautii
B31_12_months	k141_102500	14553	B31_12_months__39950_Dialister_pneumosintes__k141_102500	1	14553	Dialister	Dialister pneumosintes
B31_12_months	k141_102692_1_checkv_1-29712/73552	29712	B31_12_months__28026_Bifidobacterium_pseudocatenulatum__k141_102692	1	29712	Bifidobacterium	Bifidobacterium pseudocatenulatum
B31_12_months	k141_103323_phage1025_3_13177_15_0.57	13174	B31_12_months__261299_Intestinibacter_bartlettii__k141_103323	4	13177	Intestinibacter	Intestinibacter bartlettii
B31_12_months	k141_10430_phage878_436_28226_30_0.78	27791	B31_12_months__1502_Clostridium_perfringens__k141_10430	437	28227	Clostridium	Clostridium perfringens
B31_12_months	k141_105211_phage1312_17830_31431_19_0.66	13602	B31_12_months__1653434_Sellimonas_intestinalis__k141_105211	17831	31432	Sellimonas	Sellimonas intestinalis
B31_12_months	k141_105621_1_checkv_3853-46397/163554	42545	B31_12_months__187326_Megasphaera_micronuciformis__k141_105621	3853	46397	Megasphaera	Megasphaera micronuciformis
B31_12_months	k141_105699_phage1366_18503_41408_16_0.69	22906	B31_12_months__1502_Clostridium_perfringens__k141_105699	18504	41409	Clostridium	Clostridium perfringens
B31_12_months	k141_106034	52041	B31_12_months__39950_Dialister_pneumosintes__k141_106034	1	52041	Dialister	Dialister pneumosintes
B31_12_months	k141_107685	42964	B31_12_months__67824_Citrobacter_farmeri__k141_107685	1	42964	Citrobacter	Citrobacter farmeri
B31_12_months	k141_108083_1_checkv_6218-46488/46488	40271	B31_12_months__48296_Acinetobacter_pittii__k141_108083	6218	46488	Acinetobacter	Acinetobacter pittii
B31_12_months	k141_108213_phage476_71538_90710_11_0.58	19173	B31_12_months__1965654_Lachnoclostridium_sp._An76__k141_108213	71539	90711	Lachnoclostridium	Lachnoclostridium sp. An76
B31_12_months	k141_109820_phage709_21541_36021_16_0.69	14481	B31_12_months__1502_Clostridium_perfringens__k141_109820	21542	36022	Clostridium	Clostridium perfringens
B31_12_months	k141_109903	15868	B31_12_months__67824_Citrobacter_farmeri__k141_109903	1	15868	Citrobacter	Citrobacter farmeri
B31_12_months	k141_110333_1_checkv_6849-60796/231330	53948	B31_12_months__1353_Enterococcus_gallinarum__k141_110333	6849	60796	Enterococcus	Enterococcus gallinarum
B31_12_months	k141_110371_1_checkv_15003-70006/175713	55004	B31_12_months__33945_Enterococcus_avium__k141_110371	15003	70006	Enterococcus	Enterococcus avium
B31_12_months	k141_11057	21750	B31_12_months__1358_Lactococcus_lactis__k141_11057	1	21750	Lactococcus	Lactococcus lactis
B31_12_months	k141_111131_phage990_3_32969_31_0.69	32967	B31_12_months__261299_Intestinibacter_bartlettii__k141_111131	4	32970	Intestinibacter	Intestinibacter bartlettii
B31_12_months	k141_111287_phage1004_2_42176_46_0.66	42175	B31_12_months__261299_Intestinibacter_bartlettii__k141_111287	3	42177	Intestinibacter	Intestinibacter bartlettii
B31_12_months	k141_113767_phage315_121733_143004_25_0.57	21272	B31_12_months__1653434_Sellimonas_intestinalis__k141_113767	121734	143005	Sellimonas	Sellimonas intestinalis
B31_12_months	k141_113767_phage316_148402_170078_25_0.63	21677	B31_12_months__1653434_Sellimonas_intestinalis__k141_113767	148403	170079	Sellimonas	Sellimonas intestinalis
B31_12_months	k141_113767_phage317_228693_239057_15_0.62	10365	B31_12_months__1653434_Sellimonas_intestinalis__k141_113767	228694	239058	Sellimonas	Sellimonas intestinalis
B31_12_months	k141_114044_phage359_3_13481_19_0.8	13479	B31_12_months__39950_Dialister_pneumosintes__k141_114044	4	13482	Dialister	Dialister pneumosintes
B31_12_months	k141_114226_phage395_40292_55321_16_0.72	15030	B31_12_months__292800_Flavonifractor_plautii__k141_114226	40293	55322	Flavonifractor	Flavonifractor plautii
B31_12_months	k141_114754	10510	B31_12_months__37734_Enterococcus_casseliflavus__k141_114754	1	10510	Enterococcus	Enterococcus casseliflavus
B31_12_months	k141_115354_phage586_1_12207_14_0.65	12207	B31_12_months__546_Citrobacter_freundii__k141_115354	2	12208	Citrobacter	Citrobacter freundii
B31_12_months	k141_115986	47776	B31_12_months__39950_Dialister_pneumosintes__k141_115986	1	47776	Dialister	Dialister pneumosintes
B31_12_months	k141_116109	15719	B31_12_months__67824_Citrobacter_farmeri__k141_116109	1	15719	Citrobacter	Citrobacter farmeri
B31_12_months	k141_116662	62029	B31_12_months__1965654_Lachnoclostridium_sp._An76__k141_116662	1	62029	Lachnoclostridium	Lachnoclostridium sp. An76
B31_12_months	k141_117067	14870	B31_12_months__67824_Citrobacter_farmeri__k141_117067	1	14870	Citrobacter	Citrobacter farmeri
B31_12_months	k141_117334_1_checkv_1-39830/42926	39830	B31_12_months__67824_Citrobacter_farmeri__k141_117334	1	39830	Citrobacter	Citrobacter farmeri
B31_12_months	k141_11867	25149	B31_12_months__37734_Enterococcus_casseliflavus__k141_11867	1	25149	Enterococcus	Enterococcus casseliflavus
B31_12_months	k141_119978_phage193_2_11944_12_0.67	11942	B31_12_months__1499683_Clostridium_sp._CL-6__k141_119978	3	11944	Clostridium	Clostridium sp. CL-6
B31_12_months	k141_121508	40725	B31_12_months__853_Faecalibacterium_prausnitzii__k141_121508	1	40725	Faecalibacterium	Faecalibacterium prausnitzii
B31_12_months	k141_121871_phage619_773_14780_18_0.64	14008	B31_12_months__39950_Dialister_pneumosintes__k141_121871	774	14781	Dialister	Dialister pneumosintes
B31_12_months	k141_122789	24492	B31_12_months__1134687_Klebsiella_michiganensis__k141_122789	1	24492	Klebsiella	Klebsiella michiganensis
B31_12_months	k141_123616_phage915_93761_119543_27_0.54	25783	B31_12_months__471189_Gordonibacter_pamelaeae__k141_123616	93762	119544	Gordonibacter	Gordonibacter pamelaeae
B31_12_months	k141_123638_1_checkv_18238-42610/42610	24373	B31_12_months__67824_Citrobacter_farmeri__k141_123638	18238	42610	Citrobacter	Citrobacter farmeri
B31_12_months	k141_12410	13440	B31_12_months__292800_Flavonifractor_plautii__k141_12410	1	13440	Flavonifractor	Flavonifractor plautii
B31_12_months	k141_124341	14796	B31_12_months__39950_Dialister_pneumosintes__k141_124341	1	14796	Dialister	Dialister pneumosintes
B31_12_months	k141_12511	20894	B31_12_months__169435_Anaerotruncus_colihominis__k141_12511	1	20894	Anaerotruncus	Anaerotruncus colihominis
B31_12_months	k141_125226_phage1152_80062_91061_20_0.67	11000	B31_12_months__239935_Akkermansia_muciniphila__k141_125226	80063	91062	Akkermansia	Akkermansia muciniphila
B31_12_months	k141_125366_phage1175_2_19134_18_0.75	19133	B31_12_months__261299_Intestinibacter_bartlettii__k141_125366	3	19135	Intestinibacter	Intestinibacter bartlettii
B31_12_months	k141_125986_phage55_286_10591_19_0.71	10306	B31_12_months__39950_Dialister_pneumosintes__k141_125986	287	10592	Dialister	Dialister pneumosintes
B31_12_months	k141_127456_phage298_4703_32923_28_0.77	28221	B31_12_months__1502_Clostridium_perfringens__k141_127456	4704	32924	Clostridium	Clostridium perfringens
B31_12_months	k141_127474	25177	B31_12_months__169435_Anaerotruncus_colihominis__k141_127474	1	25177	Anaerotruncus	Anaerotruncus colihominis
B31_12_months	k141_127551_phage336_1_13140_15_0.5	13140	B31_12_months__1134687_Klebsiella_michiganensis__k141_127551	2	13141	Klebsiella	Klebsiella michiganensis
B31_12_months	k141_127606_phage391_138796_153326_13_0.67	14531	B31_12_months__1502_Clostridium_perfringens__k141_127606	138797	153327	Clostridium	Clostridium perfringens
B31_12_months	k141_128796	16252	B31_12_months__1597_Lacticaseibacillus_paracasei__k141_128796	1	16252	Lacticaseibacillus	Lacticaseibacillus paracasei
B31_12_months	k141_130204_1_checkv_3511-45082/45082	41572	B31_12_months__1759399_Streptococcus_sp._A12__k141_130204	3511	45082	Streptococcus	Streptococcus sp. A12
B31_12_months	k141_130272_phage959_15807_26020_12_0.73	10213	B31_12_months__1358_Lactococcus_lactis__k141_130272	15808	26020	Lactococcus	Lactococcus lactis
B31_12_months	k141_130456_phage986_11239_26014_17_0.69	14776	B31_12_months__1547_Erysipelatoclostridium_ramosum__k141_130456	11240	26015	Erysipelatoclostridium	Erysipelatoclostridium ramosum
B31_12_months	k141_13239_phage1354_100672_115046_11_0.72	14375	B31_12_months__1502_Clostridium_perfringens__k141_13239	100673	115047	Clostridium	Clostridium perfringens
B31_12_months	k141_13239_phage1355_124388_145792_19_0.72	21405	B31_12_months__1502_Clostridium_perfringens__k141_13239	124389	145793	Clostridium	Clostridium perfringens
B31_12_months	k141_13681	10419	B31_12_months__562_Escherichia_coli__k141_13681	1	10419	Escherichia	Escherichia coli
B31_12_months	k141_14065_phage234_3765_41258_44_0.68	37494	B31_12_months__1522_[Clostridium]_innocuum__k141_14065	3766	41259	Erysipelatoclostridium	[Clostridium] innocuum
B31_12_months	k141_14120	11852	B31_12_months__39777_Veillonella_atypica__k141_14120	1	11852	Veillonella	Veillonella atypica
B31_12_months	k141_14567_phage368_42236_69966_32_0.82	27731	B31_12_months__1502_Clostridium_perfringens__k141_14567	42237	69967	Clostridium	Clostridium perfringens
B31_12_months	k141_14855_1_checkv_26576-61387/301593	34812	B31_12_months__1547_Erysipelatoclostridium_ramosum__k141_14855	26576	61387	Erysipelatoclostridium	Erysipelatoclostridium ramosum
B31_12_months	k141_15353	15716	B31_12_months__1128111_Veillonella_atypica__k141_15353	1	15716	Veillonella	Veillonella atypica
B31_12_months	k141_16904	10579	B31_12_months__39950_Dialister_pneumosintes__k141_16904	1	10579	Dialister	Dialister pneumosintes
B31_12_months	k141_18074_phage1248_73781_93139_20_0.57	19359	B31_12_months__39950_Dialister_pneumosintes__k141_18074	73782	93140	Dialister	Dialister pneumosintes
B31_12_months	k141_18342_phage1272_3059_26102_19_0.8	23044	B31_12_months__28026_Bifidobacterium_pseudocatenulatum__k141_18342	3060	26103	Bifidobacterium	Bifidobacterium pseudocatenulatum
B31_12_months	k141_18410	24883	B31_12_months__1596_Lactobacillus_gasseri__k141_18410	1	24883	Lactobacillus	Lactobacillus gasseri
B31_12_months	k141_1891_phage341_584_14971_14_0.8	14388	B31_12_months__471189_Gordonibacter_pamelaeae__k141_1891	585	14972	Gordonibacter	Gordonibacter pamelaeae
B31_12_months	k141_2036	12516	B31_12_months__28037_Streptococcus_mitis__k141_2036	1	12516	Streptococcus	Streptococcus mitis
B31_12_months	k141_20965	26375	B31_12_months__1358_Lactococcus_lactis__k141_20965	1	26375	Lactococcus	Lactococcus lactis
B31_12_months	k141_21057_phage287_3_11529_15_0.83	11527	B31_12_months__39950_Dialister_pneumosintes__k141_21057	4	11530	Dialister	Dialister pneumosintes
B31_12_months	k141_21073_phage323_177968_204540_27_0.77	26573	B31_12_months__1254_Pediococcus_acidilactici__k141_21073	177969	204541	Pediococcus	Pediococcus acidilactici
B31_12_months	k141_22246_1_checkv_1-13236/16333	13236	B31_12_months__159268_uncultured_Veillonella_sp.__k141_22246	1	13236	Veillonella	uncultured Veillonella sp.
B31_12_months	k141_22291_phage587_1516_13634_15_0.57	12119	B31_12_months__1308_Streptococcus_thermophilus__k141_22291	1517	13635	Streptococcus	Streptococcus thermophilus
B31_12_months	k141_22889_phage731_565_34031_34_0.69	33467	B31_12_months__1502_Clostridium_perfringens__k141_22889	566	34032	Clostridium	Clostridium perfringens
B31_12_months	k141_22994_phage750_1_25259_30_0.76	25259	B31_12_months__546_Citrobacter_freundii__k141_22994	2	25260	Citrobacter	Citrobacter freundii
B31_12_months	k141_24146_phage1036_11101_32904_15_0.56	21804	B31_12_months__1965654_Lachnoclostridium_sp._An76__k141_24146	11102	32905	Lachnoclostridium	Lachnoclostridium sp. An76
B31_12_months	k141_24146_phage1037_33214_53484_25_0.63	20271	B31_12_months__1965654_Lachnoclostridium_sp._An76__k141_24146	33215	53485	Lachnoclostridium	Lachnoclostridium sp. An76
B31_12_months	k141_27703_phage283_6427_22260_16_0.59	15834	B31_12_months__261299_Intestinibacter_bartlettii__k141_27703	6428	22261	Intestinibacter	Intestinibacter bartlettii
B31_12_months	k141_27812_phage345_281088_296977_11_0.61	15890	B31_12_months__1653434_Sellimonas_intestinalis__k141_27812	281089	296978	Sellimonas	Sellimonas intestinalis
B31_12_months	k141_27836	13437	B31_12_months__39950_Dialister_pneumosintes__k141_27836	1	13437	Dialister	Dialister pneumosintes
B31_12_months	k141_28052_1_checkv_2258-35263/43318	33006	B31_12_months__159268_uncultured_Veillonella_sp.__k141_28052	2258	35263	Veillonella	uncultured Veillonella sp.
B31_12_months	k141_29965_phage850_11161_25819_15_0.62	14659	B31_12_months__29361_Tyzzerella_nexilis__k141_29965	11162	25820	Tyzzerella	Tyzzerella nexilis
B31_12_months	k141_31386	12066	B31_12_months__67824_Citrobacter_farmeri__k141_31386	1	12066	Citrobacter	Citrobacter farmeri
B31_12_months	k141_33223_phage13_3856_19139_17_0.61	15284	B31_12_months__1502_Clostridium_perfringens__k141_33223	3857	19140	Clostridium	Clostridium perfringens
B31_12_months	k141_33356_phage59_2_39237_44_0.72	39236	B31_12_months__1547_Erysipelatoclostridium_ramosum__k141_33356	3	39238	Erysipelatoclostridium	Erysipelatoclostridium ramosum
B31_12_months	k141_33406_phage65_3_28923_41_0.83	28921	B31_12_months__28037_Streptococcus_mitis__k141_33406	4	28924	Streptococcus	Streptococcus mitis
B31_12_months	k141_35994	41741	B31_12_months__853_Faecalibacterium_prausnitzii__k141_35994	1	41741	Faecalibacterium	Faecalibacterium prausnitzii
B31_12_months	k141_37300	22729	B31_12_months__1685_Bifidobacterium_breve__k141_37300	1	22729	Bifidobacterium	Bifidobacterium breve
B31_12_months	k141_38029_phage1035_1_10866_20_0.91	10866	B31_12_months__39950_Dialister_pneumosintes__k141_38029	2	10867	Dialister	Dialister pneumosintes
B31_12_months	k141_39006_1_checkv_29737-78764/82462	49028	B31_12_months__37734_Enterococcus_casseliflavus__k141_39006	29737	78764	Enterococcus	Enterococcus casseliflavus
B31_12_months	k141_40741	13331	B31_12_months__853_Faecalibacterium_prausnitzii__k141_40741	1	13331	Faecalibacterium	Faecalibacterium prausnitzii
B31_12_months	k141_41469_phage349_10205_31310_15_0.66	21106	B31_12_months__261299_Intestinibacter_bartlettii__k141_41469	10206	31311	Intestinibacter	Intestinibacter bartlettii
B31_12_months	k141_4224_phage749_2_11219_11_0.66	11218	B31_12_months__39950_Dialister_pneumosintes__k141_4224	3	11220	Dialister	Dialister pneumosintes
B31_12_months	k141_42729	19179	B31_12_months__67824_Citrobacter_farmeri__k141_42729	1	19179	Citrobacter	Citrobacter farmeri
B31_12_months	k141_4285_phage776_17340_33967_14_0.63	16628	B31_12_months__48296_Acinetobacter_pittii__k141_4285	17341	33968	Acinetobacter	Acinetobacter pittii
B31_12_months	k141_4285_phage777_39425_52895_27_0.66	13471	B31_12_months__48296_Acinetobacter_pittii__k141_4285	39426	52896	Acinetobacter	Acinetobacter pittii
B31_12_months	k141_4285_phage778_53929_72826_36_0.66	18898	B31_12_months__48296_Acinetobacter_pittii__k141_4285	53930	72827	Acinetobacter	Acinetobacter pittii
B31_12_months	k141_4285_phage780_84676_96077_25_0.54	11402	B31_12_months__48296_Acinetobacter_pittii__k141_4285	84677	96078	Acinetobacter	Acinetobacter pittii
B31_12_months	k141_4285_phage782_104443_115536_22_0.6	11094	B31_12_months__48296_Acinetobacter_pittii__k141_4285	104444	115537	Acinetobacter	Acinetobacter pittii
B31_12_months	k141_4285_phage783_117892_139481_22_0.53	21590	B31_12_months__48296_Acinetobacter_pittii__k141_4285	117893	139482	Acinetobacter	Acinetobacter pittii
B31_12_months	k141_4285_phage784_151649_162787_11_0.67	11139	B31_12_months__48296_Acinetobacter_pittii__k141_4285	151650	162788	Acinetobacter	Acinetobacter pittii
B31_12_months	k141_43218_1_checkv_1-17925/35153	17925	B31_12_months__239935_Akkermansia_muciniphila__k141_43218	1	17925	Akkermansia	Akkermansia muciniphila
B31_12_months	k141_4471_phage856_5236_18295_13_0.68	13060	B31_12_months__292800_Flavonifractor_plautii__k141_4471	5237	18296	Flavonifractor	Flavonifractor plautii
B31_12_months	k141_44821	56003	B31_12_months__67824_Citrobacter_farmeri__k141_44821	1	56003	Citrobacter	Citrobacter farmeri
B31_12_months	k141_46071_phage1368_23735_37505_11_0.68	13771	B31_12_months__1502_Clostridium_perfringens__k141_46071	23736	37506	Clostridium	Clostridium perfringens
B31_12_months	k141_47318_1_checkv_137286-183223/189938	45938	B31_12_months__584_Proteus_mirabilis__k141_47318	137286	183223	Proteus	Proteus mirabilis
B31_12_months	k141_48929_phage609_25_23713_29_0.7	23689	B31_12_months__100884_Coprobacillus_cateniformis__k141_48929	26	23714	Coprobacillus	Coprobacillus cateniformis
B31_12_months	k141_49387_phage712_1_23592_36_0.76	23592	B31_12_months__39950_Dialister_pneumosintes__k141_49387	2	23593	Dialister	Dialister pneumosintes
B31_12_months	k141_49515	34674	B31_12_months__1311774_Acinetobacter_pittii__k141_49515	1	34674	Acinetobacter	Acinetobacter pittii
B31_12_months	k141_54076_phage275_584_34712_32_0.72	34129	B31_12_months__1502_Clostridium_perfringens__k141_54076	585	34713	Clostridium	Clostridium perfringens
B31_12_months	k141_54789_1_checkv_22490-54091/54091	31602	B31_12_months__1353_Enterococcus_gallinarum__k141_54789	22490	54091	Enterococcus	Enterococcus gallinarum
B31_12_months	k141_54803_phage399_2_23333_28_0.61	23332	B31_12_months__261299_Intestinibacter_bartlettii__k141_54803	3	23334	Intestinibacter	Intestinibacter bartlettii
B31_12_months	k141_54811	22396	B31_12_months__1190620_Atopobium_sp._ICM42b__k141_54811	1	22396	Atopobium	Atopobium sp. ICM42b
B31_12_months	k141_55450_phage519_180_22709_20_0.63	22530	B31_12_months__33945_Enterococcus_avium__k141_55450	181	22710	Enterococcus	Enterococcus avium
B31_12_months	k141_56142	11384	B31_12_months__1190620_Atopobium_sp._ICM42b__k141_56142	1	11384	Atopobium	Atopobium sp. ICM42b
B31_12_months	k141_56418	16823	B31_12_months__1965654_Lachnoclostridium_sp._An76__k141_56418	1	16823	Lachnoclostridium	Lachnoclostridium sp. An76
B31_12_months	k141_56568_phage761_32571_55484_17_0.64	22914	B31_12_months__169435_Anaerotruncus_colihominis__k141_56568	32572	55485	Anaerotruncus	Anaerotruncus colihominis
B31_12_months	k141_56748_phage809_4513_25536_24_0.54	21024	B31_12_months__292800_Flavonifractor_plautii__k141_56748	4514	25537	Flavonifractor	Flavonifractor plautii
B31_12_months	k141_57061	26643	B31_12_months__2751_Carnobacterium_maltaromaticum__k141_57061	1	26643	Carnobacterium	Carnobacterium maltaromaticum
B31_12_months	k141_57599_phage1007_2_26701_27_0.56	26700	B31_12_months__292800_Flavonifractor_plautii__k141_57599	3	26702	Flavonifractor	Flavonifractor plautii
B31_12_months	k141_5799	26676	B31_12_months__471189_Gordonibacter_pamelaeae__k141_5799	1	26676	Gordonibacter	Gordonibacter pamelaeae
B31_12_months	k141_59310_1_checkv_23156-62808/84142	39653	B31_12_months__292800_Flavonifractor_plautii__k141_59310	23156	62808	Flavonifractor	Flavonifractor plautii
B31_12_months	k141_59766_phage44_81174_101367_18_0.67	20194	B31_12_months__1502_Clostridium_perfringens__k141_59766	81175	101368	Clostridium	Clostridium perfringens
B31_12_months	k141_60401_phage179_3_16616_20_0.75	16614	B31_12_months__471189_Gordonibacter_pamelaeae__k141_60401	4	16617	Gordonibacter	Gordonibacter pamelaeae
B31_12_months	k141_60728_1_checkv_139125-164214/164214	25090	B31_12_months__562_Escherichia_coli__k141_60728	139125	164214	Escherichia	Escherichia coli
B31_12_months	k141_60862_1_checkv_157825-189311/284664	31487	B31_12_months__292800_Flavonifractor_plautii__k141_60862	157825	189311	Flavonifractor	Flavonifractor plautii
B31_12_months	k141_62001_phage545_3169_15391_13_0.6	12223	B31_12_months__1308_Streptococcus_thermophilus__k141_62001	3170	15392	Streptococcus	Streptococcus thermophilus
B31_12_months	k141_6202	14490	B31_12_months__1134687_Klebsiella_michiganensis__k141_6202	1	14490	Klebsiella	Klebsiella michiganensis
B31_12_months	k141_62174_phage569_24_10563_17_0.77	10540	B31_12_months__1128111_Veillonella_atypica__k141_62174	25	10564	Veillonella	Veillonella atypica
B31_12_months	k141_63499_1_checkv_149506-193297/193297	43792	B31_12_months__584_Proteus_mirabilis__k141_63499	149506	193297	Proteus	Proteus mirabilis
B31_12_months	k141_64157_1_checkv_63344-102282/130301	38939	B31_12_months__1547_Erysipelatoclostridium_ramosum__k141_64157	63344	102282	Erysipelatoclostridium	Erysipelatoclostridium ramosum
B31_12_months	k141_64501	13894	B31_12_months__1597_Lacticaseibacillus_paracasei__k141_64501	1	13894	Lacticaseibacillus	Lacticaseibacillus paracasei
B31_12_months	k141_65912	15908	B31_12_months__1298595_Veillonella_rogosae__k141_65912	1	15908	Veillonella	Veillonella rogosae
B31_12_months	k141_66067	12106	B31_12_months__67824_Citrobacter_farmeri__k141_66067	1	12106	Citrobacter	Citrobacter farmeri
B31_12_months	k141_66395	19246	B31_12_months__1134687_Klebsiella_michiganensis__k141_66395	1	19246	Klebsiella	Klebsiella michiganensis
B31_12_months	k141_66705_1_checkv_1-14681/47408	14681	B31_12_months__292800_Flavonifractor_plautii__k141_66705	1	14681	Flavonifractor	Flavonifractor plautii
B31_12_months	k141_67512	48620	B31_12_months__562_Escherichia_coli__k141_67512	1	48620	Escherichia	Escherichia coli
B31_12_months	k141_67513_1_checkv_27143-46253/46253	19111	B31_12_months__562_Escherichia_coli__k141_67513	27143	46253	Escherichia	Escherichia coli
B31_12_months	k141_67890_phage412_2_11931_13_0.67	11930	B31_12_months__100884_Coprobacillus_cateniformis__k141_67890	3	11932	Coprobacillus	Coprobacillus cateniformis
B31_12_months	k141_70354_phage942_14733_27819_17_0.56	13087	B31_12_months__292800_Flavonifractor_plautii__k141_70354	14734	27820	Flavonifractor	Flavonifractor plautii
B31_12_months	k141_70505	18778	B31_12_months__1685_Bifidobacterium_breve__k141_70505	1	18778	Bifidobacterium	Bifidobacterium breve
B31_12_months	k141_70671	11054	B31_12_months__67824_Citrobacter_farmeri__k141_70671	1	11054	Citrobacter	Citrobacter farmeri
B31_12_months	k141_73012_phage114_482574_495331_12_0.55	12758	B31_12_months__187326_Megasphaera_micronuciformis__k141_73012	482575	495332	Megasphaera	Megasphaera micronuciformis
B31_12_months	k141_73311_phage186_18433_29384_20_0.62	10952	B31_12_months__292800_Flavonifractor_plautii__k141_73311	18434	29385	Flavonifractor	Flavonifractor plautii
B31_12_months	k141_73546_1_checkv_1-19559/33728	19559	B31_12_months__1965654_Lachnoclostridium_sp._An76__k141_73546	1	19559	Lachnoclostridium	Lachnoclostridium sp. An76
B31_12_months	k141_73750	26181	B31_12_months__292800_Flavonifractor_plautii__k141_73750	1	26181	Flavonifractor	Flavonifractor plautii
B31_12_months	k141_73784_1_checkv_66200-104725/467934	38526	B31_12_months__2041044_Eubacterium_maltosivorans__k141_73784	66200	104725	Eubacterium	Eubacterium maltosivorans
B31_12_months	k141_73784_2_checkv_289762-338967/467934	49206	B31_12_months__2041044_Eubacterium_maltosivorans__k141_73784	289762	338967	Eubacterium	Eubacterium maltosivorans
B31_12_months	k141_75255	54521	B31_12_months__39950_Dialister_pneumosintes__k141_75255	1	54521	Dialister	Dialister pneumosintes
B31_12_months	k141_7555	36935	B31_12_months__1685_Bifidobacterium_breve__k141_7555	1	36935	Bifidobacterium	Bifidobacterium breve
B31_12_months	k141_75784	29528	B31_12_months__33038_[Ruminococcus]_gnavus__k141_75784	1	29528	Mediterraneibacter	[Ruminococcus] gnavus
B31_12_months	k141_76730_1_checkv_12027-41609/41609	29583	B31_12_months__67824_Citrobacter_farmeri__k141_76730	12027	41609	Citrobacter	Citrobacter farmeri
B31_12_months	k141_77152	49308	B31_12_months__67824_Citrobacter_farmeri__k141_77152	1	49308	Citrobacter	Citrobacter farmeri
B31_12_months	k141_77454_1_checkv_266062-307681/397016	41620	B31_12_months__1502_Clostridium_perfringens__k141_77454	266062	307681	Clostridium	Clostridium perfringens
B31_12_months	k141_77600_phage1070_684_12826_16_0.82	12143	B31_12_months__169435_Anaerotruncus_colihominis__k141_77600	685	12827	Anaerotruncus	Anaerotruncus colihominis
B31_12_months	k141_77745	12509	B31_12_months__67824_Citrobacter_farmeri__k141_77745	1	12509	Citrobacter	Citrobacter farmeri
B31_12_months	k141_79098_phage1308_3_15203_17_0.74	15201	B31_12_months__261299_Intestinibacter_bartlettii__k141_79098	4	15204	Intestinibacter	Intestinibacter bartlettii
B31_12_months	k141_80893	15942	B31_12_months__67824_Citrobacter_farmeri__k141_80893	1	15942	Citrobacter	Citrobacter farmeri
B31_12_months	k141_81632_1_checkv_1-12612/18359	12612	B31_12_months__39950_Dialister_pneumosintes__k141_81632	1	12612	Dialister	Dialister pneumosintes
B31_12_months	k141_81868_phage560_200_10372_17_0.69	10173	B31_12_months__546_Citrobacter_freundii__k141_81868	201	10373	Citrobacter	Citrobacter freundii
B31_12_months	k141_82069_1_checkv_103107-156475/156475	53369	B31_12_months__292800_Flavonifractor_plautii__k141_82069	103107	156475	Flavonifractor	Flavonifractor plautii
B31_12_months	k141_82331_phage668_25986_36799_14_0.58	10814	B31_12_months__471189_Gordonibacter_pamelaeae__k141_82331	25987	36800	Gordonibacter	Gordonibacter pamelaeae
B31_12_months	k141_82831_1_checkv_133645-160980/160980	27336	B31_12_months__239935_Akkermansia_muciniphila__k141_82831	133645	160980	Akkermansia	Akkermansia muciniphila
B31_12_months	k141_8425_1_checkv_12974-49669/49669	36696	B31_12_months__48296_Acinetobacter_pittii__k141_8425	12974	49669	Acinetobacter	Acinetobacter pittii
B31_12_months	k141_84531_phage1094_167436_209800_36_0.64	42365	B31_12_months__471189_Gordonibacter_pamelaeae__k141_84531	167437	209801	Gordonibacter	Gordonibacter pamelaeae
B31_12_months	k141_85940	11336	B31_12_months__68891_Streptococcus_peroris__k141_85940	1	11336	Streptococcus	Streptococcus peroris
B31_12_months	k141_86001_phage1338_1_12564_10_0.62	12564	B31_12_months__1596_Lactobacillus_gasseri__k141_86001	2	12565	Lactobacillus	Lactobacillus gasseri
B31_12_months	k141_86001_phage1339_39981_54758_14_0.59	14778	B31_12_months__1596_Lactobacillus_gasseri__k141_86001	39982	54759	Lactobacillus	Lactobacillus gasseri
B31_12_months	k141_86128_1_checkv_1-58557/68912	58557	B31_12_months__100884_Coprobacillus_cateniformis__k141_86128	1	58557	Coprobacillus	Coprobacillus cateniformis
B31_12_months	k141_86784_1_checkv_42801-88450/115478	45650	B31_12_months__292800_Flavonifractor_plautii__k141_86784	42801	88450	Flavonifractor	Flavonifractor plautii
B31_12_months	k141_88079_phage422_1_13767_12_0.71	13767	B31_12_months__68892_Streptococcus_infantis__k141_88079	2	13768	Streptococcus	Streptococcus infantis
B31_12_months	k141_88417_phage495_112_14807_12_0.67	14696	B31_12_months__33945_Enterococcus_avium__k141_88417	113	14808	Enterococcus	Enterococcus avium
B31_12_months	k141_9043	12329	B31_12_months__67824_Citrobacter_farmeri__k141_9043	1	12329	Citrobacter	Citrobacter farmeri
B31_12_months	k141_90578	77429	B31_12_months__584_Proteus_mirabilis__k141_90578	1	77429	Proteus	Proteus mirabilis
B31_12_months	k141_90921_phage1066_1195_11932_12_0.71	10738	B31_12_months__100884_Coprobacillus_cateniformis__k141_90921	1196	11933	Coprobacillus	Coprobacillus cateniformis
B31_12_months	k141_91399	10094	B31_12_months__1190620_Atopobium_sp._ICM42b__k141_91399	1	10094	Atopobium	Atopobium sp. ICM42b
B31_12_months	k141_91702_1_checkv_1-10662/19326	10662	B31_12_months__169435_Anaerotruncus_colihominis__k141_91702	1	10662	Anaerotruncus	Anaerotruncus colihominis
B31_12_months	k141_9259	17293	B31_12_months__33945_Enterococcus_avium__k141_9259	1	17293	Enterococcus	Enterococcus avium
B31_12_months	k141_930	10029	B31_12_months__1134687_Klebsiella_michiganensis__k141_930	1	10029	Klebsiella	Klebsiella michiganensis
B31_12_months	k141_93310_1_checkv_64338-99920/159458	35583	B31_12_months__562_Escherichia_coli__k141_93310	64338	99920	Escherichia	Escherichia coli
B31_12_months	k141_93765_phage293_152537_176211_24_0.64	23675	B31_12_months__39950_Dialister_pneumosintes__k141_93765	152538	176212	Dialister	Dialister pneumosintes
B31_12_months	k141_94512_phage487_38326_53859_11_0.58	15534	B31_12_months__1596_Lactobacillus_gasseri__k141_94512	38327	53860	Lactobacillus	Lactobacillus gasseri
B31_12_months	k141_94523_phage489_34552_54107_19_0.5	19556	B31_12_months__292800_Flavonifractor_plautii__k141_94523	34553	54108	Flavonifractor	Flavonifractor plautii
B31_12_months	k141_95448	57386	B31_12_months__33038_[Ruminococcus]_gnavus__k141_95448	1	57386	Mediterraneibacter	[Ruminococcus] gnavus
B31_12_months	k141_96538_phage964_84_20079_31_0.78	19996	B31_12_months__39950_Dialister_pneumosintes__k141_96538	85	20080	Dialister	Dialister pneumosintes
B31_12_months	k141_96587	17805	B31_12_months__546_Citrobacter_freundii__k141_96587	1	17805	Citrobacter	Citrobacter freundii
B31_12_months	k141_96657_1_checkv_8165-41078/123307	32914	B31_12_months__1597_Lacticaseibacillus_paracasei__k141_96657	8165	41078	Lacticaseibacillus	Lacticaseibacillus paracasei
B31_12_months	k141_9765_phage747_1_20982_14_0.76	20982	B31_12_months__292800_Flavonifractor_plautii__k141_9765	2	20983	Flavonifractor	Flavonifractor plautii
B31_12_months	k141_9901_phage799_44816_56402_14_0.56	11587	B31_12_months__29361_Tyzzerella_nexilis__k141_9901	44817	56403	Tyzzerella	Tyzzerella nexilis
B31_12_months	k141_99416_phage16_44137_69531_21_0.73	25395	B31_12_months__261299_Intestinibacter_bartlettii__k141_99416	44138	69532	Intestinibacter	Intestinibacter bartlettii
B31_6_months	k141_10136_1_checkv_39400-73919/80141	34520	B31_6_months__48296_Acinetobacter_pittii__k141_10136	39400	73919	Acinetobacter	Acinetobacter pittii
B31_6_months	k141_10350_2_checkv_46024-77437/106332	31414	B31_6_months__48296_Acinetobacter_pittii__k141_10350	46024	77437	Acinetobacter	Acinetobacter pittii
B31_6_months	k141_11868_1_checkv_15022-26051/26051	11030	B31_6_months__28037_Streptococcus_mitis__k141_11868	15022	26051	Streptococcus	Streptococcus mitis
B31_6_months	k141_12657	40809	B31_6_months__39778_Veillonella_dispar__k141_12657	1	40809	Veillonella	Veillonella dispar
B31_6_months	k141_16087_1_checkv_13032-59326/102745	46295	B31_6_months__1280_Staphylococcus_aureus__k141_16087	13032	59326	Staphylococcus	Staphylococcus aureus
B31_6_months	k141_16664	11866	B31_6_months__48296_Acinetobacter_pittii__k141_16664	1	11866	Acinetobacter	Acinetobacter pittii
B31_6_months	k141_17207_1_checkv_1-56919/59740	56919	B31_6_months__48296_Acinetobacter_pittii__k141_17207	1	56919	Acinetobacter	Acinetobacter pittii
B31_6_months	k141_1802_1_checkv_5188-46448/53683	41261	B31_6_months__83427_uncultured_Streptococcus_sp.__k141_1802	5188	46448	Streptococcus	uncultured Streptococcus sp.
B31_6_months	k141_19204_1_checkv_79511-114804/114804	35294	B31_6_months__48296_Acinetobacter_pittii__k141_19204	79511	114804	Acinetobacter	Acinetobacter pittii
B31_6_months	k141_19462_phage286_8190_26352_21_0.71	18163	B31_6_months__39778_Veillonella_dispar__k141_19462	8191	26353	Veillonella	Veillonella dispar
B31_6_months	k141_19775_1_checkv_86753-127717/421699	40965	B31_6_months__571_Klebsiella_oxytoca__k141_19775	86753	127717	Klebsiella	Klebsiella oxytoca
B31_6_months	k141_1993	24308	B31_6_months__1190620_Atopobium_sp._ICM42b__k141_1993	1	24308	Atopobium	Atopobium sp. ICM42b
B31_6_months	k141_23677_phage137_189_13736_11_0.59	13548	B31_6_months__83427_uncultured_Streptococcus_sp.__k141_23677	190	13737	Streptococcus	uncultured Streptococcus sp.
B31_6_months	k141_24748_1_checkv_35361-74010/84043	38650	B31_6_months__83427_uncultured_Streptococcus_sp.__k141_24748	35361	74010	Streptococcus	uncultured Streptococcus sp.
B31_6_months	k141_24780_phage386_171_31972_50_0.83	31802	B31_6_months__28037_Streptococcus_mitis__k141_24780	172	31973	Streptococcus	Streptococcus mitis
B31_6_months	k141_26177_1_checkv_34126-49159/49159	15034	B31_6_months__1280_Staphylococcus_aureus__k141_26177	34126	49159	Staphylococcus	Staphylococcus aureus
B31_6_months	k141_27441_1_checkv_46795-63153/63153	16359	B31_6_months__48296_Acinetobacter_pittii__k141_27441	46795	63153	Acinetobacter	Acinetobacter pittii
B31_6_months	k141_28099	10953	B31_6_months__68891_Streptococcus_peroris__k141_28099	1	10953	Streptococcus	Streptococcus peroris
B31_6_months	k141_2984_1_checkv_22195-64237/196752	42043	B31_6_months__48296_Acinetobacter_pittii__k141_2984	22195	64237	Acinetobacter	Acinetobacter pittii
B31_6_months	k141_3634	14455	B31_6_months__48296_Acinetobacter_pittii__k141_3634	1	14455	Acinetobacter	Acinetobacter pittii
B31_6_months	k141_4932	18611	B31_6_months__83427_uncultured_Streptococcus_sp.__k141_4932	1	18611	Streptococcus	uncultured Streptococcus sp.
B31_6_months	k141_501	27202	B31_6_months__48296_Acinetobacter_pittii__k141_501	1	27202	Acinetobacter	Acinetobacter pittii
B31_6_months	k141_6710	25376	B31_6_months__1128111_Veillonella_atypica__k141_6710	1	25376	Veillonella	Veillonella atypica
B31_6_months	k141_8173_phage275_3_12702_10_0.58	12700	B31_6_months__28125_Prevotella_bivia__k141_8173	4	12703	Prevotella	Prevotella bivia
B31_6_months	k141_9274	10601	B31_6_months__83427_uncultured_Streptococcus_sp.__k141_9274	1	10601	Streptococcus	uncultured Streptococcus sp.
B32_12_months	k141_100733	11254	B32_12_months__1134687_Klebsiella_michiganensis__k141_100733	1	11254	Klebsiella	Klebsiella michiganensis
B32_12_months	k141_101076_phage914_35814_61688_19_0.68	25875	B32_12_months__853_Faecalibacterium_prausnitzii__k141_101076	35815	61689	Faecalibacterium	Faecalibacterium prausnitzii
B32_12_months	k141_101095_phage940_3_13142_12_0.67	13140	B32_12_months__48296_Acinetobacter_pittii__k141_101095	4	13143	Acinetobacter	Acinetobacter pittii
B32_12_months	k141_101095_phage941_28606_47503_36_0.65	18898	B32_12_months__48296_Acinetobacter_pittii__k141_101095	28607	47504	Acinetobacter	Acinetobacter pittii
B32_12_months	k141_101095_phage942_59353_70754_25_0.56	11402	B32_12_months__48296_Acinetobacter_pittii__k141_101095	59354	70755	Acinetobacter	Acinetobacter pittii
B32_12_months	k141_101095_phage945_92569_114158_22_0.58	21590	B32_12_months__48296_Acinetobacter_pittii__k141_101095	92570	114159	Acinetobacter	Acinetobacter pittii
B32_12_months	k141_101095_phage946_126651_137464_10_0.66	10814	B32_12_months__48296_Acinetobacter_pittii__k141_101095	126652	137465	Acinetobacter	Acinetobacter pittii
B32_12_months	k141_12010	18200	B32_12_months__2293024_Clostridium_sp._AM22-11AC__k141_12010	1	18200	Clostridium	Clostridium sp. AM22-11AC
B32_12_months	k141_12904_1_checkv_42752-59103/59103	16352	B32_12_months__1522_[Clostridium]_innocuum__k141_12904	42752	59103	Erysipelatoclostridium	[Clostridium] innocuum
B32_12_months	k141_12905	23648	B32_12_months__1496_Clostridioides_difficile__k141_12905	1	23648	Clostridioides	Clostridioides difficile
B32_12_months	k141_12965_phage712_12809_27714_12_0.65	14906	B32_12_months__28125_Prevotella_bivia__k141_12965	12810	27715	Prevotella	Prevotella bivia
B32_12_months	k141_13926	47037	B32_12_months__562_Escherichia_coli__k141_13926	1	47037	Escherichia	Escherichia coli
B32_12_months	k141_13983_phage887_23005_36271_19_0.66	13267	B32_12_months__1965603_Blautia_sp._An249__k141_13983	23006	36272	Blautia	Blautia sp. An249
B32_12_months	k141_14487_phage989_96764_138550_32_0.72	41787	B32_12_months__823_Parabacteroides_distasonis__k141_14487	96765	138551	Parabacteroides	Parabacteroides distasonis
B32_12_months	k141_1488_1_checkv_26086-39134/39134	13049	B32_12_months__137838_Clostridium_neonatale__k141_1488	26086	39134	Clostridium	Clostridium neonatale
B32_12_months	k141_15635	15278	B32_12_months__1308_Streptococcus_thermophilus__k141_15635	1	15278	Streptococcus	Streptococcus thermophilus
B32_12_months	k141_17396_1_checkv_8039-19684/19684	11646	B32_12_months__48296_Acinetobacter_pittii__k141_17396	8039	19684	Acinetobacter	Acinetobacter pittii
B32_12_months	k141_17396_phage500_1_13689_23_0.66	13689	B32_12_months__48296_Acinetobacter_pittii__k141_17396	2	13690	Acinetobacter	Acinetobacter pittii
B32_12_months	k141_17818_phage609_1_12526_19_0.67	12525	B32_12_months__1915310_Enterobacter_cloacae_complex_sp._ECNIH7__k141_17818	2	12526	Enterobacter	Enterobacter cloacae complex sp. ECNIH7
B32_12_months	k141_18729	11376	B32_12_months__1496_Clostridioides_difficile__k141_18729	1	11376	Clostridioides	Clostridioides difficile
B32_12_months	k141_18950	28890	B32_12_months__33945_Enterococcus_avium__k141_18950	1	28890	Enterococcus	Enterococcus avium
B32_12_months	k141_22257_phage439_4000_14900_11_0.55	10901	B32_12_months__1496_Clostridioides_difficile__k141_22257	4001	14901	Clostridioides	Clostridioides difficile
B32_12_months	k141_22303_1_checkv_264902-291589/344857	26688	B32_12_months__105841_Anaerostipes_caccae__k141_22303	264902	291589	Anaerostipes	Anaerostipes caccae
B32_12_months	k141_22505	13517	B32_12_months__1321775_Actinomyces_sp._oral_taxon_172__k141_22505	1	13517	Actinomyces	Actinomyces sp. oral taxon 172
B32_12_months	k141_22742_phage569_2_12424_29_0.71	12423	B32_12_months__1915310_Enterobacter_cloacae_complex_sp._ECNIH7__k141_22742	3	12425	Enterobacter	Enterobacter cloacae complex sp. ECNIH7
B32_12_months	k141_22960_phage589_143_13452_11_0.8	13310	B32_12_months__28025_Bifidobacterium_animalis__k141_22960	144	13453	Bifidobacterium	Bifidobacterium animalis
B32_12_months	k141_23691	29331	B32_12_months__301302_Roseburia_faecis__k141_23691	1	29331	Roseburia	Roseburia faecis
B32_12_months	k141_24505	10170	B32_12_months__1496_Clostridioides_difficile__k141_24505	1	10170	Clostridioides	Clostridioides difficile
B32_12_months	k141_26624_1_checkv_5944-16394/30143	10451	B32_12_months__1308_Streptococcus_thermophilus__k141_26624	5944	16394	Streptococcus	Streptococcus thermophilus
B32_12_months	k141_26719	12527	B32_12_months__1321775_Actinomyces_sp._oral_taxon_172__k141_26719	1	12527	Actinomyces	Actinomyces sp. oral taxon 172
B32_12_months	k141_28927	18576	B32_12_months__2293024_Clostridium_sp._AM22-11AC__k141_28927	1	18576	Clostridium	Clostridium sp. AM22-11AC
B32_12_months	k141_28996_phage792_22572_36949_10_0.52	14378	B32_12_months__823_Parabacteroides_distasonis__k141_28996	22573	36950	Parabacteroides	Parabacteroides distasonis
B32_12_months	k141_29086	12735	B32_12_months__244366_Klebsiella_variicola__k141_29086	1	12735	Klebsiella	Klebsiella variicola
B32_12_months	k141_29738_phage913_98_13066_19_0.83	12968	B32_12_months__1915310_Enterobacter_cloacae_complex_sp._ECNIH7__k141_29738	99	13066	Enterobacter	Enterobacter cloacae complex sp. ECNIH7
B32_12_months	k141_30016_1_checkv_1-10411/16477	10411	B32_12_months__137838_Clostridium_neonatale__k141_30016	1	10411	Clostridium	Clostridium neonatale
B32_12_months	k141_31008	10369	B32_12_months__1308_Streptococcus_thermophilus__k141_31008	1	10369	Streptococcus	Streptococcus thermophilus
B32_12_months	k141_31075	24380	B32_12_months__28125_Prevotella_bivia__k141_31075	1	24380	Prevotella	Prevotella bivia
B32_12_months	k141_34371_phage858_59158_94266_33_0.66	35109	B32_12_months__818_Bacteroides_thetaiotaomicron__k141_34371	59159	94267	Bacteroides	Bacteroides thetaiotaomicron
B32_12_months	k141_34755_phage935_65354_76706_18_0.56	11353	B32_12_months__853_Faecalibacterium_prausnitzii__k141_34755	65355	76707	Faecalibacterium	Faecalibacterium prausnitzii
B32_12_months	k141_34755_phage936_106991_124555_16_0.68	17565	B32_12_months__853_Faecalibacterium_prausnitzii__k141_34755	106992	124556	Faecalibacterium	Faecalibacterium prausnitzii
B32_12_months	k141_36295_1_checkv_141282-168061/168061	26780	B32_12_months__1522_[Clostridium]_innocuum__k141_36295	141282	168061	Erysipelatoclostridium	[Clostridium] innocuum
B32_12_months	k141_36430	52769	B32_12_months__33038_[Ruminococcus]_gnavus__k141_36430	1	52769	Mediterraneibacter	[Ruminococcus] gnavus
B32_12_months	k141_36697_1_checkv_38538-71991/88458	33454	B32_12_months__48296_Acinetobacter_pittii__k141_36697	38538	71991	Acinetobacter	Acinetobacter pittii
B32_12_months	k141_36874_phage349_820_14534_21_0.73	13715	B32_12_months__48296_Acinetobacter_pittii__k141_36874	821	14535	Acinetobacter	Acinetobacter pittii
B32_12_months	k141_37461_phage438_2_15722_14_0.7	15720	B32_12_months__1965603_Blautia_sp._An249__k141_37461	3	15722	Blautia	Blautia sp. An249
B32_12_months	k141_37821_1_checkv_1-28103/54046	28103	B32_12_months__1965603_Blautia_sp._An249__k141_37821	1	28103	Blautia	Blautia sp. An249
B32_12_months	k141_38193_phage585_237_22009_21_0.7	21773	B32_12_months__292800_Flavonifractor_plautii__k141_38193	238	22010	Flavonifractor	Flavonifractor plautii
B32_12_months	k141_38662	11870	B32_12_months__48296_Acinetobacter_pittii__k141_38662	1	11870	Acinetobacter	Acinetobacter pittii
B32_12_months	k141_39868	38501	B32_12_months__48296_Acinetobacter_pittii__k141_39868	1	38501	Acinetobacter	Acinetobacter pittii
B32_12_months	k141_39971	24292	B32_12_months__1965603_Blautia_sp._An249__k141_39971	1	24292	Blautia	Blautia sp. An249
B32_12_months	k141_40053	18616	B32_12_months__2293024_Clostridium_sp._AM22-11AC__k141_40053	1	18616	Clostridium	Clostridium sp. AM22-11AC
B32_12_months	k141_40419	12382	B32_12_months__28125_Prevotella_bivia__k141_40419	1	12382	Prevotella	Prevotella bivia
B32_12_months	k141_40726_phage46_36380_51017_14_0.63	14638	B32_12_months__137838_Clostridium_neonatale__k141_40726	36381	51018	Clostridium	Clostridium neonatale
B32_12_months	k141_40976	95465	B32_12_months__823_Parabacteroides_distasonis__k141_40976	1	95465	Parabacteroides	Parabacteroides distasonis
B32_12_months	k141_41379	45852	B32_12_months__301302_Roseburia_faecis__k141_41379	1	45852	Roseburia	Roseburia faecis
B32_12_months	k141_42348_1_checkv_37597-65317/65317	27721	B32_12_months__48296_Acinetobacter_pittii__k141_42348	37597	65317	Acinetobacter	Acinetobacter pittii
B32_12_months	k141_43016_phage625_518_22260_20_0.55	21743	B32_12_months__1685_Bifidobacterium_breve__k141_43016	519	22261	Bifidobacterium	Bifidobacterium breve
B32_12_months	k141_43242_1_checkv_40236-95358/175981	55123	B32_12_months__301302_Roseburia_faecis__k141_43242	40236	95358	Roseburia	Roseburia faecis
B32_12_months	k141_44283	22156	B32_12_months__1128111_Veillonella_atypica__k141_44283	1	22156	Veillonella	Veillonella atypica
B32_12_months	k141_45140_phage1026_64265_93213_27_0.55	28949	B32_12_months__28025_Bifidobacterium_animalis__k141_45140	64266	93214	Bifidobacterium	Bifidobacterium animalis
B32_12_months	k141_45916	15856	B32_12_months__2293024_Clostridium_sp._AM22-11AC__k141_45916	1	15856	Clostridium	Clostridium sp. AM22-11AC
B32_12_months	k141_49691_phage879_2_16574_16_0.75	16572	B32_12_months__48296_Acinetobacter_pittii__k141_49691	3	16574	Acinetobacter	Acinetobacter pittii
B32_12_months	k141_50018_phage966_41671_58440_17_0.62	16770	B32_12_months__1965603_Blautia_sp._An249__k141_50018	41672	58441	Blautia	Blautia sp. An249
B32_12_months	k141_50018_phage968_108808_143562_31_0.62	34755	B32_12_months__1965603_Blautia_sp._An249__k141_50018	108809	143563	Blautia	Blautia sp. An249
B32_12_months	k141_50116_phage985_233_15676_14_0.6	15444	B32_12_months__1496_Clostridioides_difficile__k141_50116	234	15677	Clostridioides	Clostridioides difficile
B32_12_months	k141_50635	18451	B32_12_months__1134687_Klebsiella_michiganensis__k141_50635	1	18451	Klebsiella	Klebsiella michiganensis
B32_12_months	k141_51225_phage98_1704_18491_16_0.64	16788	B32_12_months__1547_Erysipelatoclostridium_ramosum__k141_51225	1705	18492	Erysipelatoclostridium	Erysipelatoclostridium ramosum
B32_12_months	k141_51344_1_checkv_85129-109110/109110	23982	B32_12_months__649756_Anaerostipes_hadrus__k141_51344	85129	109110	Anaerostipes	Anaerostipes hadrus
B32_12_months	k141_52651_phage372_32121_55604_19_0.54	23484	B32_12_months__301302_Roseburia_faecis__k141_52651	32122	55605	Roseburia	Roseburia faecis
B32_12_months	k141_52738_phage383_23523_43045_18_0.66	19523	B32_12_months__1547_Erysipelatoclostridium_ramosum__k141_52738	23524	43046	Erysipelatoclostridium	Erysipelatoclostridium ramosum
B32_12_months	k141_54621_1_checkv_13713-54725/323583	41013	B32_12_months__150055_Streptococcus_lutetiensis__k141_54621	13713	54725	Streptococcus	Streptococcus lutetiensis
B32_12_months	k141_55751_phage6_2558_20644_21_0.61	18087	B32_12_months__137838_Clostridium_neonatale__k141_55751	2559	20645	Clostridium	Clostridium neonatale
B32_12_months	k141_55751_phage7_22447_35646_14_0.76	13200	B32_12_months__137838_Clostridium_neonatale__k141_55751	22448	35647	Clostridium	Clostridium neonatale
B32_12_months	k141_56376_phage139_170_20376_19_0.76	20207	B32_12_months__28125_Prevotella_bivia__k141_56376	171	20377	Prevotella	Prevotella bivia
B32_12_months	k141_56530_phage199_57307_71245_16_0.58	13939	B32_12_months__292800_Flavonifractor_plautii__k141_56530	57308	71246	Flavonifractor	Flavonifractor plautii
B32_12_months	k141_56530_phage200_90752_109620_21_0.72	18869	B32_12_months__292800_Flavonifractor_plautii__k141_56530	90753	109621	Flavonifractor	Flavonifractor plautii
B32_12_months	k141_57401	138586	B32_12_months__823_Parabacteroides_distasonis__k141_57401	1	138586	Parabacteroides	Parabacteroides distasonis
B32_12_months	k141_58101	12020	B32_12_months__2293024_Clostridium_sp._AM22-11AC__k141_58101	1	12020	Clostridium	Clostridium sp. AM22-11AC
B32_12_months	k141_60615	10158	B32_12_months__573_Klebsiella_pneumoniae__k141_60615	1	10158	Klebsiella	Klebsiella pneumoniae
B32_12_months	k141_61146_1_checkv_20912-51833/51833	30922	B32_12_months__33038_[Ruminococcus]_gnavus__k141_61146	20912	51833	Mediterraneibacter	[Ruminococcus] gnavus
B32_12_months	k141_62090_phage313_1082_16851_17_0.65	15770	B32_12_months__301302_Roseburia_faecis__k141_62090	1083	16852	Roseburia	Roseburia faecis
B32_12_months	k141_62542_phage395_46802_62601_12_0.64	15800	B32_12_months__292800_Flavonifractor_plautii__k141_62542	46803	62602	Flavonifractor	Flavonifractor plautii
B32_12_months	k141_62578_phage427_3_18130_27_0.68	18128	B32_12_months__244366_Klebsiella_variicola__k141_62578	4	18131	Klebsiella	Klebsiella variicola
B32_12_months	k141_62680_phage467_35176_46794_15_0.57	11619	B32_12_months__1262777_Clostridium_sp._CAG:167__k141_62680	35177	46795	Clostridium	Clostridium sp. CAG:167
B32_12_months	k141_62781_phage479_10800_27132_19_0.63	16333	B32_12_months__2293024_Clostridium_sp._AM22-11AC__k141_62781	10801	27133	Clostridium	Clostridium sp. AM22-11AC
B32_12_months	k141_63603	20714	B32_12_months__1134687_Klebsiella_michiganensis__k141_63603	1	20714	Klebsiella	Klebsiella michiganensis
B32_12_months	k141_64706_phage826_46_16034_12_0.57	15989	B32_12_months__853_Faecalibacterium_prausnitzii__k141_64706	47	16035	Faecalibacterium	Faecalibacterium prausnitzii
B32_12_months	k141_64979_phage875_10849_21246_11_0.66	10398	B32_12_months__823_Parabacteroides_distasonis__k141_64979	10850	21247	Parabacteroides	Parabacteroides distasonis
B32_12_months	k141_65063_phage890_264_27428_19_0.52	27164	B32_12_months__28025_Bifidobacterium_animalis__k141_65063	265	27428	Bifidobacterium	Bifidobacterium animalis
B32_12_months	k141_65244	12600	B32_12_months__1128111_Veillonella_atypica__k141_65244	1	12600	Veillonella	Veillonella atypica
B32_12_months	k141_65402_phage1003_120761_136747_15_0.7	15987	B32_12_months__1579_Lactobacillus_acidophilus__k141_65402	120762	136748	Lactobacillus	Lactobacillus acidophilus
B32_12_months	k141_65900_1_checkv_153714-184432/283586	30719	B32_12_months__40520_Blautia_obeum__k141_65900	153714	184432	Blautia	Blautia obeum
B32_12_months	k141_66033_phage88_135073_146828_14_0.62	11756	B32_12_months__1579_Lactobacillus_acidophilus__k141_66033	135074	146829	Lactobacillus	Lactobacillus acidophilus
B32_12_months	k141_66303_phage142_2687_18286_18_0.59	15600	B32_12_months__137838_Clostridium_neonatale__k141_66303	2688	18287	Clostridium	Clostridium neonatale
B32_12_months	k141_66510_phage262_38090_54608_15_0.62	16519	B32_12_months__150055_Streptococcus_lutetiensis__k141_66510	38091	54609	Streptococcus	Streptococcus lutetiensis
B32_12_months	k141_6676_phage345_71_27223_18_0.7	27153	B32_12_months__28025_Bifidobacterium_animalis__k141_6676	72	27224	Bifidobacterium	Bifidobacterium animalis
B32_12_months	k141_67619_1_checkv_84614-109629/126340	25016	B32_12_months__818_Bacteroides_thetaiotaomicron__k141_67619	84614	109629	Bacteroides	Bacteroides thetaiotaomicron
B32_12_months	k141_67887_phage567_76_11569_13_0.66	11494	B32_12_months__1965603_Blautia_sp._An249__k141_67887	77	11570	Blautia	Blautia sp. An249
B32_12_months	k141_69582_phage849_43045_64017_21_0.65	20973	B32_12_months__853_Faecalibacterium_prausnitzii__k141_69582	43046	64018	Faecalibacterium	Faecalibacterium prausnitzii
B32_12_months	k141_70412_phage995_3_13345_14_0.81	13343	B32_12_months__823_Parabacteroides_distasonis__k141_70412	4	13346	Parabacteroides	Parabacteroides distasonis
B32_12_months	k141_70670_phage1039_21226_44924_24_0.58	23699	B32_12_months__137838_Clostridium_neonatale__k141_70670	21227	44925	Clostridium	Clostridium neonatale
B32_12_months	k141_71899_phage251_1_19427_21_0.64	19427	B32_12_months__292800_Flavonifractor_plautii__k141_71899	2	19428	Flavonifractor	Flavonifractor plautii
B32_12_months	k141_71962_1_checkv_6042-17998/17998	11957	B32_12_months__137838_Clostridium_neonatale__k141_71962	6042	17998	Clostridium	Clostridium neonatale
B32_12_months	k141_71962_phage263_3612_15251_10_0.75	11640	B32_12_months__137838_Clostridium_neonatale__k141_71962	3613	15252	Clostridium	Clostridium neonatale
B32_12_months	k141_72985_phage448_2_25205_26_0.8	25204	B32_12_months__1965603_Blautia_sp._An249__k141_72985	3	25206	Blautia	Blautia sp. An249
B32_12_months	k141_73139_phage511_2_24953_29_0.63	24951	B32_12_months__292800_Flavonifractor_plautii__k141_73139	3	24953	Flavonifractor	Flavonifractor plautii
B32_12_months	k141_73419	76705	B32_12_months__40520_Blautia_obeum__k141_73419	1	76705	Blautia	Blautia obeum
B32_12_months	k141_73579_1_checkv_1-40432/85531	40432	B32_12_months__150055_Streptococcus_lutetiensis__k141_73579	1	40432	Streptococcus	Streptococcus lutetiensis
B32_12_months	k141_73727_phage648_125386_152492_29_0.52	27107	B32_12_months__853_Faecalibacterium_prausnitzii__k141_73727	125387	152493	Faecalibacterium	Faecalibacterium prausnitzii
B32_12_months	k141_73807_phage663_2_24279_24_0.65	24278	B32_12_months__137838_Clostridium_neonatale__k141_73807	3	24280	Clostridium	Clostridium neonatale
B32_12_months	k141_73988_phage696_18587_42889_29_0.66	24303	B32_12_months__1547_Erysipelatoclostridium_ramosum__k141_73988	18588	42890	Erysipelatoclostridium	Erysipelatoclostridium ramosum
B32_12_months	k141_7400_phage477_31859_70348_31_0.67	38490	B32_12_months__1547_Erysipelatoclostridium_ramosum__k141_7400	31860	70349	Erysipelatoclostridium	Erysipelatoclostridium ramosum
B32_12_months	k141_74025_phage707_81391_94053_11_0.65	12663	B32_12_months__292800_Flavonifractor_plautii__k141_74025	81392	94054	Flavonifractor	Flavonifractor plautii
B32_12_months	k141_75492	20699	B32_12_months__28125_Prevotella_bivia__k141_75492	1	20699	Prevotella	Prevotella bivia
B32_12_months	k141_77085_1_checkv_1-32417/41801	32417	B32_12_months__573_Klebsiella_pneumoniae__k141_77085	1	32417	Klebsiella	Klebsiella pneumoniae
B32_12_months	k141_77881	28191	B32_12_months__2293024_Clostridium_sp._AM22-11AC__k141_77881	1	28191	Clostridium	Clostridium sp. AM22-11AC
B32_12_months	k141_77961_phage408_3_42719_60_0.71	42717	B32_12_months__487175_Parasutterella_excrementihominis__k141_77961	4	42720	Parasutterella	Parasutterella excrementihominis
B32_12_months	k141_78853_phage570_3_26443_27_0.71	26441	B32_12_months__2293024_Clostridium_sp._AM22-11AC__k141_78853	4	26444	Clostridium	Clostridium sp. AM22-11AC
B32_12_months	k141_78872	16770	B32_12_months__1496_Clostridioides_difficile__k141_78872	1	16770	Clostridioides	Clostridioides difficile
B32_12_months	k141_79386	34654	B32_12_months__28025_Bifidobacterium_animalis__k141_79386	1	34654	Bifidobacterium	Bifidobacterium animalis
B32_12_months	k141_79860_phage726_99672_128456_20_0.65	28785	B32_12_months__823_Parabacteroides_distasonis__k141_79860	99673	128457	Parabacteroides	Parabacteroides distasonis
B32_12_months	k141_80286	38495	B32_12_months__2293024_Clostridium_sp._AM22-11AC__k141_80286	1	38495	Clostridium	Clostridium sp. AM22-11AC
B32_12_months	k141_80429_1_checkv_95571-125297/139172	29727	B32_12_months__292800_Flavonifractor_plautii__k141_80429	95571	125297	Flavonifractor	Flavonifractor plautii
B32_12_months	k141_81254_phage106_2_10433_10_0.53	10431	B32_12_months__1128111_Veillonella_atypica__k141_81254	3	10433	Veillonella	Veillonella atypica
B32_12_months	k141_81518	23157	B32_12_months__292800_Flavonifractor_plautii__k141_81518	1	23157	Flavonifractor	Flavonifractor plautii
B32_12_months	k141_82726_phage426_19445_32784_14_0.7	13340	B32_12_months__1496_Clostridioides_difficile__k141_82726	19446	32785	Clostridioides	Clostridioides difficile
B32_12_months	k141_82954_phage489_36829_61537_27_0.66	24709	B32_12_months__823_Parabacteroides_distasonis__k141_82954	36830	61538	Parabacteroides	Parabacteroides distasonis
B32_12_months	k141_83357_phage558_23398_55125_26_0.55	31728	B32_12_months__28025_Bifidobacterium_animalis__k141_83357	23399	55126	Bifidobacterium	Bifidobacterium animalis
B32_12_months	k141_84053	20624	B32_12_months__562_Escherichia_coli__k141_84053	1	20624	Escherichia	Escherichia coli
B32_12_months	k141_84216	10494	B32_12_months__2293024_Clostridium_sp._AM22-11AC__k141_84216	1	10494	Clostridium	Clostridium sp. AM22-11AC
B32_12_months	k141_84977	12834	B32_12_months__1496_Clostridioides_difficile__k141_84977	1	12834	Clostridioides	Clostridioides difficile
B32_12_months	k141_85196	33935	B32_12_months__28125_Prevotella_bivia__k141_85196	1	33935	Prevotella	Prevotella bivia
B32_12_months	k141_85442_1_checkv_23210-33782/40216	10573	B32_12_months__33945_Enterococcus_avium__k141_85442	23210	33782	Enterococcus	Enterococcus avium
B32_12_months	k141_86339_phage55_8753_33486_30_0.68	24734	B32_12_months__1915310_Enterobacter_cloacae_complex_sp._ECNIH7__k141_86339	8754	33487	Enterobacter	Enterobacter cloacae complex sp. ECNIH7
B32_12_months	k141_87402_phage291_69077_87282_17_0.57	18206	B32_12_months__292800_Flavonifractor_plautii__k141_87402	69078	87283	Flavonifractor	Flavonifractor plautii
B32_12_months	k141_87502_phage301_2772_30886_52_0.87	28115	B32_12_months__1965603_Blautia_sp._An249__k141_87502	2773	30887	Blautia	Blautia sp. An249
B32_12_months	k141_88570_phage501_74015_125915_44_0.68	51901	B32_12_months__818_Bacteroides_thetaiotaomicron__k141_88570	74016	125916	Bacteroides	Bacteroides thetaiotaomicron
B32_12_months	k141_89002_phage576_42090_64770_14_0.62	22681	B32_12_months__1547_Erysipelatoclostridium_ramosum__k141_89002	42091	64771	Erysipelatoclostridium	Erysipelatoclostridium ramosum
B32_12_months	k141_89246_phage616_51182_69486_19_0.6	18305	B32_12_months__823_Parabacteroides_distasonis__k141_89246	51183	69487	Parabacteroides	Parabacteroides distasonis
B32_12_months	k141_89275	29590	B32_12_months__292800_Flavonifractor_plautii__k141_89275	1	29590	Flavonifractor	Flavonifractor plautii
B32_12_months	k141_90001_phage776_23965_47820_23_0.64	23856	B32_12_months__292800_Flavonifractor_plautii__k141_90001	23966	47821	Flavonifractor	Flavonifractor plautii
B32_12_months	k141_91717	36620	B32_12_months__2293024_Clostridium_sp._AM22-11AC__k141_91717	1	36620	Clostridium	Clostridium sp. AM22-11AC
B32_12_months	k141_92342_1_checkv_1-25034/69468	25034	B32_12_months__649756_Anaerostipes_hadrus__k141_92342	1	25034	Anaerostipes	Anaerostipes hadrus
B32_12_months	k141_9265	11251	B32_12_months__1311774_Acinetobacter_pittii__k141_9265	1	11251	Acinetobacter	Acinetobacter pittii
B32_12_months	k141_93278_phage503_1_15759_16_0.54	15759	B32_12_months__1965603_Blautia_sp._An249__k141_93278	2	15760	Blautia	Blautia sp. An249
B32_12_months	k141_93584	22457	B32_12_months__48296_Acinetobacter_pittii__k141_93584	1	22457	Acinetobacter	Acinetobacter pittii
B32_12_months	k141_93926	12740	B32_12_months__1496_Clostridioides_difficile__k141_93926	1	12740	Clostridioides	Clostridioides difficile
B32_12_months	k141_94285_1_checkv_129879-145365/145365	15487	B32_12_months__292800_Flavonifractor_plautii__k141_94285	129879	145365	Flavonifractor	Flavonifractor plautii
B32_12_months	k141_94411	18201	B32_12_months__1128111_Veillonella_atypica__k141_94411	1	18201	Veillonella	Veillonella atypica
B32_12_months	k141_94746_phage780_42553_75415_24_0.7	32863	B32_12_months__137838_Clostridium_neonatale__k141_94746	42554	75416	Clostridium	Clostridium neonatale
B32_12_months	k141_9573_1_checkv_135607-199633/328070	64027	B32_12_months__853_Faecalibacterium_prausnitzii__k141_9573	135607	199633	Faecalibacterium	Faecalibacterium prausnitzii
B32_12_months	k141_96703	42019	B32_12_months__818_Bacteroides_thetaiotaomicron__k141_96703	1	42019	Bacteroides	Bacteroides thetaiotaomicron
B32_12_months	k141_97021_phage144_59037_85308_28_0.74	26272	B32_12_months__292800_Flavonifractor_plautii__k141_97021	59038	85309	Flavonifractor	Flavonifractor plautii
B32_12_months	k141_98267_1_checkv_168053-205168/237107	37116	B32_12_months__487175_Parasutterella_excrementihominis__k141_98267	168053	205168	Parasutterella	Parasutterella excrementihominis
B32_12_months	k141_98536	111578	B32_12_months__823_Parabacteroides_distasonis__k141_98536	1	111578	Parabacteroides	Parabacteroides distasonis
B32_12_months	k141_98670_1_checkv_3661-41023/133760	37363	B32_12_months__187326_Megasphaera_micronuciformis__k141_98670	3661	41023	Megasphaera	Megasphaera micronuciformis
B32_12_months	k141_9906	45129	B32_12_months__1496_Clostridioides_difficile__k141_9906	1	45129	Clostridioides	Clostridioides difficile
B32_12_months	k141_99117	13659	B32_12_months__137838_Clostridium_neonatale__k141_99117	1	13659	Clostridium	Clostridium neonatale
B32_12_months	k141_99822_phage630_21677_60715_32_0.53	39039	B32_12_months__137838_Clostridium_neonatale__k141_99822	21678	60716	Clostridium	Clostridium neonatale
B33_12_months	k141_10377	31185	B33_12_months__1262887_Eubacterium_sp._CAG:252__k141_10377	1	31185	Eubacterium	Eubacterium sp. CAG:252
B33_12_months	k141_10555_1_checkv_71735-97716/97716	25982	B33_12_months__745368_Gemmiger_formicilis__k141_10555	71735	97716	Gemmiger	Gemmiger formicilis
B33_12_months	k141_10588	29885	B33_12_months__216816_Bifidobacterium_longum__k141_10588	1	29885	Bifidobacterium	Bifidobacterium longum
B33_12_months	k141_11891	16522	B33_12_months__1547_Erysipelatoclostridium_ramosum__k141_11891	1	16522	Erysipelatoclostridium	Erysipelatoclostridium ramosum
B33_12_months	k141_13273	51370	B33_12_months__1118058_Actinomyces_sp._ph3__k141_13273	1	51370	Actinomyces	Actinomyces sp. ph3
B33_12_months	k141_13986	135709	B33_12_months__292800_Flavonifractor_plautii__k141_13986	1	135709	Flavonifractor	Flavonifractor plautii
B33_12_months	k141_14002_phage404_1063_14279_21_0.7	13217	B33_12_months__246796_Pedobacter_himalayensis__k141_14002	1064	14280	Pedobacter	Pedobacter himalayensis
B33_12_months	k141_1454_1_checkv_14420-53961/95304	39542	B33_12_months__246796_Pedobacter_himalayensis__k141_1454	14420	53961	Pedobacter	Pedobacter himalayensis
B33_12_months	k141_14748	11968	B33_12_months__33945_Enterococcus_avium__k141_14748	1	11968	Enterococcus	Enterococcus avium
B33_12_months	k141_15914_phage717_1_17999_25_0.75	17998	B33_12_months__165185_uncultured_Eubacterium_sp.__k141_15914	2	17999	Eubacterium	uncultured Eubacterium sp.
B33_12_months	k141_1646	18332	B33_12_months__33945_Enterococcus_avium__k141_1646	1	18332	Enterococcus	Enterococcus avium
B33_12_months	k141_16592_phage804_2_13203_34_0.91	13202	B33_12_months__29363_Clostridium_paraputrificum__k141_16592	3	13204	Clostridium	Clostridium paraputrificum
B33_12_months	k141_16852_phage865_2_13519_23_0.9	13518	B33_12_months__1318_Streptococcus_parasanguinis__k141_16852	3	13520	Streptococcus	Streptococcus parasanguinis
B33_12_months	k141_16998	10238	B33_12_months__3022225_Lactobacillus_equicursoris__k141_16998	1	10238	Lactobacillus	Lactobacillus equicursoris
B33_12_months	k141_17062_1_checkv_1-13537/40109	13537	B33_12_months__165185_uncultured_Eubacterium_sp.__k141_17062	1	13537	Eubacterium	uncultured Eubacterium sp.
B33_12_months	k141_1709_1_checkv_1-40962/53640	40962	B33_12_months__1547_Erysipelatoclostridium_ramosum__k141_1709	1	40962	Erysipelatoclostridium	Erysipelatoclostridium ramosum
B33_12_months	k141_17657	24464	B33_12_months__2126740_Clostridium_fessum__k141_17657	1	24464	Clostridium	Clostridium fessum
B33_12_months	k141_17888	20164	B33_12_months__562_Escherichia_coli__k141_17888	1	20164	Escherichia	Escherichia coli
B33_12_months	k141_17952	33054	B33_12_months__3016680_Bifidobacterium_animalis__k141_17952	1	33054	Bifidobacterium	Bifidobacterium animalis
B33_12_months	k141_18712_phage283_29271_54275_27_0.62	25005	B33_12_months__1776391_Romboutsia_timonensis__k141_18712	29272	54276	Romboutsia	Romboutsia timonensis
B33_12_months	k141_19535	21725	B33_12_months__1262887_Eubacterium_sp._CAG:252__k141_19535	1	21725	Eubacterium	Eubacterium sp. CAG:252
B33_12_months	k141_19681_1_checkv_21428-35091/46350	13664	B33_12_months__831_Butyrivibrio_fibrisolvens__k141_19681	21428	35091	Butyrivibrio	Butyrivibrio fibrisolvens
B33_12_months	k141_19831_phage473_47936_61044_16_0.56	13109	B33_12_months__831_Butyrivibrio_fibrisolvens__k141_19831	47937	61045	Butyrivibrio	Butyrivibrio fibrisolvens
B33_12_months	k141_21183	98435	B33_12_months__2126740_Clostridium_fessum__k141_21183	1	98435	Clostridium	Clostridium fessum
B33_12_months	k141_21214_phage701_26101_37430_16_0.63	11330	B33_12_months__33038_[Ruminococcus]_gnavus__k141_21214	26102	37431	Mediterraneibacter	[Ruminococcus] gnavus
B33_12_months	k141_22320	13750	B33_12_months__1118058_Actinomyces_sp._ph3__k141_22320	1	13750	Actinomyces	Actinomyces sp. ph3
B33_12_months	k141_22755	18720	B33_12_months__525338_Lactiplantibacillus_plantarum__k141_22755	1	18720	Lactiplantibacillus	Lactiplantibacillus plantarum
B33_12_months	k141_23551_phage102_3_20592_24_0.81	20590	B33_12_months__1318_Streptococcus_parasanguinis__k141_23551	4	20593	Streptococcus	Streptococcus parasanguinis
B33_12_months	k141_24746_1_checkv_43880-77066/77066	33187	B33_12_months__562_Escherichia_coli__k141_24746	43880	77066	Escherichia	Escherichia coli
B33_12_months	k141_25702	12912	B33_12_months__1579_Lactobacillus_acidophilus__k141_25702	1	12912	Lactobacillus	Lactobacillus acidophilus
B33_12_months	k141_25855_phage547_14920_36137_21_0.65	21218	B33_12_months__84112_Eggerthella_lenta__k141_25855	14921	36138	Eggerthella	Eggerthella lenta
B33_12_months	k141_25855_phage548_38852_55882_19_0.62	17031	B33_12_months__84112_Eggerthella_lenta__k141_25855	38853	55883	Eggerthella	Eggerthella lenta
B33_12_months	k141_25936	13546	B33_12_months__216816_Bifidobacterium_longum__k141_25936	1	13546	Bifidobacterium	Bifidobacterium longum
B33_12_months	k141_26030_1_checkv_20300-51470/60251	31171	B33_12_months__1118058_Actinomyces_sp._ph3__k141_26030	20300	51470	Actinomyces	Actinomyces sp. ph3
B33_12_months	k141_2631_1_checkv_1-16392/39967	16392	B33_12_months__500634_Bifidobacterium_bifidum__k141_2631	1	16392	Bifidobacterium	Bifidobacterium bifidum
B33_12_months	k141_26528	30291	B33_12_months__1262887_Eubacterium_sp._CAG:252__k141_26528	1	30291	Eubacterium	Eubacterium sp. CAG:252
B33_12_months	k141_29124_phage155_63902_90573_32_0.59	26672	B33_12_months__1547_Erysipelatoclostridium_ramosum__k141_29124	63903	90574	Erysipelatoclostridium	Erysipelatoclostridium ramosum
B33_12_months	k141_29156	19594	B33_12_months__853_Faecalibacterium_prausnitzii__k141_29156	1	19594	Faecalibacterium	Faecalibacterium prausnitzii
B33_12_months	k141_30753	51213	B33_12_months__817_Bacteroides_fragilis__k141_30753	1	51213	Bacteroides	Bacteroides fragilis
B33_12_months	k141_31228	15969	B33_12_months__292800_Flavonifractor_plautii__k141_31228	1	15969	Flavonifractor	Flavonifractor plautii
B33_12_months	k141_31262	16456	B33_12_months__1118058_Actinomyces_sp._ph3__k141_31262	1	16456	Actinomyces	Actinomyces sp. ph3
B33_12_months	k141_32618	14037	B33_12_months__43675_Rothia_mucilaginosa__k141_32618	1	14037	Rothia	Rothia mucilaginosa
B33_12_months	k141_33023_1_checkv_1-37339/60151	37339	B33_12_months__817_Bacteroides_fragilis__k141_33023	1	37339	Bacteroides	Bacteroides fragilis
B33_12_months	k141_3437	38767	B33_12_months__28025_Bifidobacterium_animalis__k141_3437	1	38767	Bifidobacterium	Bifidobacterium animalis
B33_12_months	k141_34985	33865	B33_12_months__745368_Gemmiger_formicilis__k141_34985	1	33865	Gemmiger	Gemmiger formicilis
B33_12_months	k141_36636	10459	B33_12_months__33038_[Ruminococcus]_gnavus__k141_36636	1	10459	Mediterraneibacter	[Ruminococcus] gnavus
B33_12_months	k141_37726_1_checkv_21717-35092/40403	13376	B33_12_months__1262785_Clostridium_sp._CAG:253__k141_37726	21717	35092	Clostridium	Clostridium sp. CAG:253
B33_12_months	k141_38129	30498	B33_12_months__216816_Bifidobacterium_longum__k141_38129	1	30498	Bifidobacterium	Bifidobacterium longum
B33_12_months	k141_38727_1_checkv_3183-27021/27021	23839	B33_12_months__43675_Rothia_mucilaginosa__k141_38727	3183	27021	Rothia	Rothia mucilaginosa
B33_12_months	k141_4065_phage636_372_14540_14_0.72	14169	B33_12_months__1776391_Romboutsia_timonensis__k141_4065	373	14541	Romboutsia	Romboutsia timonensis
B33_12_months	k141_41247_1_checkv_25668-37701/41898	12034	B33_12_months__165185_uncultured_Eubacterium_sp.__k141_41247	25668	37701	Eubacterium	uncultured Eubacterium sp.
B33_12_months	k141_41662	23229	B33_12_months__1262785_Clostridium_sp._CAG:253__k141_41662	1	23229	Clostridium	Clostridium sp. CAG:253
B33_12_months	k141_41799	25049	B33_12_months__1776391_Romboutsia_timonensis__k141_41799	1	25049	Romboutsia	Romboutsia timonensis
B33_12_months	k141_425	15067	B33_12_months__29363_Clostridium_paraputrificum__k141_425	1	15067	Clostridium	Clostridium paraputrificum
B33_12_months	k141_42549	18862	B33_12_months__39486_Dorea_formicigenerans__k141_42549	1	18862	Dorea	Dorea formicigenerans
B33_12_months	k141_42917_1_checkv_1-21951/128704	21951	B33_12_months__2126740_Clostridium_fessum__k141_42917	1	21951	Clostridium	Clostridium fessum
B33_12_months	k141_42917_phage526_12892_25322_15_0.55	12431	B33_12_months__2126740_Clostridium_fessum__k141_42917	12893	25323	Clostridium	Clostridium fessum
B33_12_months	k141_43379_phage589_197_23186_20_0.64	22990	B33_12_months__1776391_Romboutsia_timonensis__k141_43379	198	23187	Romboutsia	Romboutsia timonensis
B33_12_months	k141_45014_1_checkv_85486-104348/104348	18863	B33_12_months__1522_[Clostridium]_innocuum__k141_45014	85486	104348	Erysipelatoclostridium	[Clostridium] innocuum
B33_12_months	k141_45669_1_checkv_22350-56552/176432	34203	B33_12_months__1353_Enterococcus_gallinarum__k141_45669	22350	56552	Enterococcus	Enterococcus gallinarum
B33_12_months	k141_4629_phage785_113378_124549_19_0.58	11172	B33_12_months__1547_Erysipelatoclostridium_ramosum__k141_4629	113379	124550	Erysipelatoclostridium	Erysipelatoclostridium ramosum
B33_12_months	k141_47251_phage293_23291_37359_14_0.71	14068	B33_12_months__1776391_Romboutsia_timonensis__k141_47251	23292	37359	Romboutsia	Romboutsia timonensis
B33_12_months	k141_49468	10506	B33_12_months__1308_Streptococcus_thermophilus__k141_49468	1	10506	Streptococcus	Streptococcus thermophilus
B33_12_months	k141_508	21186	B33_12_months__853_Faecalibacterium_prausnitzii__k141_508	1	21186	Faecalibacterium	Faecalibacterium prausnitzii
B33_12_months	k141_51132_1_checkv_8508-24122/50956	15615	B33_12_months__853_Faecalibacterium_prausnitzii__k141_51132	8508	24122	Faecalibacterium	Faecalibacterium prausnitzii
B33_12_months	k141_5202	24098	B33_12_months__1547_Erysipelatoclostridium_ramosum__k141_5202	1	24098	Erysipelatoclostridium	Erysipelatoclostridium ramosum
B33_12_months	k141_53057_phage298_316_16373_16_0.67	16058	B33_12_months__1776391_Romboutsia_timonensis__k141_53057	317	16374	Romboutsia	Romboutsia timonensis
B33_12_months	k141_56312	32668	B33_12_months__1118058_Actinomyces_sp._ph3__k141_56312	1	32668	Actinomyces	Actinomyces sp. ph3
B33_12_months	k141_56600_1_checkv_12127-30005/30005	17879	B33_12_months__246796_Pedobacter_himalayensis__k141_56600	12127	30005	Pedobacter	Pedobacter himalayensis
B33_12_months	k141_57281	14092	B33_12_months__1776391_Romboutsia_timonensis__k141_57281	1	14092	Romboutsia	Romboutsia timonensis
B33_12_months	k141_57371_phage80_3885_15884_12_0.56	12000	B33_12_months__562_Escherichia_coli__k141_57371	3886	15885	Escherichia	Escherichia coli
B33_12_months	k141_57371_phage81_53087_64387_22_0.5	11301	B33_12_months__562_Escherichia_coli__k141_57371	53088	64388	Escherichia	Escherichia coli
B33_12_months	k141_57459_phage106_30537_42884_13_0.77	12348	B33_12_months__165185_uncultured_Eubacterium_sp.__k141_57459	30538	42885	Eubacterium	uncultured Eubacterium sp.
B33_12_months	k141_57885	13400	B33_12_months__1776391_Romboutsia_timonensis__k141_57885	1	13400	Romboutsia	Romboutsia timonensis
B33_12_months	k141_58563_phage270_31598_42289_16_0.61	10692	B33_12_months__39486_Dorea_formicigenerans__k141_58563	31599	42290	Dorea	Dorea formicigenerans
B33_12_months	k141_58749_phage280_609_17825_13_0.55	17217	B33_12_months__1579_Lactobacillus_acidophilus__k141_58749	610	17826	Lactobacillus	Lactobacillus acidophilus
B33_12_months	k141_58928	57771	B33_12_months__1118058_Actinomyces_sp._ph3__k141_58928	1	57771	Actinomyces	Actinomyces sp. ph3
B33_12_months	k141_59525_1_checkv_41031-69760/69760	28730	B33_12_months__853_Faecalibacterium_prausnitzii__k141_59525	41031	69760	Faecalibacterium	Faecalibacterium prausnitzii
B33_12_months	k141_60098	63781	B33_12_months__2126740_Clostridium_fessum__k141_60098	1	63781	Clostridium	Clostridium fessum
B33_12_months	k141_6115	17968	B33_12_months__28025_Bifidobacterium_animalis__k141_6115	1	17968	Bifidobacterium	Bifidobacterium animalis
B33_12_months	k141_62157	23067	B33_12_months__3016680_Bifidobacterium_animalis__k141_62157	1	23067	Bifidobacterium	Bifidobacterium animalis
B33_12_months	k141_62320_1_checkv_44903-62181/62181	17279	B33_12_months__562_Escherichia_coli__k141_62320	44903	62181	Escherichia	Escherichia coli
B33_12_months	k141_62386_phage828_22802_37095_20_0.77	14294	B33_12_months__518634_Bifidobacterium_breve__k141_62386	22803	37096	Bifidobacterium	Bifidobacterium breve
B33_12_months	k141_62556_phage845_2_12810_15_0.51	12809	B33_12_months__1590_Lactiplantibacillus_plantarum__k141_62556	3	12811	Lactiplantibacillus	Lactiplantibacillus plantarum
B33_12_months	k141_6282_phage114_83266_123583_38_0.71	40318	B33_12_months__84112_Eggerthella_lenta__k141_6282	83267	123584	Eggerthella	Eggerthella lenta
B33_12_months	k141_62958_phage50_2_51256_55_0.79	51255	B33_12_months__1547_Erysipelatoclostridium_ramosum__k141_62958	3	51257	Erysipelatoclostridium	Erysipelatoclostridium ramosum
B33_12_months	k141_63393_phage138_432_10556_10_0.85	10125	B33_12_months__1776391_Romboutsia_timonensis__k141_63393	433	10557	Romboutsia	Romboutsia timonensis
B33_12_months	k141_63750_1_checkv_1-37201/73630	37201	B33_12_months__246796_Pedobacter_himalayensis__k141_63750	1	37201	Pedobacter	Pedobacter himalayensis
B33_12_months	k141_64040	19295	B33_12_months__1579_Lactobacillus_acidophilus__k141_64040	1	19295	Lactobacillus	Lactobacillus acidophilus
B33_12_months	k141_64592_phage322_137121_159804_34_0.73	22684	B33_12_months__1522_[Clostridium]_innocuum__k141_64592	137122	159805	Erysipelatoclostridium	[Clostridium] innocuum
B33_12_months	k141_64930_1_checkv_13673-26869/37064	13197	B33_12_months__246796_Pedobacter_himalayensis__k141_64930	13673	26869	Pedobacter	Pedobacter himalayensis
B33_12_months	k141_65012_1_checkv_103706-142091/306451	38386	B33_12_months__817_Bacteroides_fragilis__k141_65012	103706	142091	Bacteroides	Bacteroides fragilis
B33_12_months	k141_65124	13303	B33_12_months__39486_Dorea_formicigenerans__k141_65124	1	13303	Dorea	Dorea formicigenerans
B33_12_months	k141_65582	12062	B33_12_months__1776391_Romboutsia_timonensis__k141_65582	1	12062	Romboutsia	Romboutsia timonensis
B33_12_months	k141_65671	10443	B33_12_months__33945_Enterococcus_avium__k141_65671	1	10443	Enterococcus	Enterococcus avium
B33_12_months	k141_65746_phage529_3_13638_10_0.65	13636	B33_12_months__1776391_Romboutsia_timonensis__k141_65746	4	13639	Romboutsia	Romboutsia timonensis
B33_12_months	k141_66787	20541	B33_12_months__1776391_Romboutsia_timonensis__k141_66787	1	20541	Romboutsia	Romboutsia timonensis
B33_12_months	k141_66932	91641	B33_12_months__2126740_Clostridium_fessum__k141_66932	1	91641	Clostridium	Clostridium fessum
B33_12_months	k141_67258	18952	B33_12_months__418240_Blautia_wexlerae__k141_67258	1	18952	Blautia	Blautia wexlerae
B33_12_months	k141_69530_phage192_90028_102529_21_0.6	12501	B33_12_months__1522_[Clostridium]_innocuum__k141_69530	90029	102529	Erysipelatoclostridium	[Clostridium] innocuum
B33_12_months	k141_69692_1_checkv_15493-26901/26901	11409	B33_12_months__33945_Enterococcus_avium__k141_69692	15493	26901	Enterococcus	Enterococcus avium
B33_12_months	k141_70352	153156	B33_12_months__33038_[Ruminococcus]_gnavus__k141_70352	1	153156	Mediterraneibacter	[Ruminococcus] gnavus
B33_12_months	k141_71012	109610	B33_12_months__2126740_Clostridium_fessum__k141_71012	1	109610	Clostridium	Clostridium fessum
B33_12_months	k141_71028_1_checkv_100833-115046/115046	14214	B33_12_months__1262887_Eubacterium_sp._CAG:252__k141_71028	100833	115046	Eubacterium	Eubacterium sp. CAG:252
B33_12_months	k141_72802	12146	B33_12_months__1776391_Romboutsia_timonensis__k141_72802	1	12146	Romboutsia	Romboutsia timonensis
B33_12_months	k141_732_1_checkv_10026-27588/60532	17563	B33_12_months__817_Bacteroides_fragilis__k141_732	10026	27588	Bacteroides	Bacteroides fragilis
B33_12_months	k141_74487_phage48_90941_107135_13_0.72	16195	B33_12_months__1262887_Eubacterium_sp._CAG:252__k141_74487	90942	107136	Eubacterium	Eubacterium sp. CAG:252
B33_12_months	k141_75250	65212	B33_12_months__1547_Erysipelatoclostridium_ramosum__k141_75250	1	65212	Erysipelatoclostridium	Erysipelatoclostridium ramosum
B33_12_months	k141_7636	11687	B33_12_months__1579_Lactobacillus_acidophilus__k141_7636	1	11687	Lactobacillus	Lactobacillus acidophilus
B33_12_months	k141_76569_phage419_142_12338_13_0.76	12197	B33_12_months__1776391_Romboutsia_timonensis__k141_76569	143	12339	Romboutsia	Romboutsia timonensis
B33_12_months	k141_77067_phage519_41185_53573_18_0.68	12389	B33_12_months__1522_[Clostridium]_innocuum__k141_77067	41186	53574	Erysipelatoclostridium	[Clostridium] innocuum
B33_12_months	k141_77158_1_checkv_373790-403115/403115	29326	B33_12_months__29361_Tyzzerella_nexilis__k141_77158	373790	403115	Tyzzerella	Tyzzerella nexilis
B33_12_months	k141_77208_phage560_2_11522_19_0.92	11520	B33_12_months__29363_Clostridium_paraputrificum__k141_77208	3	11522	Clostridium	Clostridium paraputrificum
B33_12_months	k141_79456	23459	B33_12_months__1579_Lactobacillus_acidophilus__k141_79456	1	23459	Lactobacillus	Lactobacillus acidophilus
B33_12_months	k141_80982	24909	B33_12_months__1353_Enterococcus_gallinarum__k141_80982	1	24909	Enterococcus	Enterococcus gallinarum
B33_12_months	k141_81214_1_checkv_11577-28602/28602	17026	B33_12_months__1308_Streptococcus_thermophilus__k141_81214	11577	28602	Streptococcus	Streptococcus thermophilus
B33_12_months	k141_81214_phage165_5750_22507_22_0.71	16758	B33_12_months__1308_Streptococcus_thermophilus__k141_81214	5751	22508	Streptococcus	Streptococcus thermophilus
B33_12_months	k141_81289	23476	B33_12_months__1262887_Eubacterium_sp._CAG:252__k141_81289	1	23476	Eubacterium	Eubacterium sp. CAG:252
B33_12_months	k141_81607_phage244_2_14365_14_0.65	14364	B33_12_months__1776391_Romboutsia_timonensis__k141_81607	3	14366	Romboutsia	Romboutsia timonensis
B33_12_months	k141_81672_phage261_13673_28051_12_0.54	14379	B33_12_months__1262887_Eubacterium_sp._CAG:252__k141_81672	13674	28052	Eubacterium	Eubacterium sp. CAG:252
B33_12_months	k141_81811	96628	B33_12_months__29361_Tyzzerella_nexilis__k141_81811	1	96628	Tyzzerella	Tyzzerella nexilis
B33_12_months	k141_82003	28006	B33_12_months__418240_Blautia_wexlerae__k141_82003	1	28006	Blautia	Blautia wexlerae
B33_12_months	k141_82298	19577	B33_12_months__1522_[Clostridium]_innocuum__k141_82298	1	19577	Erysipelatoclostridium	[Clostridium] innocuum
B33_12_months	k141_82579	43904	B33_12_months__1522_[Clostridium]_innocuum__k141_82579	1	43904	Erysipelatoclostridium	[Clostridium] innocuum
B33_12_months	k141_82850_1_checkv_39016-53386/53386	14371	B33_12_months__39486_Dorea_formicigenerans__k141_82850	39016	53386	Dorea	Dorea formicigenerans
B33_12_months	k141_83713_phage687_67160_85060_21_0.65	17901	B33_12_months__1547_Erysipelatoclostridium_ramosum__k141_83713	67161	85061	Erysipelatoclostridium	Erysipelatoclostridium ramosum
B33_12_months	k141_83911_phage707_139_12307_14_0.74	12169	B33_12_months__246796_Pedobacter_himalayensis__k141_83911	140	12308	Pedobacter	Pedobacter himalayensis
B33_12_months	k141_84477	29107	B33_12_months__853_Faecalibacterium_prausnitzii__k141_84477	1	29107	Faecalibacterium	Faecalibacterium prausnitzii
B33_12_months	k141_84922	10963	B33_12_months__500634_Bifidobacterium_bifidum__k141_84922	1	10963	Bifidobacterium	Bifidobacterium bifidum
B33_12_months	k141_86753_phage231_8172_26409_14_0.64	18238	B33_12_months__1776391_Romboutsia_timonensis__k141_86753	8173	26410	Romboutsia	Romboutsia timonensis
B33_12_months	k141_86836	17821	B33_12_months__831_Butyrivibrio_fibrisolvens__k141_86836	1	17821	Butyrivibrio	Butyrivibrio fibrisolvens
B33_12_months	k141_87006_phage342_1_12862_17_0.64	12862	B33_12_months__435842_Streptococcus_sp._C150__k141_87006	2	12863	Streptococcus	Streptococcus sp. C150
B33_12_months	k141_87188	18267	B33_12_months__745368_Gemmiger_formicilis__k141_87188	1	18267	Gemmiger	Gemmiger formicilis
B33_12_months	k141_87266_phage388_4051_14573_12_0.64	10523	B33_12_months__1776391_Romboutsia_timonensis__k141_87266	4052	14574	Romboutsia	Romboutsia timonensis
B33_12_months	k141_8739	40552	B33_12_months__853_Faecalibacterium_prausnitzii__k141_8739	1	40552	Faecalibacterium	Faecalibacterium prausnitzii
B33_12_months	k141_87679	71451	B33_12_months__2126740_Clostridium_fessum__k141_87679	1	71451	Clostridium	Clostridium fessum
B33_12_months	k141_87718	11630	B33_12_months__33038_[Ruminococcus]_gnavus__k141_87718	1	11630	Mediterraneibacter	[Ruminococcus] gnavus
B33_12_months	k141_88754	66673	B33_12_months__418240_Blautia_wexlerae__k141_88754	1	66673	Blautia	Blautia wexlerae
B33_12_months	k141_89595_phage849_383_20415_17_0.84	20033	B33_12_months__1776391_Romboutsia_timonensis__k141_89595	384	20416	Romboutsia	Romboutsia timonensis
B33_12_months	k141_91019_phage936_1_33655_50_0.85	33655	B33_12_months__165185_uncultured_Eubacterium_sp.__k141_91019	2	33656	Eubacterium	uncultured Eubacterium sp.
B34_12_months	k141_10018_phage803_17522_32760_23_0.76	15239	B34_12_months__358742_Enterocloster_aldensis__k141_10018	17523	32761	Enterocloster	Enterocloster aldensis
B34_12_months	k141_10018_phage804_37447_56367_12_0.6	18921	B34_12_months__358742_Enterocloster_aldensis__k141_10018	37448	56368	Enterocloster	Enterocloster aldensis
B34_12_months	k141_10018_phage805_58866_71254_11_0.62	12389	B34_12_months__358742_Enterocloster_aldensis__k141_10018	58867	71255	Enterocloster	Enterocloster aldensis
B34_12_months	k141_10018_phage806_73741_87479_20_0.63	13739	B34_12_months__358742_Enterocloster_aldensis__k141_10018	73742	87480	Enterocloster	Enterocloster aldensis
B34_12_months	k141_10018_phage807_93332_113463_28_0.78	20132	B34_12_months__358742_Enterocloster_aldensis__k141_10018	93333	113464	Enterocloster	Enterocloster aldensis
B34_12_months	k141_10018_phage808_114525_160509_71_0.7	45985	B34_12_months__358742_Enterocloster_aldensis__k141_10018	114526	160510	Enterocloster	Enterocloster aldensis
B34_12_months	k141_12203_phage109_31082_48604_13_0.53	17523	B34_12_months__1262885_Eubacterium_sp._CAG:248__k141_12203	31083	48605	Eubacterium	Eubacterium sp. CAG:248
B34_12_months	k141_1256	18863	B34_12_months__301301_Roseburia_hominis__k141_1256	1	18863	Roseburia	Roseburia hominis
B34_12_months	k141_12956_1_checkv_4663-38497/53188	33835	B34_12_months__1680_Bifidobacterium_adolescentis__k141_12956	4663	38497	Bifidobacterium	Bifidobacterium adolescentis
B34_12_months	k141_13084_phage247_3_13875_13_0.54	13873	B34_12_months__1262943_Roseburia_sp._CAG:197__k141_13084	4	13876	Roseburia	Roseburia sp. CAG:197
B34_12_months	k141_13429_phage345_86547_97044_11_0.63	10498	B34_12_months__150055_Streptococcus_lutetiensis__k141_13429	86548	97045	Streptococcus	Streptococcus lutetiensis
B34_12_months	k141_14152	18926	B34_12_months__1522_[Clostridium]_innocuum__k141_14152	1	18926	Erysipelatoclostridium	[Clostridium] innocuum
B34_12_months	k141_1447_phage224_2_11819_14_0.92	11817	B34_12_months__100884_Coprobacillus_cateniformis__k141_1447	3	11819	Coprobacillus	Coprobacillus cateniformis
B34_12_months	k141_14999	18959	B34_12_months__818_Bacteroides_thetaiotaomicron__k141_14999	1	18959	Bacteroides	Bacteroides thetaiotaomicron
B34_12_months	k141_1522	44942	B34_12_months__626929_Bacteroides_clarus__k141_1522	1	44942	Bacteroides	Bacteroides clarus
B34_12_months	k141_15558_1_checkv_19455-30195/52847	10741	B34_12_months__301301_Roseburia_hominis__k141_15558	19455	30195	Roseburia	Roseburia hominis
B34_12_months	k141_15709	30299	B34_12_months__2292372_Ruminococcus_sp._AM42-11__k141_15709	1	30299	Ruminococcus	Ruminococcus sp. AM42-11
B34_12_months	k141_15816_phage781_3_12502_22_0.71	12500	B34_12_months__2292041_Dorea_sp._AF36-15AT__k141_15816	4	12503	Dorea	Dorea sp. AF36-15AT
B34_12_months	k141_15816_phage782_12914_40640_40_0.86	27727	B34_12_months__2292041_Dorea_sp._AF36-15AT__k141_15816	12915	40641	Dorea	Dorea sp. AF36-15AT
B34_12_months	k141_16897	12682	B34_12_months__1262943_Roseburia_sp._CAG:197__k141_16897	1	12682	Roseburia	Roseburia sp. CAG:197
B34_12_months	k141_17371_phage995_13892_45104_28_0.59	31213	B34_12_months__1547_Erysipelatoclostridium_ramosum__k141_17371	13893	45105	Erysipelatoclostridium	Erysipelatoclostridium ramosum
B34_12_months	k141_19029	24450	B34_12_months__2292961_Blautia_sp._AF19-10LB__k141_19029	1	24450	Blautia	Blautia sp. AF19-10LB
B34_12_months	k141_1982_phage331_407_32414_26_0.76	32008	B34_12_months__1522_[Clostridium]_innocuum__k141_1982	408	32415	Erysipelatoclostridium	[Clostridium] innocuum
B34_12_months	k141_19933_1_checkv_5834-37029/62660	31196	B34_12_months__142586_Eubacterium_sp.__k141_19933	5834	37029	Eubacterium	Eubacterium sp.
B34_12_months	k141_1995_phage356_6113_19101_16_0.56	12989	B34_12_months__33038_[Ruminococcus]_gnavus__k141_1995	6114	19102	Mediterraneibacter	[Ruminococcus] gnavus
B34_12_months	k141_20820_phage584_8870_29581_15_0.7	20712	B34_12_months__626929_Bacteroides_clarus__k141_20820	8871	29582	Bacteroides	Bacteroides clarus
B34_12_months	k141_20820_phage586_126451_140594_14_0.74	14144	B34_12_months__626929_Bacteroides_clarus__k141_20820	126452	140595	Bacteroides	Bacteroides clarus
B34_12_months	k141_20841	13707	B34_12_months__1685_Bifidobacterium_breve__k141_20841	1	13707	Bifidobacterium	Bifidobacterium breve
B34_12_months	k141_21004_phage614_1_19240_33_0.71	19240	B34_12_months__649756_Anaerostipes_hadrus__k141_21004	2	19241	Anaerostipes	Anaerostipes hadrus
B34_12_months	k141_2154_1_checkv_1-14955/31600	14955	B34_12_months__1547_Erysipelatoclostridium_ramosum__k141_2154	1	14955	Erysipelatoclostridium	Erysipelatoclostridium ramosum
B34_12_months	k141_2201_phage394_97925_122205_25_0.53	24281	B34_12_months__1522_[Clostridium]_innocuum__k141_2201	97926	122206	Erysipelatoclostridium	[Clostridium] innocuum
B34_12_months	k141_23281_1_checkv_65773-106378/163615	40606	B34_12_months__150055_Streptococcus_lutetiensis__k141_23281	65773	106378	Streptococcus	Streptococcus lutetiensis
B34_12_months	k141_23383	28823	B34_12_months__1262943_Roseburia_sp._CAG:197__k141_23383	1	28823	Roseburia	Roseburia sp. CAG:197
B34_12_months	k141_23456	39898	B34_12_months__2292372_Ruminococcus_sp._AM42-11__k141_23456	1	39898	Ruminococcus	Ruminococcus sp. AM42-11
B34_12_months	k141_23653_phage22_98303_115617_17_0.56	17315	B34_12_months__2292041_Dorea_sp._AF36-15AT__k141_23653	98304	115618	Dorea	Dorea sp. AF36-15AT
B34_12_months	k141_23731	92256	B34_12_months__853_Faecalibacterium_prausnitzii__k141_23731	1	92256	Faecalibacterium	Faecalibacterium prausnitzii
B34_12_months	k141_2374_phage438_21492_40316_17_0.62	18825	B34_12_months__142586_Eubacterium_sp.__k141_2374	21493	40317	Eubacterium	Eubacterium sp.
B34_12_months	k141_23854_phage55_27720_71166_36_0.53	43447	B34_12_months__823_Parabacteroides_distasonis__k141_23854	27721	71167	Parabacteroides	Parabacteroides distasonis
B34_12_months	k141_23964_1_checkv_10413-22951/49905	12539	B34_12_months__84112_Eggerthella_lenta__k141_23964	10413	22951	Eggerthella	Eggerthella lenta
B34_12_months	k141_24249	68054	B34_12_months__2292961_Blautia_sp._AF19-10LB__k141_24249	1	68054	Blautia	Blautia sp. AF19-10LB
B34_12_months	k141_24534_phage161_463_33774_44_0.8	33312	B34_12_months__142586_Eubacterium_sp.__k141_24534	464	33775	Eubacterium	Eubacterium sp.
B34_12_months	k141_24703_phage188_6653_34588_27_0.51	27936	B34_12_months__1522_[Clostridium]_innocuum__k141_24703	6654	34589	Erysipelatoclostridium	[Clostridium] innocuum
B34_12_months	k141_2476	16357	B34_12_months__2292372_Ruminococcus_sp._AM42-11__k141_2476	1	16357	Ruminococcus	Ruminococcus sp. AM42-11
B34_12_months	k141_25505_phage375_74671_87583_11_0.74	12913	B34_12_months__358742_Enterocloster_aldensis__k141_25505	74672	87584	Enterocloster	Enterocloster aldensis
B34_12_months	k141_27105_1_checkv_157111-194149/194149	37039	B34_12_months__1522_[Clostridium]_innocuum__k141_27105	157111	194149	Erysipelatoclostridium	[Clostridium] innocuum
B34_12_months	k141_29813	13808	B34_12_months__1685_Bifidobacterium_breve__k141_29813	1	13808	Bifidobacterium	Bifidobacterium breve
B34_12_months	k141_29868	89043	B34_12_months__562_Escherichia_coli__k141_29868	1	89043	Escherichia	Escherichia coli
B34_12_months	k141_30146	37997	B34_12_months__2292961_Blautia_sp._AF19-10LB__k141_30146	1	37997	Blautia	Blautia sp. AF19-10LB
B34_12_months	k141_30239	33779	B34_12_months__84112_Eggerthella_lenta__k141_30239	1	33779	Eggerthella	Eggerthella lenta
B34_12_months	k141_30707_phage263_67818_92062_22_0.66	24245	B34_12_months__1262885_Eubacterium_sp._CAG:248__k141_30707	67819	92063	Eubacterium	Eubacterium sp. CAG:248
B34_12_months	k141_31479	16067	B34_12_months__2292372_Ruminococcus_sp._AM42-11__k141_31479	1	16067	Ruminococcus	Ruminococcus sp. AM42-11
B34_12_months	k141_32393	12984	B34_12_months__2292372_Ruminococcus_sp._AM42-11__k141_32393	1	12984	Ruminococcus	Ruminococcus sp. AM42-11
B34_12_months	k141_32928	11834	B34_12_months__1262943_Roseburia_sp._CAG:197__k141_32928	1	11834	Roseburia	Roseburia sp. CAG:197
B34_12_months	k141_33087_1_checkv_1-11647/198559	11647	B34_12_months__817_Bacteroides_fragilis__k141_33087	1	11647	Bacteroides	Bacteroides fragilis
B34_12_months	k141_33638_phage745_59_10656_16_0.83	10598	B34_12_months__729_Haemophilus_parainfluenzae__k141_33638	60	10657	Haemophilus	Haemophilus parainfluenzae
B34_12_months	k141_33729_1_checkv_10820-25148/45265	14329	B34_12_months__1689_Bifidobacterium_dentium__k141_33729	10820	25148	Bifidobacterium	Bifidobacterium dentium
B34_12_months	k141_3374_phage604_9721_31818_31_0.68	22098	B34_12_months__150055_Streptococcus_lutetiensis__k141_3374	9722	31819	Streptococcus	Streptococcus lutetiensis
B34_12_months	k141_3380	30937	B34_12_months__301301_Roseburia_hominis__k141_3380	1	30937	Roseburia	Roseburia hominis
B34_12_months	k141_34426_phage891_641_52991_61_0.66	52351	B34_12_months__487175_Parasutterella_excrementihominis__k141_34426	642	52992	Parasutterella	Parasutterella excrementihominis
B34_12_months	k141_34764	32521	B34_12_months__301301_Roseburia_hominis__k141_34764	1	32521	Roseburia	Roseburia hominis
B34_12_months	k141_35584	33669	B34_12_months__1550024_Ruthenibacterium_lactatiformans__k141_35584	1	33669	Ruthenibacterium	Ruthenibacterium lactatiformans
B34_12_months	k141_36067_phage178_348_13315_19_0.68	12968	B34_12_months__358742_Enterocloster_aldensis__k141_36067	349	13316	Enterocloster	Enterocloster aldensis
B34_12_months	k141_36225_phage216_3177_23148_20_0.76	19972	B34_12_months__1547_Erysipelatoclostridium_ramosum__k141_36225	3178	23149	Erysipelatoclostridium	Erysipelatoclostridium ramosum
B34_12_months	k141_36354	15200	B34_12_months__216816_Bifidobacterium_longum__k141_36354	1	15200	Bifidobacterium	Bifidobacterium longum
B34_12_months	k141_36400_1_checkv_1-41991/51838	41991	B34_12_months__1689_Bifidobacterium_dentium__k141_36400	1	41991	Bifidobacterium	Bifidobacterium dentium
B34_12_months	k141_38411	12318	B34_12_months__216816_Bifidobacterium_longum__k141_38411	1	12318	Bifidobacterium	Bifidobacterium longum
B34_12_months	k141_38801_phage726_46982_65650_17_0.61	18669	B34_12_months__1262885_Eubacterium_sp._CAG:248__k141_38801	46983	65651	Eubacterium	Eubacterium sp. CAG:248
B34_12_months	k141_40773_phage1006_64254_84528_19_0.72	20275	B34_12_months__1547_Erysipelatoclostridium_ramosum__k141_40773	64255	84529	Erysipelatoclostridium	Erysipelatoclostridium ramosum
B34_12_months	k141_41154_phage8_50739_92921_35_0.64	42183	B34_12_months__1262885_Eubacterium_sp._CAG:248__k141_41154	50740	92922	Eubacterium	Eubacterium sp. CAG:248
B34_12_months	k141_41411_phage54_32199_50700_24_0.66	18502	B34_12_months__649756_Anaerostipes_hadrus__k141_41411	32200	50701	Anaerostipes	Anaerostipes hadrus
B34_12_months	k141_41495	22603	B34_12_months__2292041_Dorea_sp._AF36-15AT__k141_41495	1	22603	Dorea	Dorea sp. AF36-15AT
B34_12_months	k141_4174	38185	B34_12_months__562_Escherichia_coli__k141_4174	1	38185	Escherichia	Escherichia coli
B34_12_months	k141_42091	14371	B34_12_months__1680_Bifidobacterium_adolescentis__k141_42091	1	14371	Bifidobacterium	Bifidobacterium adolescentis
B34_12_months	k141_42621	11260	B34_12_months__1547_Erysipelatoclostridium_ramosum__k141_42621	1	11260	Erysipelatoclostridium	Erysipelatoclostridium ramosum
B34_12_months	k141_43025_phage369_25150_37537_28_0.77	12388	B34_12_months__1547_Erysipelatoclostridium_ramosum__k141_43025	25151	37538	Erysipelatoclostridium	Erysipelatoclostridium ramosum
B34_12_months	k141_44125	34136	B34_12_months__84112_Eggerthella_lenta__k141_44125	1	34136	Eggerthella	Eggerthella lenta
B34_12_months	k141_45062_phage734_18097_47063_14_0.67	28967	B34_12_months__1547_Erysipelatoclostridium_ramosum__k141_45062	18098	47064	Erysipelatoclostridium	Erysipelatoclostridium ramosum
B34_12_months	k141_45563	16199	B34_12_months__1262943_Roseburia_sp._CAG:197__k141_45563	1	16199	Roseburia	Roseburia sp. CAG:197
B34_12_months	k141_46793_1_checkv_22700-40497/40497	17798	B34_12_months__1547_Erysipelatoclostridium_ramosum__k141_46793	22700	40497	Erysipelatoclostridium	Erysipelatoclostridium ramosum
B34_12_months	k141_47546	13323	B34_12_months__418240_Blautia_wexlerae__k141_47546	1	13323	Blautia	Blautia wexlerae
B34_12_months	k141_47787	32131	B34_12_months__817_Bacteroides_fragilis__k141_47787	1	32131	Bacteroides	Bacteroides fragilis
B34_12_months	k141_4786_phage861_93567_119640_22_0.52	26074	B34_12_months__1262885_Eubacterium_sp._CAG:248__k141_4786	93568	119641	Eubacterium	Eubacterium sp. CAG:248
B34_12_months	k141_48197_1_checkv_6334-43640/45730	37307	B34_12_months__216816_Bifidobacterium_longum__k141_48197	6334	43640	Bifidobacterium	Bifidobacterium longum
B34_12_months	k141_48290	12345	B34_12_months__239935_Akkermansia_muciniphila__k141_48290	1	12345	Akkermansia	Akkermansia muciniphila
B34_12_months	k141_48894_1_checkv_287054-313788/313788	26735	B34_12_months__626929_Bacteroides_clarus__k141_48894	287054	313788	Bacteroides	Bacteroides clarus
B34_12_months	k141_49242_phage446_3_24866_21_0.88	24864	B34_12_months__1547_Erysipelatoclostridium_ramosum__k141_49242	4	24867	Erysipelatoclostridium	Erysipelatoclostridium ramosum
B34_12_months	k141_49371	37413	B34_12_months__1680_Bifidobacterium_adolescentis__k141_49371	1	37413	Bifidobacterium	Bifidobacterium adolescentis
B34_12_months	k141_49544	18800	B34_12_months__1680_Bifidobacterium_adolescentis__k141_49544	1	18800	Bifidobacterium	Bifidobacterium adolescentis
B34_12_months	k141_50572_phage680_34768_53890_16_0.61	19123	B34_12_months__1262779_Clostridium_sp._CAG:217__k141_50572	34769	53891	Clostridium	Clostridium sp. CAG:217
B34_12_months	k141_50883	27362	B34_12_months__216816_Bifidobacterium_longum__k141_50883	1	27362	Bifidobacterium	Bifidobacterium longum
B34_12_months	k141_51313_phage822_206361_224652_20_0.67	18292	B34_12_months__823_Parabacteroides_distasonis__k141_51313	206362	224653	Parabacteroides	Parabacteroides distasonis
B34_12_months	k141_51767_1_checkv_19056-56258/109273	37203	B34_12_months__1547_Erysipelatoclostridium_ramosum__k141_51767	19056	56258	Erysipelatoclostridium	Erysipelatoclostridium ramosum
B34_12_months	k141_52209	17116	B34_12_months__1262943_Roseburia_sp._CAG:197__k141_52209	1	17116	Roseburia	Roseburia sp. CAG:197
B34_12_months	k141_5533_1_checkv_4203-47950/47950	43748	B34_12_months__33038_[Ruminococcus]_gnavus__k141_5533	4203	47950	Mediterraneibacter	[Ruminococcus] gnavus
B34_12_months	k141_55491	32833	B34_12_months__84112_Eggerthella_lenta__k141_55491	1	32833	Eggerthella	Eggerthella lenta
B34_12_months	k141_55494	22731	B34_12_months__487175_Parasutterella_excrementihominis__k141_55494	1	22731	Parasutterella	Parasutterella excrementihominis
B34_12_months	k141_55662	27916	B34_12_months__33038_[Ruminococcus]_gnavus__k141_55662	1	27916	Mediterraneibacter	[Ruminococcus] gnavus
B34_12_months	k141_56337	11213	B34_12_months__2292372_Ruminococcus_sp._AM42-11__k141_56337	1	11213	Ruminococcus	Ruminococcus sp. AM42-11
B34_12_months	k141_56355_phage610_2080_22601_25_0.71	20522	B34_12_months__33038_[Ruminococcus]_gnavus__k141_56355	2081	22602	Mediterraneibacter	[Ruminococcus] gnavus
B34_12_months	k141_57400_1_checkv_55958-89913/89913	33956	B34_12_months__142586_Eubacterium_sp.__k141_57400	55958	89913	Eubacterium	Eubacterium sp.
B34_12_months	k141_58032	10314	B34_12_months__33945_Enterococcus_avium__k141_58032	1	10314	Enterococcus	Enterococcus avium
B34_12_months	k141_58746	46257	B34_12_months__301301_Roseburia_hominis__k141_58746	1	46257	Roseburia	Roseburia hominis
B34_12_months	k141_59732	12529	B34_12_months__562_Escherichia_coli__k141_59732	1	12529	Escherichia	Escherichia coli
B34_12_months	k141_62298	15567	B34_12_months__1262943_Roseburia_sp._CAG:197__k141_62298	1	15567	Roseburia	Roseburia sp. CAG:197
B34_12_months	k141_6260	33215	B34_12_months__626929_Bacteroides_clarus__k141_6260	1	33215	Bacteroides	Bacteroides clarus
B34_12_months	k141_63293_phage851_108592_130552_16_0.73	21961	B34_12_months__487175_Parasutterella_excrementihominis__k141_63293	108593	130553	Parasutterella	Parasutterella excrementihominis
B34_12_months	k141_63414_phage893_6331_33049_28_0.7	26719	B34_12_months__150055_Streptococcus_lutetiensis__k141_63414	6332	33050	Streptococcus	Streptococcus lutetiensis
B34_12_months	k141_63731_phage945_1363_33904_32_0.61	32542	B34_12_months__1547_Erysipelatoclostridium_ramosum__k141_63731	1364	33905	Erysipelatoclostridium	Erysipelatoclostridium ramosum
B34_12_months	k141_6409_phage102_70496_99284_19_0.59	28789	B34_12_months__817_Bacteroides_fragilis__k141_6409	70497	99285	Bacteroides	Bacteroides fragilis
B34_12_months	k141_64537_phage1035_18_14677_12_0.74	14660	B34_12_months__100884_Coprobacillus_cateniformis__k141_64537	19	14678	Coprobacillus	Coprobacillus cateniformis
B34_12_months	k141_66763	62393	B34_12_months__1262889_Eubacterium_sp._CAG:38__k141_66763	1	62393	Eubacterium	Eubacterium sp. CAG:38
B34_12_months	k141_66857_phage484_25629_44391_16_0.58	18763	B34_12_months__1547_Erysipelatoclostridium_ramosum__k141_66857	25630	44392	Erysipelatoclostridium	Erysipelatoclostridium ramosum
B34_12_months	k141_66857_phage485_47034_67257_20_0.56	20224	B34_12_months__1547_Erysipelatoclostridium_ramosum__k141_66857	47035	67258	Erysipelatoclostridium	Erysipelatoclostridium ramosum
B34_12_months	k141_67783_phage612_24_18376_20_0.77	18353	B34_12_months__1547_Erysipelatoclostridium_ramosum__k141_67783	25	18377	Erysipelatoclostridium	Erysipelatoclostridium ramosum
B34_12_months	k141_68506_phage697_1_18290_26_0.71	18290	B34_12_months__626929_Bacteroides_clarus__k141_68506	2	18291	Bacteroides	Bacteroides clarus
B34_12_months	k141_6945_1_checkv_58237-97406/233514	39170	B34_12_months__33038_[Ruminococcus]_gnavus__k141_6945	58237	97406	Mediterraneibacter	[Ruminococcus] gnavus
B34_12_months	k141_70726_phage51_30240_58565_27_0.66	28326	B34_12_months__818_Bacteroides_thetaiotaomicron__k141_70726	30241	58566	Bacteroides	Bacteroides thetaiotaomicron
B34_12_months	k141_70937_phage84_211_12929_15_0.59	12719	B34_12_months__33038_[Ruminococcus]_gnavus__k141_70937	212	12930	Mediterraneibacter	[Ruminococcus] gnavus
B34_12_months	k141_70958	10293	B34_12_months__33038_[Ruminococcus]_gnavus__k141_70958	1	10293	Mediterraneibacter	[Ruminococcus] gnavus
B34_12_months	k141_71536_phage192_19535_44870_16_0.64	25336	B34_12_months__817_Bacteroides_fragilis__k141_71536	19536	44871	Bacteroides	Bacteroides fragilis
B34_12_months	k141_72518_1_checkv_97826-139835/144564	42010	B34_12_months__649756_Anaerostipes_hadrus__k141_72518	97826	139835	Anaerostipes	Anaerostipes hadrus
B34_12_months	k141_72524_phage444_15094_48953_25_0.66	33860	B34_12_months__1547_Erysipelatoclostridium_ramosum__k141_72524	15095	48954	Erysipelatoclostridium	Erysipelatoclostridium ramosum
B34_12_months	k141_72524_phage445_56529_87491_21_0.61	30963	B34_12_months__1547_Erysipelatoclostridium_ramosum__k141_72524	56530	87492	Erysipelatoclostridium	Erysipelatoclostridium ramosum
B34_12_months	k141_73907	124841	B34_12_months__1262889_Eubacterium_sp._CAG:38__k141_73907	1	124841	Eubacterium	Eubacterium sp. CAG:38
B34_12_months	k141_76530	11800	B34_12_months__33945_Enterococcus_avium__k141_76530	1	11800	Enterococcus	Enterococcus avium
B34_12_months	k141_76587_phage38_1_46675_55_0.91	46675	B34_12_months__435842_Streptococcus_sp._C150__k141_76587	2	46676	Streptococcus	Streptococcus sp. C150
B34_12_months	k141_77804_phage289_45676_68560_25_0.57	22884	B34_12_months__1547_Erysipelatoclostridium_ramosum__k141_77804	45677	68560	Erysipelatoclostridium	Erysipelatoclostridium ramosum
B34_12_months	k141_78259	32092	B34_12_months__1680_Bifidobacterium_adolescentis__k141_78259	1	32092	Bifidobacterium	Bifidobacterium adolescentis
B34_12_months	k141_78384_phage408_6169_18364_15_0.58	12196	B34_12_months__418240_Blautia_wexlerae__k141_78384	6170	18365	Blautia	Blautia wexlerae
B34_12_months	k141_78530_phage436_1_10474_10_0.78	10474	B34_12_months__1262779_Clostridium_sp._CAG:217__k141_78530	2	10475	Clostridium	Clostridium sp. CAG:217
B34_12_months	k141_78896_phage510_78786_111941_37_0.68	33156	B34_12_months__823_Parabacteroides_distasonis__k141_78896	78787	111942	Parabacteroides	Parabacteroides distasonis
B34_12_months	k141_79309	31561	B34_12_months__1262889_Eubacterium_sp._CAG:38__k141_79309	1	31561	Eubacterium	Eubacterium sp. CAG:38
B34_12_months	k141_79697	28036	B34_12_months__216816_Bifidobacterium_longum__k141_79697	1	28036	Bifidobacterium	Bifidobacterium longum
B34_12_months	k141_79879_1_checkv_5191-52844/100513	47654	B34_12_months__853_Faecalibacterium_prausnitzii__k141_79879	5191	52844	Faecalibacterium	Faecalibacterium prausnitzii
B34_12_months	k141_80755	22880	B34_12_months__2292961_Blautia_sp._AF19-10LB__k141_80755	1	22880	Blautia	Blautia sp. AF19-10LB
B34_12_months	k141_82265	11545	B34_12_months__33945_Enterococcus_avium__k141_82265	1	11545	Enterococcus	Enterococcus avium
B34_12_months	k141_83284	30292	B34_12_months__216816_Bifidobacterium_longum__k141_83284	1	30292	Bifidobacterium	Bifidobacterium longum
B34_12_months	k141_83292	15963	B34_12_months__216816_Bifidobacterium_longum__k141_83292	1	15963	Bifidobacterium	Bifidobacterium longum
B34_12_months	k141_83341	24731	B34_12_months__562_Escherichia_coli__k141_83341	1	24731	Escherichia	Escherichia coli
B34_12_months	k141_84118_1_checkv_1-12920/24375	12920	B34_12_months__2292372_Ruminococcus_sp._AM42-11__k141_84118	1	12920	Ruminococcus	Ruminococcus sp. AM42-11
B34_12_months	k141_85529_phage630_767_24804_24_0.75	24038	B34_12_months__1522_[Clostridium]_innocuum__k141_85529	768	24805	Erysipelatoclostridium	[Clostridium] innocuum
B34_12_months	k141_85791_phage678_283_15298_13_0.54	15016	B34_12_months__2292961_Blautia_sp._AF19-10LB__k141_85791	284	15299	Blautia	Blautia sp. AF19-10LB
B34_12_months	k141_86064_1_checkv_33130-86907/128758	53778	B34_12_months__301301_Roseburia_hominis__k141_86064	33130	86907	Roseburia	Roseburia hominis
B34_12_months	k141_87357	16088	B34_12_months__853_Faecalibacterium_prausnitzii__k141_87357	1	16088	Faecalibacterium	Faecalibacterium prausnitzii
B34_12_months	k141_8768_phage556_145_12565_18_0.55	12421	B34_12_months__301301_Roseburia_hominis__k141_8768	146	12566	Roseburia	Roseburia hominis
B34_12_months	k141_89106_phage198_2304_13373_15_0.64	11070	B34_12_months__358742_Enterocloster_aldensis__k141_89106	2305	13374	Enterocloster	Enterocloster aldensis
B34_12_months	k141_89106_phage199_13820_26637_17_0.68	12818	B34_12_months__358742_Enterocloster_aldensis__k141_89106	13821	26638	Enterocloster	Enterocloster aldensis
B34_12_months	k141_89183	37094	B34_12_months__626929_Bacteroides_clarus__k141_89183	1	37094	Bacteroides	Bacteroides clarus
B34_12_months	k141_90274	27437	B34_12_months__562_Escherichia_coli__k141_90274	1	27437	Escherichia	Escherichia coli
B34_12_months	k141_90282_1_checkv_1-10229/25533	10229	B34_12_months__818_Bacteroides_thetaiotaomicron__k141_90282	1	10229	Bacteroides	Bacteroides thetaiotaomicron
B34_12_months	k141_90406	17609	B34_12_months__1685_Bifidobacterium_breve__k141_90406	1	17609	Bifidobacterium	Bifidobacterium breve
B34_12_months	k141_90863_phage536_34732_57873_24_0.58	23142	B34_12_months__150055_Streptococcus_lutetiensis__k141_90863	34733	57874	Streptococcus	Streptococcus lutetiensis
B34_12_months	k141_91214_1_checkv_74668-98404/98404	23737	B34_12_months__626929_Bacteroides_clarus__k141_91214	74668	98404	Bacteroides	Bacteroides clarus
B34_12_months	k141_9914	24170	B34_12_months__562_Escherichia_coli__k141_9914	1	24170	Escherichia	Escherichia coli
B35_1_month	k141_10033_phage188_1_28150_20_0.69	28150	B35_1_month__1502_Clostridium_perfringens__k141_10033	2	28151	Clostridium	Clostridium perfringens
B35_1_month	k141_10118	10002	B35_1_month__573_Klebsiella_pneumoniae__k141_10118	1	10002	Klebsiella	Klebsiella pneumoniae
B35_1_month	k141_10462_1_checkv_3167-42662/100162	39496	B35_1_month__573_Klebsiella_pneumoniae__k141_10462	3167	42662	Klebsiella	Klebsiella pneumoniae
B35_1_month	k141_10548_phage218_119750_157417_31_0.72	37668	B35_1_month__160453_Enterococcus_gilvus__k141_10548	119751	157418	Enterococcus	Enterococcus gilvus
B35_1_month	k141_10778_phage295_154_36415_35_0.7	36262	B35_1_month__29363_Clostridium_paraputrificum__k141_10778	155	36416	Clostridium	Clostridium paraputrificum
B35_1_month	k141_11155_phage31_13252_25672_11_0.73	12421	B35_1_month__29363_Clostridium_paraputrificum__k141_11155	13253	25673	Clostridium	Clostridium paraputrificum
B35_1_month	k141_11295	38682	B35_1_month__1028307_Klebsiella_aerogenes__k141_11295	1	38682	Klebsiella	Klebsiella aerogenes
B35_1_month	k141_11295	38682	B35_1_month__1028307_Klebsiella_aerogenes__k141_11295	38682	1	Klebsiella	Klebsiella aerogenes
B35_1_month	k141_11298_phage97_22492_40808_19_0.75	18317	B35_1_month__29363_Clostridium_paraputrificum__k141_11298	22493	40809	Clostridium	Clostridium paraputrificum
B35_1_month	k141_11376	10800	B35_1_month__1282_Staphylococcus_epidermidis__k141_11376	1	10800	Staphylococcus	Staphylococcus epidermidis
B35_1_month	k141_11542_1_checkv_372695-410670/684281	37976	B35_1_month__1502_Clostridium_perfringens__k141_11542	372695	410670	Clostridium	Clostridium perfringens
B35_1_month	k141_11711_phage329_55368_98816_38_0.63	43449	B35_1_month__1502_Clostridium_perfringens__k141_11711	55369	98817	Clostridium	Clostridium perfringens
B35_1_month	k141_11711_phage336_328394_374250_36_0.72	45857	B35_1_month__1502_Clostridium_perfringens__k141_11711	328395	374251	Clostridium	Clostridium perfringens
B35_1_month	k141_11711_phage339_434346_457949_21_0.7	23604	B35_1_month__1502_Clostridium_perfringens__k141_11711	434347	457950	Clostridium	Clostridium perfringens
B35_1_month	k141_11711_phage345_730834_774238_47_0.72	43405	B35_1_month__1502_Clostridium_perfringens__k141_11711	730835	774239	Clostridium	Clostridium perfringens
B35_1_month	k141_12419	17342	B35_1_month__1282_Staphylococcus_epidermidis__k141_12419	1	17342	Staphylococcus	Staphylococcus epidermidis
B35_1_month	k141_12979_phage174_104_65746_67_0.65	65643	B35_1_month__29363_Clostridium_paraputrificum__k141_12979	105	65747	Clostridium	Clostridium paraputrificum
B35_1_month	k141_13073_phage192_798_18534_17_0.73	17737	B35_1_month__29363_Clostridium_paraputrificum__k141_13073	799	18535	Clostridium	Clostridium paraputrificum
B35_1_month	k141_13415_1_checkv_75541-97344/97344	21804	B35_1_month__1351_Enterococcus_faecalis__k141_13415	75541	97344	Enterococcus	Enterococcus faecalis
B35_1_month	k141_13716_phage116_2104_24097_22_0.63	21994	B35_1_month__29363_Clostridium_paraputrificum__k141_13716	2105	24098	Clostridium	Clostridium paraputrificum
B35_1_month	k141_14099_phage221_368_21243_19_0.62	20876	B35_1_month__29363_Clostridium_paraputrificum__k141_14099	369	21244	Clostridium	Clostridium paraputrificum
B35_1_month	k141_14344_phage54_36364_75968_29_0.8	39605	B35_1_month__29363_Clostridium_paraputrificum__k141_14344	36365	75969	Clostridium	Clostridium paraputrificum
B35_1_month	k141_14576_phage150_148632_183690_22_0.63	35059	B35_1_month__1502_Clostridium_perfringens__k141_14576	148633	183691	Clostridium	Clostridium perfringens
B35_1_month	k141_14576_phage152_240519_287735_40_0.7	47217	B35_1_month__1502_Clostridium_perfringens__k141_14576	240520	287736	Clostridium	Clostridium perfringens
B35_1_month	k141_14576_phage153_292155_307561_16_0.65	15407	B35_1_month__1502_Clostridium_perfringens__k141_14576	292156	307562	Clostridium	Clostridium perfringens
B35_1_month	k141_14576_phage154_312383_356190_42_0.72	43808	B35_1_month__1502_Clostridium_perfringens__k141_14576	312384	356191	Clostridium	Clostridium perfringens
B35_1_month	k141_14945_1_checkv_44313-87384/87384	43072	B35_1_month__562_Escherichia_coli__k141_14945	44313	87384	Escherichia	Escherichia coli
B35_1_month	k141_15722_phage237_3_27624_53_0.91	27622	B35_1_month__1282_Staphylococcus_epidermidis__k141_15722	4	27625	Staphylococcus	Staphylococcus epidermidis
B35_1_month	k141_15722_phage238_28117_42875_16_0.75	14759	B35_1_month__1282_Staphylococcus_epidermidis__k141_15722	28118	42876	Staphylococcus	Staphylococcus epidermidis
B35_1_month	k141_15733_phage279_1_37376_53_0.88	37375	B35_1_month__1502_Clostridium_perfringens__k141_15733	2	37376	Clostridium	Clostridium perfringens
B35_1_month	k141_1763	10286	B35_1_month__562_Escherichia_coli__k141_1763	1	10286	Escherichia	Escherichia coli
B35_1_month	k141_2078_1_checkv_162939-207427/218068	44489	B35_1_month__160453_Enterococcus_gilvus__k141_2078	162939	207427	Enterococcus	Enterococcus gilvus
B35_1_month	k141_226	22289	B35_1_month__573_Klebsiella_pneumoniae__k141_226	1	22289	Klebsiella	Klebsiella pneumoniae
B35_1_month	k141_2478	11030	B35_1_month__562_Escherichia_coli__k141_2478	1	11030	Escherichia	Escherichia coli
B35_1_month	k141_3398_phage71_597_34060_34_0.71	33464	B35_1_month__1502_Clostridium_perfringens__k141_3398	598	34061	Clostridium	Clostridium perfringens
B35_1_month	k141_3447	23502	B35_1_month__562_Escherichia_coli__k141_3447	1	23502	Escherichia	Escherichia coli
B35_1_month	k141_3514	15892	B35_1_month__29363_Clostridium_paraputrificum__k141_3514	1	15892	Clostridium	Clostridium paraputrificum
B35_1_month	k141_3551	17819	B35_1_month__562_Escherichia_coli__k141_3551	1	17819	Escherichia	Escherichia coli
B35_1_month	k141_4078_phage43_3_35819_54_0.83	35817	B35_1_month__29363_Clostridium_paraputrificum__k141_4078	4	35820	Clostridium	Clostridium paraputrificum
B35_1_month	k141_4836	20082	B35_1_month__573_Klebsiella_pneumoniae__k141_4836	1	20082	Klebsiella	Klebsiella pneumoniae
B35_1_month	k141_5044_phage78_61923_93679_32_0.72	31757	B35_1_month__1502943_Veillonella_seminalis__k141_5044	61924	93680	Veillonella	Veillonella seminalis
B35_1_month	k141_5803_phage82_9856_44672_34_0.73	34817	B35_1_month__1502943_Veillonella_seminalis__k141_5803	9857	44673	Veillonella	Veillonella seminalis
B35_1_month	k141_5822_1_checkv_31985-45898/45898	13914	B35_1_month__1282_Staphylococcus_epidermidis__k141_5822	31985	45898	Staphylococcus	Staphylococcus epidermidis
B35_1_month	k141_6120_phage211_307869_322409_18_0.55	14541	B35_1_month__160453_Enterococcus_gilvus__k141_6120	307870	322410	Enterococcus	Enterococcus gilvus
B35_1_month	k141_6137_phage215_21331_47074_11_0.65	25744	B35_1_month__1282_Staphylococcus_epidermidis__k141_6137	21332	47075	Staphylococcus	Staphylococcus epidermidis
B35_1_month	k141_6447_phage12_1_20578_31_0.75	20578	B35_1_month__562_Escherichia_coli__k141_6447	2	20579	Escherichia	Escherichia coli
B35_1_month	k141_6620_phage74_89_44851_51_0.72	44763	B35_1_month__29363_Clostridium_paraputrificum__k141_6620	90	44852	Clostridium	Clostridium paraputrificum
B35_1_month	k141_6694	13017	B35_1_month__562_Escherichia_coli__k141_6694	1	13017	Escherichia	Escherichia coli
B35_1_month	k141_7154_phage9_7553_25425_17_0.61	17873	B35_1_month__160453_Enterococcus_gilvus__k141_7154	7554	25426	Enterococcus	Enterococcus gilvus
B35_1_month	k141_7315_phage75_109_22836_22_0.62	22728	B35_1_month__29363_Clostridium_paraputrificum__k141_7315	110	22837	Clostridium	Clostridium paraputrificum
B35_1_month	k141_7481_1_checkv_1-11350/18103	11350	B35_1_month__1282_Staphylococcus_epidermidis__k141_7481	1	11350	Staphylococcus	Staphylococcus epidermidis
B35_1_month	k141_7749_phage230_54377_82028_26_0.55	27652	B35_1_month__1502_Clostridium_perfringens__k141_7749	54378	82029	Clostridium	Clostridium perfringens
B35_1_month	k141_7749_phage234_205046_219493_11_0.74	14448	B35_1_month__1502_Clostridium_perfringens__k141_7749	205047	219494	Clostridium	Clostridium perfringens
B35_1_month	k141_7837_1_checkv_52436-65927/65927	13492	B35_1_month__1282_Staphylococcus_epidermidis__k141_7837	52436	65927	Staphylococcus	Staphylococcus epidermidis
B35_1_month	k141_8090	28087	B35_1_month__562_Escherichia_coli__k141_8090	1	28087	Escherichia	Escherichia coli
B35_1_month	k141_8188	23540	B35_1_month__562_Escherichia_coli__k141_8188	1	23540	Escherichia	Escherichia coli
B35_1_month	k141_8551_phage245_10842_28142_15_0.62	17301	B35_1_month__562_Escherichia_coli__k141_8551	10843	28143	Escherichia	Escherichia coli
B35_1_month	k141_8551_phage247_57705_74409_16_0.55	16705	B35_1_month__562_Escherichia_coli__k141_8551	57706	74410	Escherichia	Escherichia coli
B35_1_month	k141_9517_phage18_1_72372_76_0.71	72372	B35_1_month__29363_Clostridium_paraputrificum__k141_9517	2	72373	Clostridium	Clostridium paraputrificum
B35_1_month	k141_9986	16687	B35_1_month__562_Escherichia_coli__k141_9986	1	16687	Escherichia	Escherichia coli
B35_12_months	k141_11176	22354	B35_12_months__216816_Bifidobacterium_longum__k141_11176	1	22354	Bifidobacterium	Bifidobacterium longum
B35_12_months	k141_11724_1_checkv_20079-62121/193913	42043	B35_12_months__48296_Acinetobacter_pittii__k141_11724	20079	62121	Acinetobacter	Acinetobacter pittii
B35_12_months	k141_12154	11564	B35_12_months__562_Escherichia_coli__k141_12154	1	11564	Escherichia	Escherichia coli
B35_12_months	k141_14402	37390	B35_12_months__301302_Roseburia_faecis__k141_14402	1	37390	Roseburia	Roseburia faecis
B35_12_months	k141_14816_phage1090_3_14004_17_0.73	14002	B35_12_months__1776391_Romboutsia_timonensis__k141_14816	4	14005	Romboutsia	Romboutsia timonensis
B35_12_months	k141_17733_phage771_217954_237955_17_0.62	20002	B35_12_months__853_Faecalibacterium_prausnitzii__k141_17733	217955	237956	Faecalibacterium	Faecalibacterium prausnitzii
B35_12_months	k141_18607_phage1000_222_17118_12_0.68	16897	B35_12_months__487175_Parasutterella_excrementihominis__k141_18607	223	17119	Parasutterella	Parasutterella excrementihominis
B35_12_months	k141_19790	24002	B35_12_months__562_Escherichia_coli__k141_19790	1	24002	Escherichia	Escherichia coli
B35_12_months	k141_19818	27191	B35_12_months__562_Escherichia_coli__k141_19818	1	27191	Escherichia	Escherichia coli
B35_12_months	k141_20700_phage317_154_37574_54_0.79	37421	B35_12_months__445973_Intestinibacter_bartlettii__k141_20700	155	37575	Intestinibacter	Intestinibacter bartlettii
B35_12_months	k141_21369_phage530_222233_269851_36_0.53	47619	B35_12_months__823_Parabacteroides_distasonis__k141_21369	222234	269852	Parabacteroides	Parabacteroides distasonis
B35_12_months	k141_21369_phage531_320594_338878_19_0.56	18285	B35_12_months__823_Parabacteroides_distasonis__k141_21369	320595	338879	Parabacteroides	Parabacteroides distasonis
B35_12_months	k141_22220	37205	B35_12_months__649756_Anaerostipes_hadrus__k141_22220	1	37205	Anaerostipes	Anaerostipes hadrus
B35_12_months	k141_2526	22202	B35_12_months__33038_[Ruminococcus]_gnavus__k141_2526	1	22202	Mediterraneibacter	[Ruminococcus] gnavus
B35_12_months	k141_25897_phage284_63837_81131_18_0.62	17295	B35_12_months__187326_Megasphaera_micronuciformis__k141_25897	63838	81132	Megasphaera	Megasphaera micronuciformis
B35_12_months	k141_26813	10399	B35_12_months__548_Klebsiella_aerogenes__k141_26813	1	10399	Klebsiella	Klebsiella aerogenes
B35_12_months	k141_27463	52218	B35_12_months__853_Faecalibacterium_prausnitzii__k141_27463	1	52218	Faecalibacterium	Faecalibacterium prausnitzii
B35_12_months	k141_28201	11693	B35_12_months__562_Escherichia_coli__k141_28201	1	11693	Escherichia	Escherichia coli
B35_12_months	k141_28825	29478	B35_12_months__823_Parabacteroides_distasonis__k141_28825	1	29478	Parabacteroides	Parabacteroides distasonis
B35_12_months	k141_3082	15577	B35_12_months__3015826_Klebsiella_aerogenes__k141_3082	1	15577	Klebsiella	Klebsiella aerogenes
B35_12_months	k141_32680_phage898_129865_156840_20_0.53	26976	B35_12_months__823_Parabacteroides_distasonis__k141_32680	129866	156841	Parabacteroides	Parabacteroides distasonis
B35_12_months	k141_33099	10891	B35_12_months__3022225_Lactobacillus_equicursoris__k141_33099	1	10891	Lactobacillus	Lactobacillus equicursoris
B35_12_months	k141_34163	25607	B35_12_months__562_Escherichia_coli__k141_34163	1	25607	Escherichia	Escherichia coli
B35_12_months	k141_34177	49704	B35_12_months__866789_Escherichia_coli__k141_34177	1	49704	Escherichia	Escherichia coli
B35_12_months	k141_34517_1_checkv_1-13027/17399	13027	B35_12_months__216816_Bifidobacterium_longum__k141_34517	1	13027	Bifidobacterium	Bifidobacterium longum
B35_12_months	k141_34709_phage1147_3052_15335_11_0.74	12284	B35_12_months__1776391_Romboutsia_timonensis__k141_34709	3053	15336	Romboutsia	Romboutsia timonensis
B35_12_months	k141_35471_1_checkv_163913-203820/452354	39908	B35_12_months__817_Bacteroides_fragilis__k141_35471	163913	203820	Bacteroides	Bacteroides fragilis
B35_12_months	k141_35850	33268	B35_12_months__3011055_Enterocloster_citroniae__k141_35850	1	33268	Enterocloster	Enterocloster citroniae
B35_12_months	k141_35976_phage507_70774_91051_30_0.58	20278	B35_12_months__29361_Tyzzerella_nexilis__k141_35976	70775	91052	Tyzzerella	Tyzzerella nexilis
B35_12_months	k141_3852	12385	B35_12_months__1579_Lactobacillus_acidophilus__k141_3852	1	12385	Lactobacillus	Lactobacillus acidophilus
B35_12_months	k141_38605	14524	B35_12_months__411470_[Ruminococcus]_gnavus__k141_38605	1	14524	Mediterraneibacter	[Ruminococcus] gnavus
B35_12_months	k141_38935_1_checkv_6117-40523/81486	34407	B35_12_months__48296_Acinetobacter_pittii__k141_38935	6117	40523	Acinetobacter	Acinetobacter pittii
B35_12_months	k141_40719_1_checkv_19309-74525/80174	55217	B35_12_months__1580_Levilactobacillus_brevis__k141_40719	19309	74525	Levilactobacillus	Levilactobacillus brevis
B35_12_months	k141_40833_phage294_194126_206007_12_0.67	11882	B35_12_months__292800_Flavonifractor_plautii__k141_40833	194127	206008	Flavonifractor	Flavonifractor plautii
B35_12_months	k141_41162	27874	B35_12_months__1628085_Agathobaculum_butyriciproducens__k141_41162	1	27874	Agathobaculum	Agathobaculum butyriciproducens
B35_12_months	k141_41901	79821	B35_12_months__3011055_Enterocloster_citroniae__k141_41901	1	79821	Enterocloster	Enterocloster citroniae
B35_12_months	k141_4223	17306	B35_12_months__33038_[Ruminococcus]_gnavus__k141_4223	1	17306	Mediterraneibacter	[Ruminococcus] gnavus
B35_12_months	k141_42438_1_checkv_1-56861/59682	56861	B35_12_months__48296_Acinetobacter_pittii__k141_42438	1	56861	Acinetobacter	Acinetobacter pittii
B35_12_months	k141_42713_phage781_18044_31991_15_0.61	13948	B35_12_months__37734_Enterococcus_casseliflavus__k141_42713	18045	31992	Enterococcus	Enterococcus casseliflavus
B35_12_months	k141_43519	16486	B35_12_months__1628085_Agathobaculum_butyriciproducens__k141_43519	1	16486	Agathobaculum	Agathobaculum butyriciproducens
B35_12_months	k141_45014	26506	B35_12_months__853_Faecalibacterium_prausnitzii__k141_45014	1	26506	Faecalibacterium	Faecalibacterium prausnitzii
B35_12_months	k141_45688	10732	B35_12_months__1096246_Hungatella_effluvii__k141_45688	1	10732	Hungatella	Hungatella effluvii
B35_12_months	k141_45929_phage390_150121_192745_40_0.6	42625	B35_12_months__823_Parabacteroides_distasonis__k141_45929	150122	192746	Parabacteroides	Parabacteroides distasonis
B35_12_months	k141_46269_phage533_170100_186801_15_0.56	16702	B35_12_months__1628085_Agathobaculum_butyriciproducens__k141_46269	170101	186802	Agathobaculum	Agathobaculum butyriciproducens
B35_12_months	k141_46888_phage653_52556_72670_23_0.74	20115	B35_12_months__37734_Enterococcus_casseliflavus__k141_46888	52557	72671	Enterococcus	Enterococcus casseliflavus
B35_12_months	k141_48234_phage863_7230_19476_16_0.69	12247	B35_12_months__411470_[Ruminococcus]_gnavus__k141_48234	7231	19477	Mediterraneibacter	[Ruminococcus] gnavus
B35_12_months	k141_48367_1_checkv_8317-28227/92771	19911	B35_12_months__47715_Lacticaseibacillus_rhamnosus__k141_48367	8317	28227	Lacticaseibacillus	Lacticaseibacillus rhamnosus
B35_12_months	k141_49621_1_checkv_112659-167821/191198	55163	B35_12_months__487175_Parasutterella_excrementihominis__k141_49621	112659	167821	Parasutterella	Parasutterella excrementihominis
B35_12_months	k141_5043	15462	B35_12_months__562_Escherichia_coli__k141_5043	1	15462	Escherichia	Escherichia coli
B35_12_months	k141_53754	10263	B35_12_months__1150298_Fusicatenibacter_saccharivorans__k141_53754	1	10263	Fusicatenibacter	Fusicatenibacter saccharivorans
B35_12_months	k141_54814_1_checkv_1-13226/100042	13226	B35_12_months__48296_Acinetobacter_pittii__k141_54814	1	13226	Acinetobacter	Acinetobacter pittii
B35_12_months	k141_54814_2_checkv_13227-71322/100042	58096	B35_12_months__48296_Acinetobacter_pittii__k141_54814	13227	71322	Acinetobacter	Acinetobacter pittii
B35_12_months	k141_54872	122362	B35_12_months__823_Parabacteroides_distasonis__k141_54872	1	122362	Parabacteroides	Parabacteroides distasonis
B35_12_months	k141_55015_phage98_2_13426_11_0.52	13425	B35_12_months__1628085_Agathobaculum_butyriciproducens__k141_55015	3	13427	Agathobaculum	Agathobaculum butyriciproducens
B35_12_months	k141_55439_phage259_640025_658595_20_0.6	18571	B35_12_months__823_Parabacteroides_distasonis__k141_55439	640026	658596	Parabacteroides	Parabacteroides distasonis
B35_12_months	k141_56166	16852	B35_12_months__292800_Flavonifractor_plautii__k141_56166	1	16852	Flavonifractor	Flavonifractor plautii
B35_12_months	k141_56304_1_checkv_1-56214/92736	56214	B35_12_months__2293016_Clostridium_sp._AF37-5__k141_56304	1	56214	Clostridium	Clostridium sp. AF37-5
B35_12_months	k141_56365_1_checkv_60971-93878/93878	32908	B35_12_months__47715_Lacticaseibacillus_rhamnosus__k141_56365	60971	93878	Lacticaseibacillus	Lacticaseibacillus rhamnosus
B35_12_months	k141_56905_phage709_11608_45026_26_0.65	33419	B35_12_months__817_Bacteroides_fragilis__k141_56905	11609	45027	Bacteroides	Bacteroides fragilis
B35_12_months	k141_56905_phage710_49139_60538_12_0.69	11400	B35_12_months__817_Bacteroides_fragilis__k141_56905	49140	60539	Bacteroides	Bacteroides fragilis
B35_12_months	k141_56907_1_checkv_115172-150052/237964	34881	B35_12_months__1262889_Eubacterium_sp._CAG:38__k141_56907	115172	150052	Eubacterium	Eubacterium sp. CAG:38
B35_12_months	k141_57413	15696	B35_12_months__2293016_Clostridium_sp._AF37-5__k141_57413	1	15696	Clostridium	Clostridium sp. AF37-5
B35_12_months	k141_5778_phage199_4189_19506_16_0.65	15317	B35_12_months__1776391_Romboutsia_timonensis__k141_5778	4190	19506	Romboutsia	Romboutsia timonensis
B35_12_months	k141_59787	25414	B35_12_months__562_Escherichia_coli__k141_59787	1	25414	Escherichia	Escherichia coli
B35_12_months	k141_60038_phage133_23893_37459_11_0.64	13567	B35_12_months__817_Bacteroides_fragilis__k141_60038	23894	37460	Bacteroides	Bacteroides fragilis
B35_12_months	k141_60094_1_checkv_27198-54402/54402	27205	B35_12_months__292800_Flavonifractor_plautii__k141_60094	27198	54402	Flavonifractor	Flavonifractor plautii
B35_12_months	k141_60674_phage268_19882_42395_33_0.78	22514	B35_12_months__292800_Flavonifractor_plautii__k141_60674	19883	42396	Flavonifractor	Flavonifractor plautii
B35_12_months	k141_61664_phage503_143142_184645_41_0.64	41504	B35_12_months__853_Faecalibacterium_prausnitzii__k141_61664	143143	184646	Faecalibacterium	Faecalibacterium prausnitzii
B35_12_months	k141_61991	11379	B35_12_months__1896982_Clostridium_sp._29_15__k141_61991	1	11379	Clostridium	Clostridium sp. 29_15
B35_12_months	k141_6257	46111	B35_12_months__1628085_Agathobaculum_butyriciproducens__k141_6257	1	46111	Agathobaculum	Agathobaculum butyriciproducens
B35_12_months	k141_64401	29515	B35_12_months__292800_Flavonifractor_plautii__k141_64401	1	29515	Flavonifractor	Flavonifractor plautii
B35_12_months	k141_64806	27697	B35_12_months__1776391_Romboutsia_timonensis__k141_64806	1	27697	Romboutsia	Romboutsia timonensis
B35_12_months	k141_6486	13496	B35_12_months__562_Escherichia_coli__k141_6486	1	13496	Escherichia	Escherichia coli
B35_12_months	k141_6495	20003	B35_12_months__1150298_Fusicatenibacter_saccharivorans__k141_6495	1	20003	Fusicatenibacter	Fusicatenibacter saccharivorans
B35_12_months	k141_64977	28491	B35_12_months__411470_[Ruminococcus]_gnavus__k141_64977	1	28491	Mediterraneibacter	[Ruminococcus] gnavus
B35_12_months	k141_65016	85089	B35_12_months__1262889_Eubacterium_sp._CAG:38__k141_65016	1	85089	Eubacterium	Eubacterium sp. CAG:38
B35_12_months	k141_66106_phage378_62491_85579_20_0.57	23089	B35_12_months__1547_Erysipelatoclostridium_ramosum__k141_66106	62492	85580	Erysipelatoclostridium	Erysipelatoclostridium ramosum
B35_12_months	k141_67285	12568	B35_12_months__1912855_Faecalimonas_umbilicata__k141_67285	1	12568	Faecalimonas	Faecalimonas umbilicata
B35_12_months	k141_69491_phage7_1826_15545_17_0.67	13720	B35_12_months__1547_Erysipelatoclostridium_ramosum__k141_69491	1827	15546	Erysipelatoclostridium	Erysipelatoclostridium ramosum
B35_12_months	k141_69642	140247	B35_12_months__817_Bacteroides_fragilis__k141_69642	1	140247	Bacteroides	Bacteroides fragilis
B35_12_months	k141_70384_phage262_2_11199_13_0.61	11198	B35_12_months__1776391_Romboutsia_timonensis__k141_70384	3	11200	Romboutsia	Romboutsia timonensis
B35_12_months	k141_70850	29202	B35_12_months__292800_Flavonifractor_plautii__k141_70850	1	29202	Flavonifractor	Flavonifractor plautii
B35_12_months	k141_72078_1_checkv_115866-150227/150227	34362	B35_12_months__1522_[Clostridium]_innocuum__k141_72078	115866	150227	Erysipelatoclostridium	[Clostridium] innocuum
B35_12_months	k141_73411	15634	B35_12_months__1522_[Clostridium]_innocuum__k141_73411	1	15634	Erysipelatoclostridium	[Clostridium] innocuum
B35_12_months	k141_73613	22591	B35_12_months__1776391_Romboutsia_timonensis__k141_73613	1	22591	Romboutsia	Romboutsia timonensis
B35_12_months	k141_74498_phage22_173293_203195_30_0.63	29903	B35_12_months__817_Bacteroides_fragilis__k141_74498	173294	203196	Bacteroides	Bacteroides fragilis
B35_12_months	k141_76208	13454	B35_12_months__548_Klebsiella_aerogenes__k141_76208	1	13454	Klebsiella	Klebsiella aerogenes
B35_12_months	k141_76797	55024	B35_12_months__48296_Acinetobacter_pittii__k141_76797	1	55024	Acinetobacter	Acinetobacter pittii
B35_12_months	k141_76917	31210	B35_12_months__866789_Escherichia_coli__k141_76917	1	31210	Escherichia	Escherichia coli
B35_12_months	k141_77175	15374	B35_12_months__1896982_Clostridium_sp._29_15__k141_77175	1	15374	Clostridium	Clostridium sp. 29_15
B35_12_months	k141_78402_1_checkv_149907-194471/194471	44565	B35_12_months__1580_Levilactobacillus_brevis__k141_78402	149907	194471	Levilactobacillus	Levilactobacillus brevis
B35_12_months	k141_79777_1_checkv_42206-70667/70667	28462	B35_12_months__37734_Enterococcus_casseliflavus__k141_79777	42206	70667	Enterococcus	Enterococcus casseliflavus
B35_12_months	k141_81349	11415	B35_12_months__548_Klebsiella_aerogenes__k141_81349	1	11415	Klebsiella	Klebsiella aerogenes
B35_12_months	k141_82066	13306	B35_12_months__1598_Limosilactobacillus_reuteri__k141_82066	1	13306	Limosilactobacillus	Limosilactobacillus reuteri
B35_12_months	k141_8263_phage746_67570_82329_18_0.56	14760	B35_12_months__853_Faecalibacterium_prausnitzii__k141_8263	67571	82330	Faecalibacterium	Faecalibacterium prausnitzii
B35_12_months	k141_85972_phage360_63_12781_12_0.59	12719	B35_12_months__292800_Flavonifractor_plautii__k141_85972	64	12782	Flavonifractor	Flavonifractor plautii
B35_12_months	k141_86628	20586	B35_12_months__1776391_Romboutsia_timonensis__k141_86628	1	20586	Romboutsia	Romboutsia timonensis
B35_12_months	k141_86707	19368	B35_12_months__1579_Lactobacillus_acidophilus__k141_86707	1	19368	Lactobacillus	Lactobacillus acidophilus
B35_12_months	k141_87941	10102	B35_12_months__548_Klebsiella_aerogenes__k141_87941	1	10102	Klebsiella	Klebsiella aerogenes
B35_12_months	k141_87948	60776	B35_12_months__1628085_Agathobaculum_butyriciproducens__k141_87948	1	60776	Agathobaculum	Agathobaculum butyriciproducens
B35_12_months	k141_88279	27196	B35_12_months__48296_Acinetobacter_pittii__k141_88279	1	27196	Acinetobacter	Acinetobacter pittii
B35_12_months	k141_91168	35106	B35_12_months__1598_Limosilactobacillus_reuteri__k141_91168	1	35106	Limosilactobacillus	Limosilactobacillus reuteri
B35_12_months	k141_92321	28878	B35_12_months__817_Bacteroides_fragilis__k141_92321	1	28878	Bacteroides	Bacteroides fragilis
B35_12_months	k141_94184_phage846_19900_34364_12_0.68	14465	B35_12_months__487175_Parasutterella_excrementihominis__k141_94184	19901	34365	Parasutterella	Parasutterella excrementihominis
B35_12_months	k141_94323_phage36_29899_42964_14_0.53	13066	B35_12_months__1522_[Clostridium]_innocuum__k141_94323	29900	42965	Erysipelatoclostridium	[Clostridium] innocuum
B35_12_months	k141_94833_1_checkv_1-35247/48021	35247	B35_12_months__48296_Acinetobacter_pittii__k141_94833	1	35247	Acinetobacter	Acinetobacter pittii
B35_12_months	k141_9662	20714	B35_12_months__1579_Lactobacillus_acidophilus__k141_9662	1	20714	Lactobacillus	Lactobacillus acidophilus
B35_12_months	k141_97973	10955	B35_12_months__2293016_Clostridium_sp._AF37-5__k141_97973	1	10955	Clostridium	Clostridium sp. AF37-5
B36_6_months	k141_10600	22655	B36_6_months__565_Atlantibacter_hermannii__k141_10600	1	22655	Atlantibacter	Atlantibacter hermannii
B36_6_months	k141_10634_phage8_147_20208_18_0.59	20062	B36_6_months__84112_Eggerthella_lenta__k141_10634	148	20209	Eggerthella	Eggerthella lenta
B36_6_months	k141_10986	46210	B36_6_months__84112_Eggerthella_lenta__k141_10986	1	46210	Eggerthella	Eggerthella lenta
B36_6_months	k141_11121	28249	B36_6_months__1681_Bifidobacterium_bifidum__k141_11121	1	28249	Bifidobacterium	Bifidobacterium bifidum
B36_6_months	k141_11404	16445	B36_6_months__1660_Schaalia_odontolytica__k141_11404	1	16445	Schaalia	Schaalia odontolytica
B36_6_months	k141_11478	11489	B36_6_months__1660_Schaalia_odontolytica__k141_11478	1	11489	Schaalia	Schaalia odontolytica
B36_6_months	k141_11565	19680	B36_6_months__84112_Eggerthella_lenta__k141_11565	1	19680	Eggerthella	Eggerthella lenta
B36_6_months	k141_11804	19033	B36_6_months__1660_Schaalia_odontolytica__k141_11804	1	19033	Schaalia	Schaalia odontolytica
B36_6_months	k141_12708	12766	B36_6_months__68891_Streptococcus_peroris__k141_12708	1	12766	Streptococcus	Streptococcus peroris
B36_6_months	k141_13283	48109	B36_6_months__84112_Eggerthella_lenta__k141_13283	1	48109	Eggerthella	Eggerthella lenta
B36_6_months	k141_13549	36624	B36_6_months__84112_Eggerthella_lenta__k141_13549	1	36624	Eggerthella	Eggerthella lenta
B36_6_months	k141_13947	13618	B36_6_months__43675_Rothia_mucilaginosa__k141_13947	1	13618	Rothia	Rothia mucilaginosa
B36_6_months	k141_14281	14697	B36_6_months__1660_Schaalia_odontolytica__k141_14281	1	14697	Schaalia	Schaalia odontolytica
B36_6_months	k141_14785	15483	B36_6_months__1681_Bifidobacterium_bifidum__k141_14785	1	15483	Bifidobacterium	Bifidobacterium bifidum
B36_6_months	k141_1479	29962	B36_6_months__68891_Streptococcus_peroris__k141_1479	1	29962	Streptococcus	Streptococcus peroris
B36_6_months	k141_1486	10830	B36_6_months__68891_Streptococcus_peroris__k141_1486	1	10830	Streptococcus	Streptococcus peroris
B36_6_months	k141_15201_1_checkv_1-14819/450735	14819	B36_6_months__565_Atlantibacter_hermannii__k141_15201	1	14819	Atlantibacter	Atlantibacter hermannii
B36_6_months	k141_15602	25529	B36_6_months__33945_Enterococcus_avium__k141_15602	1	25529	Enterococcus	Enterococcus avium
B36_6_months	k141_15686	24960	B36_6_months__1660_Schaalia_odontolytica__k141_15686	1	24960	Schaalia	Schaalia odontolytica
B36_6_months	k141_15951	16125	B36_6_months__1660_Schaalia_odontolytica__k141_15951	1	16125	Schaalia	Schaalia odontolytica
B36_6_months	k141_16210_1_checkv_29930-45598/45598	15669	B36_6_months__33945_Enterococcus_avium__k141_16210	29930	45598	Enterococcus	Enterococcus avium
B36_6_months	k141_16487_phage11_281_20897_22_0.66	20617	B36_6_months__33945_Enterococcus_avium__k141_16487	282	20898	Enterococcus	Enterococcus avium
B36_6_months	k141_16525_1_checkv_280138-324685/471973	44548	B36_6_months__39777_Veillonella_atypica__k141_16525	280138	324685	Veillonella	Veillonella atypica
B36_6_months	k141_17094_phage89_13779_26356_10_0.55	12578	B36_6_months__68891_Streptococcus_peroris__k141_17094	13780	26357	Streptococcus	Streptococcus peroris
B36_6_months	k141_17706_1_checkv_42114-81709/232302	39596	B36_6_months__39777_Veillonella_atypica__k141_17706	42114	81709	Veillonella	Veillonella atypica
B36_6_months	k141_17717	11812	B36_6_months__1681_Bifidobacterium_bifidum__k141_17717	1	11812	Bifidobacterium	Bifidobacterium bifidum
B36_6_months	k141_17994	11167	B36_6_months__1660_Schaalia_odontolytica__k141_17994	1	11167	Schaalia	Schaalia odontolytica
B36_6_months	k141_2093_1_checkv_141563-185047/222380	43485	B36_6_months__1351_Enterococcus_faecalis__k141_2093	141563	185047	Enterococcus	Enterococcus faecalis
B36_6_months	k141_2400	15393	B36_6_months__2751_Carnobacterium_maltaromaticum__k141_2400	1	15393	Carnobacterium	Carnobacterium maltaromaticum
B36_6_months	k141_3570	25074	B36_6_months__1681_Bifidobacterium_bifidum__k141_3570	1	25074	Bifidobacterium	Bifidobacterium bifidum
B36_6_months	k141_3753_phage23_141_12209_18_0.68	12069	B36_6_months__33945_Enterococcus_avium__k141_3753	142	12210	Enterococcus	Enterococcus avium
B36_6_months	k141_4096_1_checkv_14476-38552/38552	24077	B36_6_months__1681_Bifidobacterium_bifidum__k141_4096	14476	38552	Bifidobacterium	Bifidobacterium bifidum
B36_6_months	k141_5406_1_checkv_18485-36000/36000	17516	B36_6_months__33945_Enterococcus_avium__k141_5406	18485	36000	Enterococcus	Enterococcus avium
B36_6_months	k141_55	11762	B36_6_months__39777_Veillonella_atypica__k141_55	1	11762	Veillonella	Veillonella atypica
B36_6_months	k141_6118	53136	B36_6_months__1681_Bifidobacterium_bifidum__k141_6118	1	53136	Bifidobacterium	Bifidobacterium bifidum
B36_6_months	k141_6148	23186	B36_6_months__565_Atlantibacter_hermannii__k141_6148	1	23186	Atlantibacter	Atlantibacter hermannii
B36_6_months	k141_6395_1_checkv_78213-106816/122687	28604	B36_6_months__1351_Enterococcus_faecalis__k141_6395	78213	106816	Enterococcus	Enterococcus faecalis
B36_6_months	k141_6708	13538	B36_6_months__43675_Rothia_mucilaginosa__k141_6708	1	13538	Rothia	Rothia mucilaginosa
B36_6_months	k141_7560	17627	B36_6_months__2751_Carnobacterium_maltaromaticum__k141_7560	1	17627	Carnobacterium	Carnobacterium maltaromaticum
B36_6_months	k141_7583_phage78_211035_221729_10_0.64	10695	B36_6_months__216816_Bifidobacterium_longum__k141_7583	211036	221730	Bifidobacterium	Bifidobacterium longum
B36_6_months	k141_7842_phage94_46225_72876_19_0.82	26652	B36_6_months__1351_Enterococcus_faecalis__k141_7842	46226	72877	Enterococcus	Enterococcus faecalis
B36_6_months	k141_9333	34124	B36_6_months__1660_Schaalia_odontolytica__k141_9333	1	34124	Schaalia	Schaalia odontolytica
B36_6_months	k141_9484	34636	B36_6_months__565_Atlantibacter_hermannii__k141_9484	1	34636	Atlantibacter	Atlantibacter hermannii
B36_6_months	k141_9743_phage62_291_10932_10_0.74	10642	B36_6_months__33945_Enterococcus_avium__k141_9743	292	10933	Enterococcus	Enterococcus avium
B36_6_months	k141_9895	62039	B36_6_months__1660_Schaalia_odontolytica__k141_9895	1	62039	Schaalia	Schaalia odontolytica
B37_6_months	k141_10347	18476	B37_6_months__68891_Streptococcus_peroris__k141_10347	1	18476	Streptococcus	Streptococcus peroris
B37_6_months	k141_1083	22040	B37_6_months__137838_Clostridium_neonatale__k141_1083	1	22040	Clostridium	Clostridium neonatale
B37_6_months	k141_11516_1_checkv_1-15409/24793	15409	B37_6_months__1311774_Acinetobacter_pittii__k141_11516	1	15409	Acinetobacter	Acinetobacter pittii
B37_6_months	k141_11595	22784	B37_6_months__83427_uncultured_Streptococcus_sp.__k141_11595	1	22784	Streptococcus	uncultured Streptococcus sp.
B37_6_months	k141_11603	27356	B37_6_months__137838_Clostridium_neonatale__k141_11603	1	27356	Clostridium	Clostridium neonatale
B37_6_months	k141_13508_1_checkv_12760-48002/48002	35243	B37_6_months__48296_Acinetobacter_pittii__k141_13508	12760	48002	Acinetobacter	Acinetobacter pittii
B37_6_months	k141_13704_phage292_252_18364_15_0.74	18113	B37_6_months__169435_Anaerotruncus_colihominis__k141_13704	253	18365	Anaerotruncus	Anaerotruncus colihominis
B37_6_months	k141_13859	14662	B37_6_months__1492_Clostridium_butyricum__k141_13859	1	14662	Clostridium	Clostridium butyricum
B37_6_months	k141_13956_phage409_19032_38806_18_0.73	19775	B37_6_months__249061_uncultured_Actinomyces_sp.__k141_13956	19033	38807	Actinomyces	uncultured Actinomyces sp.
B37_6_months	k141_14436	14833	B37_6_months__68891_Streptococcus_peroris__k141_14436	1	14833	Streptococcus	Streptococcus peroris
B37_6_months	k141_14515_phage44_21809_32234_13_0.75	10426	B37_6_months__169435_Anaerotruncus_colihominis__k141_14515	21810	32235	Anaerotruncus	Anaerotruncus colihominis
B37_6_months	k141_14530_phage62_30572_44992_14_0.61	14421	B37_6_months__1492_Clostridium_butyricum__k141_14530	30573	44993	Clostridium	Clostridium butyricum
B37_6_months	k141_14695_phage112_1727_27386_25_0.69	25660	B37_6_months__137838_Clostridium_neonatale__k141_14695	1728	27387	Clostridium	Clostridium neonatale
B37_6_months	k141_15185	10530	B37_6_months__68891_Streptococcus_peroris__k141_15185	1	10530	Streptococcus	Streptococcus peroris
B37_6_months	k141_1563	13742	B37_6_months__68891_Streptococcus_peroris__k141_1563	1	13742	Streptococcus	Streptococcus peroris
B37_6_months	k141_15775	13782	B37_6_months__83427_uncultured_Streptococcus_sp.__k141_15775	1	13782	Streptococcus	uncultured Streptococcus sp.
B37_6_months	k141_16572_1_checkv_39417-63441/63441	24025	B37_6_months__1870991_Massilioclostridium_coli__k141_16572	39417	63441	Massilioclostridium	Massilioclostridium coli
B37_6_months	k141_16740_1_checkv_260754-300174/374775	39421	B37_6_months__1351_Enterococcus_faecalis__k141_16740	260754	300174	Enterococcus	Enterococcus faecalis
B37_6_months	k141_1676	18289	B37_6_months__68891_Streptococcus_peroris__k141_1676	1	18289	Streptococcus	Streptococcus peroris
B37_6_months	k141_16995	22535	B37_6_months__137838_Clostridium_neonatale__k141_16995	1	22535	Clostridium	Clostridium neonatale
B37_6_months	k141_17094_phage389_5126_35468_28_0.64	30343	B37_6_months__137838_Clostridium_neonatale__k141_17094	5127	35469	Clostridium	Clostridium neonatale
B37_6_months	k141_17220	20772	B37_6_months__29466_Veillonella_parvula__k141_17220	1	20772	Veillonella	Veillonella parvula
B37_6_months	k141_17321_phage443_3_28216_35_0.78	28214	B37_6_months__137838_Clostridium_neonatale__k141_17321	4	28217	Clostridium	Clostridium neonatale
B37_6_months	k141_18437	11938	B37_6_months__1311774_Acinetobacter_pittii__k141_18437	1	11938	Acinetobacter	Acinetobacter pittii
B37_6_months	k141_18942_1_checkv_103515-158746/227342	55232	B37_6_months__1134687_Klebsiella_michiganensis__k141_18942	103515	158746	Klebsiella	Klebsiella michiganensis
B37_6_months	k141_19156_phage400_414_19338_21_0.65	18925	B37_6_months__137838_Clostridium_neonatale__k141_19156	415	19339	Clostridium	Clostridium neonatale
B37_6_months	k141_19288_phage421_32871_53640_14_0.6	20770	B37_6_months__137838_Clostridium_neonatale__k141_19288	32872	53641	Clostridium	Clostridium neonatale
B37_6_months	k141_19344_phage429_32686_57569_23_0.57	24884	B37_6_months__1492_Clostridium_butyricum__k141_19344	32687	57570	Clostridium	Clostridium butyricum
B37_6_months	k141_19459	38278	B37_6_months__1492_Clostridium_butyricum__k141_19459	1	38278	Clostridium	Clostridium butyricum
B37_6_months	k141_19759_1_checkv_21068-39947/89071	18880	B37_6_months__1351_Enterococcus_faecalis__k141_19759	21068	39947	Enterococcus	Enterococcus faecalis
B37_6_months	k141_20276_1_checkv_180702-198072/198072	17371	B37_6_months__562_Escherichia_coli__k141_20276	180702	198072	Escherichia	Escherichia coli
B37_6_months	k141_20309_phage147_67957_78407_10_0.59	10451	B37_6_months__137838_Clostridium_neonatale__k141_20309	67958	78408	Clostridium	Clostridium neonatale
B37_6_months	k141_20434	17268	B37_6_months__1134687_Klebsiella_michiganensis__k141_20434	1	17268	Klebsiella	Klebsiella michiganensis
B37_6_months	k141_20466	20751	B37_6_months__1870991_Massilioclostridium_coli__k141_20466	1	20751	Massilioclostridium	Massilioclostridium coli
B37_6_months	k141_20496	10740	B37_6_months__137838_Clostridium_neonatale__k141_20496	1	10740	Clostridium	Clostridium neonatale
B37_6_months	k141_22971_phage328_6999_20158_10_0.66	13160	B37_6_months__1547_Erysipelatoclostridium_ramosum__k141_22971	7000	20159	Erysipelatoclostridium	Erysipelatoclostridium ramosum
B37_6_months	k141_23123_1_checkv_62188-102578/135569	40391	B37_6_months__137838_Clostridium_neonatale__k141_23123	62188	102578	Clostridium	Clostridium neonatale
B37_6_months	k141_23153	40239	B37_6_months__48296_Acinetobacter_pittii__k141_23153	1	40239	Acinetobacter	Acinetobacter pittii
B37_6_months	k141_23628_phage108_38391_55874_17_0.55	17484	B37_6_months__137838_Clostridium_neonatale__k141_23628	38392	55875	Clostridium	Clostridium neonatale
B37_6_months	k141_2415_phage237_666104_684833_26_0.69	18730	B37_6_months__249061_uncultured_Actinomyces_sp.__k141_2415	666105	684834	Actinomyces	uncultured Actinomyces sp.
B37_6_months	k141_24243_phage336_201795_228003_10_0.72	26209	B37_6_months__169435_Anaerotruncus_colihominis__k141_24243	201796	228004	Anaerotruncus	Anaerotruncus colihominis
B37_6_months	k141_2553_2_checkv_46170-77583/106556	31414	B37_6_months__48296_Acinetobacter_pittii__k141_2553	46170	77583	Acinetobacter	Acinetobacter pittii
B37_6_months	k141_25624_1_checkv_11010-23870/53874	12861	B37_6_months__1134687_Klebsiella_michiganensis__k141_25624	11010	23870	Klebsiella	Klebsiella michiganensis
B37_6_months	k141_26011_phage245_6351_17212_18_0.57	10862	B37_6_months__1351_Enterococcus_faecalis__k141_26011	6352	17213	Enterococcus	Enterococcus faecalis
B37_6_months	k141_26697	47328	B37_6_months__1134687_Klebsiella_michiganensis__k141_26697	1	47328	Klebsiella	Klebsiella michiganensis
B37_6_months	k141_27382_1_checkv_25889-41076/41076	15188	B37_6_months__1134687_Klebsiella_michiganensis__k141_27382	25889	41076	Klebsiella	Klebsiella michiganensis
B37_6_months	k141_27405_phage122_3_32505_34_0.79	32503	B37_6_months__169435_Anaerotruncus_colihominis__k141_27405	4	32506	Anaerotruncus	Anaerotruncus colihominis
B37_6_months	k141_27689	23224	B37_6_months__169435_Anaerotruncus_colihominis__k141_27689	1	23224	Anaerotruncus	Anaerotruncus colihominis
B37_6_months	k141_30021_phage403_28104_44167_17_0.61	16064	B37_6_months__1492_Clostridium_butyricum__k141_30021	28105	44168	Clostridium	Clostridium butyricum
B37_6_months	k141_31351	18296	B37_6_months__249061_uncultured_Actinomyces_sp.__k141_31351	1	18296	Actinomyces	uncultured Actinomyces sp.
B37_6_months	k141_32239_phage346_22499_38126_18_0.61	15628	B37_6_months__137838_Clostridium_neonatale__k141_32239	22500	38127	Clostridium	Clostridium neonatale
B37_6_months	k141_32266_phage360_452_16948_25_0.75	16497	B37_6_months__137838_Clostridium_neonatale__k141_32266	453	16949	Clostridium	Clostridium neonatale
B37_6_months	k141_32858_phage109_27589_55373_24_0.68	27785	B37_6_months__1870991_Massilioclostridium_coli__k141_32858	27590	55374	Massilioclostridium	Massilioclostridium coli
B37_6_months	k141_34938_1_checkv_24202-43923/73057	19722	B37_6_months__1870991_Massilioclostridium_coli__k141_34938	24202	43923	Massilioclostridium	Massilioclostridium coli
B37_6_months	k141_35162	10225	B37_6_months__137838_Clostridium_neonatale__k141_35162	1	10225	Clostridium	Clostridium neonatale
B37_6_months	k141_3681_phage9_2_40039_48_0.75	40038	B37_6_months__137838_Clostridium_neonatale__k141_3681	3	40040	Clostridium	Clostridium neonatale
B37_6_months	k141_4290_phage138_59850_96423_29_0.64	36574	B37_6_months__1547_Erysipelatoclostridium_ramosum__k141_4290	59851	96424	Erysipelatoclostridium	Erysipelatoclostridium ramosum
B37_6_months	k141_4836	11437	B37_6_months__169435_Anaerotruncus_colihominis__k141_4836	1	11437	Anaerotruncus	Anaerotruncus colihominis
B37_6_months	k141_494_1_checkv_20760-62802/195304	42043	B37_6_months__48296_Acinetobacter_pittii__k141_494	20760	62802	Acinetobacter	Acinetobacter pittii
B37_6_months	k141_5812_phage82_49963_63537_23_0.68	13575	B37_6_months__562_Escherichia_coli__k141_5812	49964	63538	Escherichia	Escherichia coli
B37_6_months	k141_6118	14037	B37_6_months__1492_Clostridium_butyricum__k141_6118	1	14037	Clostridium	Clostridium butyricum
B37_6_months	k141_6665_1_checkv_9580-45106/524433	35527	B37_6_months__562_Escherichia_coli__k141_6665	9580	45106	Escherichia	Escherichia coli
B37_6_months	k141_7103	20444	B37_6_months__1492_Clostridium_butyricum__k141_7103	1	20444	Clostridium	Clostridium butyricum
B37_6_months	k141_7326_phage50_199_23790_16_0.77	23592	B37_6_months__137838_Clostridium_neonatale__k141_7326	200	23791	Clostridium	Clostridium neonatale
B37_6_months	k141_7538	28256	B37_6_months__1492_Clostridium_butyricum__k141_7538	1	28256	Clostridium	Clostridium butyricum
B37_6_months	k141_7647_phage238_5721_27484_18_0.6	21764	B37_6_months__137838_Clostridium_neonatale__k141_7647	5722	27485	Clostridium	Clostridium neonatale
B37_6_months	k141_7664_phage266_43507_60667_20_0.66	17161	B37_6_months__169435_Anaerotruncus_colihominis__k141_7664	43508	60668	Anaerotruncus	Anaerotruncus colihominis
B37_6_months	k141_7683_1_checkv_99277-115279/115279	16003	B37_6_months__562_Escherichia_coli__k141_7683	99277	115279	Escherichia	Escherichia coli
B37_6_months	k141_771_1_checkv_355223-376598/376598	21376	B37_6_months__562_Escherichia_coli__k141_771	355223	376598	Escherichia	Escherichia coli
B37_6_months	k141_8866_1_checkv_6074-40480/81886	34407	B37_6_months__48296_Acinetobacter_pittii__k141_8866	6074	40480	Acinetobacter	Acinetobacter pittii
B38_6_months	k141_10977_1_checkv_108024-146801/153280	38778	B38_6_months__1351_Enterococcus_faecalis__k141_10977	108024	146801	Enterococcus	Enterococcus faecalis
B38_6_months	k141_11192	17291	B38_6_months__395631_Phytobacter_diazotrophicus__k141_11192	1	17291	Phytobacter	Phytobacter diazotrophicus
B38_6_months	k141_11958	22990	B38_6_months__1118058_Actinomyces_sp._ph3__k141_11958	1	22990	Actinomyces	Actinomyces sp. ph3
B38_6_months	k141_13187_phage838_127_33821_22_0.59	33695	B38_6_months__166486_Roseburia_intestinalis__k141_13187	128	33822	Roseburia	Roseburia intestinalis
B38_6_months	k141_13505_1_checkv_1280-58356/58356	57077	B38_6_months__48296_Acinetobacter_pittii__k141_13505	1280	58356	Acinetobacter	Acinetobacter pittii
B38_6_months	k141_13963	22259	B38_6_months__244366_Klebsiella_variicola__k141_13963	1	22259	Klebsiella	Klebsiella variicola
B38_6_months	k141_14452	59578	B38_6_months__853_Faecalibacterium_prausnitzii__k141_14452	1	59578	Faecalibacterium	Faecalibacterium prausnitzii
B38_6_months	k141_14548	32465	B38_6_months__571_Klebsiella_oxytoca__k141_14548	1	32465	Klebsiella	Klebsiella oxytoca
B38_6_months	k141_15083_1_checkv_1-22206/43179	22206	B38_6_months__562_Escherichia_coli__k141_15083	1	22206	Escherichia	Escherichia coli
B38_6_months	k141_1530_1_checkv_25716-54626/54626	28911	B38_6_months__39486_Dorea_formicigenerans__k141_1530	25716	54626	Dorea	Dorea formicigenerans
B38_6_months	k141_15485_1_checkv_129527-179577/260826	50051	B38_6_months__2107999_Lactobacillus_paragasseri__k141_15485	129527	179577	Lactobacillus	Lactobacillus paragasseri
B38_6_months	k141_16003	11785	B38_6_months__48296_Acinetobacter_pittii__k141_16003	1	11785	Acinetobacter	Acinetobacter pittii
B38_6_months	k141_16131_phage523_28482_40524_12_0.68	12043	B38_6_months__261299_Intestinibacter_bartlettii__k141_16131	28483	40525	Intestinibacter	Intestinibacter bartlettii
B38_6_months	k141_16387_1_checkv_31442-67666/115632	36225	B38_6_months__166486_Roseburia_intestinalis__k141_16387	31442	67666	Roseburia	Roseburia intestinalis
B38_6_months	k141_17559_phage833_261_35221_29_0.74	34961	B38_6_months__29363_Clostridium_paraputrificum__k141_17559	262	35222	Clostridium	Clostridium paraputrificum
B38_6_months	k141_17631	54756	B38_6_months__435842_Streptococcus_sp._C150__k141_17631	1	54756	Streptococcus	Streptococcus sp. C150
B38_6_months	k141_18291	22491	B38_6_months__395631_Phytobacter_diazotrophicus__k141_18291	1	22491	Phytobacter	Phytobacter diazotrophicus
B38_6_months	k141_19968	11434	B38_6_months__1304_Streptococcus_salivarius__k141_19968	1	11434	Streptococcus	Streptococcus salivarius
B38_6_months	k141_20178	54835	B38_6_months__512314_uncultured_Roseburia_sp.__k141_20178	1	54835	Roseburia	uncultured Roseburia sp.
B38_6_months	k141_20760_1_checkv_222458-261870/345588	39413	B38_6_months__29363_Clostridium_paraputrificum__k141_20760	222458	261870	Clostridium	Clostridium paraputrificum
B38_6_months	k141_20845	11330	B38_6_months__512314_uncultured_Roseburia_sp.__k141_20845	1	11330	Roseburia	uncultured Roseburia sp.
B38_6_months	k141_20933	43021	B38_6_months__512314_uncultured_Roseburia_sp.__k141_20933	1	43021	Roseburia	uncultured Roseburia sp.
B38_6_months	k141_21674	130171	B38_6_months__853_Faecalibacterium_prausnitzii__k141_21674	1	130171	Faecalibacterium	Faecalibacterium prausnitzii
B38_6_months	k141_22595_1_checkv_12086-27986/40282	15901	B38_6_months__33038_[Ruminococcus]_gnavus__k141_22595	12086	27986	Mediterraneibacter	[Ruminococcus] gnavus
B38_6_months	k141_24010	44825	B38_6_months__571_Klebsiella_oxytoca__k141_24010	1	44825	Klebsiella	Klebsiella oxytoca
B38_6_months	k141_24182	10937	B38_6_months__1680_Bifidobacterium_adolescentis__k141_24182	1	10937	Bifidobacterium	Bifidobacterium adolescentis
B38_6_months	k141_24668	44548	B38_6_months__1118058_Actinomyces_sp._ph3__k141_24668	1	44548	Actinomyces	Actinomyces sp. ph3
B38_6_months	k141_24718_1_checkv_9624-28475/43522	18852	B38_6_months__1304_Streptococcus_salivarius__k141_24718	9624	28475	Streptococcus	Streptococcus salivarius
B38_6_months	k141_25505	40186	B38_6_months__48296_Acinetobacter_pittii__k141_25505	1	40186	Acinetobacter	Acinetobacter pittii
B38_6_months	k141_25692_1_checkv_20801-57308/57308	36508	B38_6_months__512314_uncultured_Roseburia_sp.__k141_25692	20801	57308	Roseburia	uncultured Roseburia sp.
B38_6_months	k141_26173	61468	B38_6_months__1118058_Actinomyces_sp._ph3__k141_26173	1	61468	Actinomyces	Actinomyces sp. ph3
B38_6_months	k141_26556_1_checkv_99487-117305/117305	17819	B38_6_months__1351_Enterococcus_faecalis__k141_26556	99487	117305	Enterococcus	Enterococcus faecalis
B38_6_months	k141_27227	36037	B38_6_months__562_Escherichia_coli__k141_27227	1	36037	Escherichia	Escherichia coli
B38_6_months	k141_27613_phage959_7423_18999_14_0.57	11577	B38_6_months__261299_Intestinibacter_bartlettii__k141_27613	7424	19000	Intestinibacter	Intestinibacter bartlettii
B38_6_months	k141_27683	23548	B38_6_months__1118058_Actinomyces_sp._ph3__k141_27683	1	23548	Actinomyces	Actinomyces sp. ph3
B38_6_months	k141_27859_1_checkv_35358-86984/106519	51627	B38_6_months__562_Escherichia_coli__k141_27859	35358	86984	Escherichia	Escherichia coli
B38_6_months	k141_28990	29953	B38_6_months__216816_Bifidobacterium_longum__k141_28990	1	29953	Bifidobacterium	Bifidobacterium longum
B38_6_months	k141_29801	12120	B38_6_months__105841_Anaerostipes_caccae__k141_29801	1	12120	Anaerostipes	Anaerostipes caccae
B38_6_months	k141_31654_phage746_33536_64386_27_0.73	30851	B38_6_months__261299_Intestinibacter_bartlettii__k141_31654	33537	64387	Intestinibacter	Intestinibacter bartlettii
B38_6_months	k141_31799	35514	B38_6_months__571_Klebsiella_oxytoca__k141_31799	1	35514	Klebsiella	Klebsiella oxytoca
B38_6_months	k141_31990	23735	B38_6_months__512314_uncultured_Roseburia_sp.__k141_31990	1	23735	Roseburia	uncultured Roseburia sp.
B38_6_months	k141_32655_phage51_49949_102038_53_0.68	52090	B38_6_months__261299_Intestinibacter_bartlettii__k141_32655	49950	102039	Intestinibacter	Intestinibacter bartlettii
B38_6_months	k141_32742	47025	B38_6_months__395631_Phytobacter_diazotrophicus__k141_32742	1	47025	Phytobacter	Phytobacter diazotrophicus
B38_6_months	k141_33685	43766	B38_6_months__562_Escherichia_coli__k141_33685	1	43766	Escherichia	Escherichia coli
B38_6_months	k141_3378_phage555_10212_44730_29_0.7	34519	B38_6_months__29363_Clostridium_paraputrificum__k141_3378	10213	44731	Clostridium	Clostridium paraputrificum
B38_6_months	k141_34091	16832	B38_6_months__562_Escherichia_coli__k141_34091	1	16832	Escherichia	Escherichia coli
B38_6_months	k141_34333_1_checkv_1-46059/51437	46059	B38_6_months__395631_Phytobacter_diazotrophicus__k141_34333	1	46059	Phytobacter	Phytobacter diazotrophicus
B38_6_months	k141_34341_phage437_23789_44059_17_0.6	20271	B38_6_months__48296_Acinetobacter_pittii__k141_34341	23790	44060	Acinetobacter	Acinetobacter pittii
B38_6_months	k141_34906	37263	B38_6_months__1680_Bifidobacterium_adolescentis__k141_34906	1	37263	Bifidobacterium	Bifidobacterium adolescentis
B38_6_months	k141_35623_phage727_539_30364_32_0.79	29826	B38_6_months__29363_Clostridium_paraputrificum__k141_35623	540	30365	Clostridium	Clostridium paraputrificum
B38_6_months	k141_36195_1_checkv_2301-18452/64148	16152	B38_6_months__244366_Klebsiella_variicola__k141_36195	2301	18452	Klebsiella	Klebsiella variicola
B38_6_months	k141_41183	80454	B38_6_months__853_Faecalibacterium_prausnitzii__k141_41183	1	80454	Faecalibacterium	Faecalibacterium prausnitzii
B38_6_months	k141_41461_phage800_34492_64774_30_0.68	30283	B38_6_months__29363_Clostridium_paraputrificum__k141_41461	34493	64775	Clostridium	Clostridium paraputrificum
B38_6_months	k141_43914_1_checkv_5882-19414/32539	13533	B38_6_months__244366_Klebsiella_variicola__k141_43914	5882	19414	Klebsiella	Klebsiella variicola
B38_6_months	k141_44060	15457	B38_6_months__28118_Odoribacter_splanchnicus__k141_44060	1	15457	Odoribacter	Odoribacter splanchnicus
B38_6_months	k141_44247	15560	B38_6_months__395631_Phytobacter_diazotrophicus__k141_44247	1	15560	Phytobacter	Phytobacter diazotrophicus
B38_6_months	k141_46099_phage911_7110_47478_72_0.83	40369	B38_6_months__29363_Clostridium_paraputrificum__k141_46099	7111	47479	Clostridium	Clostridium paraputrificum
B38_6_months	k141_46479_phage17_11221_24302_17_0.59	13082	B38_6_months__103621_Actinomyces_urogenitalis__k141_46479	11222	24303	Actinomyces	Actinomyces urogenitalis
B38_6_months	k141_4895	15169	B38_6_months__239935_Akkermansia_muciniphila__k141_4895	1	15169	Akkermansia	Akkermansia muciniphila
B38_6_months	k141_49331_phage543_166800_178135_11_0.58	11336	B38_6_months__29363_Clostridium_paraputrificum__k141_49331	166801	178136	Clostridium	Clostridium paraputrificum
B38_6_months	k141_49340_phage549_3_33984_35_0.71	33982	B38_6_months__261299_Intestinibacter_bartlettii__k141_49340	4	33985	Intestinibacter	Intestinibacter bartlettii
B38_6_months	k141_49340_phage550_35064_51891_15_0.69	16828	B38_6_months__261299_Intestinibacter_bartlettii__k141_49340	35065	51892	Intestinibacter	Intestinibacter bartlettii
B38_6_months	k141_50253_phage762_342_19586_16_0.75	19245	B38_6_months__166486_Roseburia_intestinalis__k141_50253	343	19587	Roseburia	Roseburia intestinalis
B38_6_months	k141_50618_1_checkv_8975-49764/66505	40790	B38_6_months__39486_Dorea_formicigenerans__k141_50618	8975	49764	Dorea	Dorea formicigenerans
B38_6_months	k141_51722_2_checkv_46024-77437/106301	31414	B38_6_months__48296_Acinetobacter_pittii__k141_51722	46024	77437	Acinetobacter	Acinetobacter pittii
B38_6_months	k141_52578_1_checkv_60235-91009/91009	30775	B38_6_months__571_Klebsiella_oxytoca__k141_52578	60235	91009	Klebsiella	Klebsiella oxytoca
B38_6_months	k141_5316	28704	B38_6_months__395631_Phytobacter_diazotrophicus__k141_5316	1	28704	Phytobacter	Phytobacter diazotrophicus
B38_6_months	k141_54500	38878	B38_6_months__39777_Veillonella_atypica__k141_54500	1	38878	Veillonella	Veillonella atypica
B38_6_months	k141_54523	66446	B38_6_months__1118058_Actinomyces_sp._ph3__k141_54523	1	66446	Actinomyces	Actinomyces sp. ph3
B38_6_months	k141_57394_phage347_1_23773_26_0.58	23773	B38_6_months__454154_Paraprevotella_clara__k141_57394	2	23774	Paraprevotella	Paraprevotella clara
B38_6_months	k141_58285	15823	B38_6_months__1118058_Actinomyces_sp._ph3__k141_58285	1	15823	Actinomyces	Actinomyces sp. ph3
B38_6_months	k141_58874_1_checkv_4847-37923/48962	33077	B38_6_months__1318_Streptococcus_parasanguinis__k141_58874	4847	37923	Streptococcus	Streptococcus parasanguinis
B38_6_months	k141_60573_1_checkv_25245-44354/44354	19110	B38_6_months__40545_Sutterella_wadsworthensis__k141_60573	25245	44354	Sutterella	Sutterella wadsworthensis
B38_6_months	k141_6062_phage290_2_14988_19_0.77	14987	B38_6_months__29363_Clostridium_paraputrificum__k141_6062	3	14989	Clostridium	Clostridium paraputrificum
B38_6_months	k141_63712_phage763_22812_34943_15_0.62	12132	B38_6_months__39486_Dorea_formicigenerans__k141_63712	22813	34944	Dorea	Dorea formicigenerans
B38_6_months	k141_643	22753	B38_6_months__39777_Veillonella_atypica__k141_643	1	22753	Veillonella	Veillonella atypica
B38_6_months	k141_65118_1_checkv_36768-72053/158525	35286	B38_6_months__103621_Actinomyces_urogenitalis__k141_65118	36768	72053	Actinomyces	Actinomyces urogenitalis
B38_6_months	k141_6561_phage406_3_15878_23_0.74	15876	B38_6_months__103621_Actinomyces_urogenitalis__k141_6561	4	15879	Actinomyces	Actinomyces urogenitalis
B38_6_months	k141_65865	60707	B38_6_months__454154_Paraprevotella_clara__k141_65865	1	60707	Paraprevotella	Paraprevotella clara
B38_6_months	k141_66046	18935	B38_6_months__562_Escherichia_coli__k141_66046	1	18935	Escherichia	Escherichia coli
B38_6_months	k141_66912	89992	B38_6_months__239935_Akkermansia_muciniphila__k141_66912	1	89992	Akkermansia	Akkermansia muciniphila
B38_6_months	k141_67498_1_checkv_2208-27541/27541	25334	B38_6_months__571_Klebsiella_oxytoca__k141_67498	2208	27541	Klebsiella	Klebsiella oxytoca
B38_6_months	k141_68882_1_checkv_361335-399762/405100	38428	B38_6_months__239935_Akkermansia_muciniphila__k141_68882	361335	399762	Akkermansia	Akkermansia muciniphila
B38_6_months	k141_69290	10415	B38_6_months__395631_Phytobacter_diazotrophicus__k141_69290	1	10415	Phytobacter	Phytobacter diazotrophicus
B38_6_months	k141_70343_1_checkv_27261-64899/175602	37639	B38_6_months__1351_Enterococcus_faecalis__k141_70343	27261	64899	Enterococcus	Enterococcus faecalis
B38_6_months	k141_70825_phage317_4383_24470_15_0.64	20087	B38_6_months__214856_Alistipes_finegoldii__k141_70825	4384	24470	Alistipes	Alistipes finegoldii
B38_6_months	k141_71274	20153	B38_6_months__2107999_Lactobacillus_paragasseri__k141_71274	1	20153	Lactobacillus	Lactobacillus paragasseri
B38_6_months	k141_71584	13037	B38_6_months__1118058_Actinomyces_sp._ph3__k141_71584	1	13037	Actinomyces	Actinomyces sp. ph3
B38_6_months	k141_71866	11288	B38_6_months__1304_Streptococcus_salivarius__k141_71866	1	11288	Streptococcus	Streptococcus salivarius
B38_6_months	k141_72312	129421	B38_6_months__48296_Acinetobacter_pittii__k141_72312	1	129421	Acinetobacter	Acinetobacter pittii
B38_6_months	k141_72511_phage733_44014_61722_15_0.72	17709	B38_6_months__29363_Clostridium_paraputrificum__k141_72511	44015	61723	Clostridium	Clostridium paraputrificum
B38_6_months	k141_72701_1_checkv_6105-40511/80058	34407	B38_6_months__48296_Acinetobacter_pittii__k141_72701	6105	40511	Acinetobacter	Acinetobacter pittii
B38_6_months	k141_72999_1_checkv_243784-304069/401948	60286	B38_6_months__214856_Alistipes_finegoldii__k141_72999	243784	304069	Alistipes	Alistipes finegoldii
B38_6_months	k141_73217_phage893_29806_54291_23_0.57	24486	B38_6_months__29363_Clostridium_paraputrificum__k141_73217	29807	54292	Clostridium	Clostridium paraputrificum
B38_6_months	k141_73231_phage903_30872_62230_29_0.63	31359	B38_6_months__28118_Odoribacter_splanchnicus__k141_73231	30873	62231	Odoribacter	Odoribacter splanchnicus
B38_6_months	k141_73345_1_checkv_8241-29458/69698	21218	B38_6_months__395631_Phytobacter_diazotrophicus__k141_73345	8241	29458	Phytobacter	Phytobacter diazotrophicus
B38_6_months	k141_73520	53437	B38_6_months__562_Escherichia_coli__k141_73520	1	53437	Escherichia	Escherichia coli
B38_6_months	k141_75785	17874	B38_6_months__395631_Phytobacter_diazotrophicus__k141_75785	1	17874	Phytobacter	Phytobacter diazotrophicus
B38_6_months	k141_76004	19422	B38_6_months__454154_Paraprevotella_clara__k141_76004	1	19422	Paraprevotella	Paraprevotella clara
B38_6_months	k141_76848_1_checkv_35836-46506/46506	10671	B38_6_months__48296_Acinetobacter_pittii__k141_76848	35836	46506	Acinetobacter	Acinetobacter pittii
B38_6_months	k141_77303_phage677_58111_100731_50_0.64	42621	B38_6_months__29363_Clostridium_paraputrificum__k141_77303	58112	100732	Clostridium	Clostridium paraputrificum
B38_6_months	k141_77468	18118	B38_6_months__244366_Klebsiella_variicola__k141_77468	1	18118	Klebsiella	Klebsiella variicola
B38_6_months	k141_77538_phage758_79693_105867_26_0.61	26175	B38_6_months__261299_Intestinibacter_bartlettii__k141_77538	79694	105868	Intestinibacter	Intestinibacter bartlettii
B38_6_months	k141_78136	39222	B38_6_months__39950_Dialister_pneumosintes__k141_78136	1	39222	Dialister	Dialister pneumosintes
B38_6_months	k141_78836	16543	B38_6_months__244366_Klebsiella_variicola__k141_78836	1	16543	Klebsiella	Klebsiella variicola
B38_6_months	k141_79798_phage258_1_12682_11_0.71	12682	B38_6_months__165185_uncultured_Eubacterium_sp.__k141_79798	2	12683	Eubacterium	uncultured Eubacterium sp.
B38_6_months	k141_79966_1_checkv_25533-58986/84100	33454	B38_6_months__48296_Acinetobacter_pittii__k141_79966	25533	58986	Acinetobacter	Acinetobacter pittii
B38_6_months	k141_81351	76522	B38_6_months__562_Escherichia_coli__k141_81351	1	76522	Escherichia	Escherichia coli
B38_6_months	k141_81754	30565	B38_6_months__1118058_Actinomyces_sp._ph3__k141_81754	1	30565	Actinomyces	Actinomyces sp. ph3
B38_6_months	k141_8313_phage811_32535_48037_18_0.55	15503	B38_6_months__29363_Clostridium_paraputrificum__k141_8313	32536	48038	Clostridium	Clostridium paraputrificum
B38_6_months	k141_8428	33024	B38_6_months__1680_Bifidobacterium_adolescentis__k141_8428	1	33024	Bifidobacterium	Bifidobacterium adolescentis
B38_6_months	k141_84282_phage156_201_78914_74_0.63	78714	B38_6_months__29363_Clostridium_paraputrificum__k141_84282	202	78915	Clostridium	Clostridium paraputrificum
B38_6_months	k141_84320_phage188_23041_50649_31_0.71	27609	B38_6_months__29363_Clostridium_paraputrificum__k141_84320	23042	50650	Clostridium	Clostridium paraputrificum
B38_6_months	k141_84969_phage325_21432_40106_17_0.58	18675	B38_6_months__1351_Enterococcus_faecalis__k141_84969	21433	40107	Enterococcus	Enterococcus faecalis
B38_6_months	k141_85325_phage376_281_11616_11_0.61	11336	B38_6_months__512314_uncultured_Roseburia_sp.__k141_85325	282	11617	Roseburia	uncultured Roseburia sp.
B38_6_months	k141_86021_phage515_1_26493_29_0.71	26493	B38_6_months__165185_uncultured_Eubacterium_sp.__k141_86021	2	26494	Eubacterium	uncultured Eubacterium sp.
B38_6_months	k141_86503	35170	B38_6_months__512314_uncultured_Roseburia_sp.__k141_86503	1	35170	Roseburia	uncultured Roseburia sp.
B38_6_months	k141_87820_phage872_1_12061_17_0.66	12061	B38_6_months__261299_Intestinibacter_bartlettii__k141_87820	2	12062	Intestinibacter	Intestinibacter bartlettii
B38_6_months	k141_88906_1_checkv_44092-82709/202940	38618	B38_6_months__571_Klebsiella_oxytoca__k141_88906	44092	82709	Klebsiella	Klebsiella oxytoca
B38_6_months	k141_8908	87632	B38_6_months__48296_Acinetobacter_pittii__k141_8908	1	87632	Acinetobacter	Acinetobacter pittii
B38_6_months	k141_89156_1_checkv_1-35242/48016	35242	B38_6_months__48296_Acinetobacter_pittii__k141_89156	1	35242	Acinetobacter	Acinetobacter pittii
B38_6_months	k141_90000	13852	B38_6_months__244366_Klebsiella_variicola__k141_90000	1	13852	Klebsiella	Klebsiella variicola
B38_6_months	k141_9012_1_checkv_12911-115211/115211	102301	B38_6_months__29363_Clostridium_paraputrificum__k141_9012	12911	115211	Clostridium	Clostridium paraputrificum
B38_6_months	k141_92016_1_checkv_225570-303636/333616	78067	B38_6_months__2107999_Lactobacillus_paragasseri__k141_92016	225570	303636	Lactobacillus	Lactobacillus paragasseri
B38_6_months	k141_92511_phage802_7312_25968_23_0.73	18657	B38_6_months__48296_Acinetobacter_pittii__k141_92511	7313	25969	Acinetobacter	Acinetobacter pittii
B38_6_months	k141_92511_phage803_38978_71450_42_0.67	32473	B38_6_months__48296_Acinetobacter_pittii__k141_92511	38979	71451	Acinetobacter	Acinetobacter pittii
B38_6_months	k141_92511_phage805_87780_100388_22_0.62	12609	B38_6_months__48296_Acinetobacter_pittii__k141_92511	87781	100389	Acinetobacter	Acinetobacter pittii
B38_6_months	k141_92511_phage806_106314_117715_25_0.57	11402	B38_6_months__48296_Acinetobacter_pittii__k141_92511	106315	117716	Acinetobacter	Acinetobacter pittii
B38_6_months	k141_92511_phage808_127134_137174_18_0.59	10041	B38_6_months__48296_Acinetobacter_pittii__k141_92511	127135	137175	Acinetobacter	Acinetobacter pittii
B38_6_months	k141_9651	19096	B38_6_months__395631_Phytobacter_diazotrophicus__k141_9651	1	19096	Phytobacter	Phytobacter diazotrophicus
B38_6_months	k141_976_phage116_3_10766_13_0.7	10764	B38_6_months__29363_Clostridium_paraputrificum__k141_976	4	10767	Clostridium	Clostridium paraputrificum
B38_6_months	k141_976_phage119_62816_81555_19_0.57	18740	B38_6_months__29363_Clostridium_paraputrificum__k141_976	62817	81556	Clostridium	Clostridium paraputrificum
B39_1_month	k141_10882_1_checkv_181044-221412/412309	40369	B39_1_month__817_Bacteroides_fragilis__k141_10882	181044	221412	Bacteroides	Bacteroides fragilis
B39_1_month	k141_11267_phage286_2_17094_22_0.77	17093	B39_1_month__137838_Clostridium_neonatale__k141_11267	3	17095	Clostridium	Clostridium neonatale
B39_1_month	k141_12009_phage16_11403_32605_17_0.57	21203	B39_1_month__137838_Clostridium_neonatale__k141_12009	11404	32606	Clostridium	Clostridium neonatale
B39_1_month	k141_12433_1_checkv_44948-98927/196750	53980	B39_1_month__817_Bacteroides_fragilis__k141_12433	44948	98927	Bacteroides	Bacteroides fragilis
B39_1_month	k141_13409_1_checkv_6085-40491/80087	34407	B39_1_month__48296_Acinetobacter_pittii__k141_13409	6085	40491	Acinetobacter	Acinetobacter pittii
B39_1_month	k141_13969	66787	B39_1_month__47678_Bacteroides_caccae__k141_13969	1	66787	Bacteroides	Bacteroides caccae
B39_1_month	k141_14948	45205	B39_1_month__1680_Bifidobacterium_adolescentis__k141_14948	1	45205	Bifidobacterium	Bifidobacterium adolescentis
B39_1_month	k141_15204	11197	B39_1_month__712310_Haemophilus_sp._oral_taxon_036__k141_15204	1	11197	Haemophilus	Haemophilus sp. oral taxon 036
B39_1_month	k141_16502_phage169_2_26339_33_0.77	26338	B39_1_month__1502_Clostridium_perfringens__k141_16502	3	26340	Clostridium	Clostridium perfringens
B39_1_month	k141_16549_phage191_67364_83024_13_0.6	15661	B39_1_month__216816_Bifidobacterium_longum__k141_16549	67365	83025	Bifidobacterium	Bifidobacterium longum
B39_1_month	k141_16760	10524	B39_1_month__137838_Clostridium_neonatale__k141_16760	1	10524	Clostridium	Clostridium neonatale
B39_1_month	k141_16769	41788	B39_1_month__216816_Bifidobacterium_longum__k141_16769	1	41788	Bifidobacterium	Bifidobacterium longum
B39_1_month	k141_16793_phage244_466054_483248_13_0.6	17195	B39_1_month__817_Bacteroides_fragilis__k141_16793	466055	483249	Bacteroides	Bacteroides fragilis
B39_1_month	k141_17130_1_checkv_19056-45649/114994	26594	B39_1_month__216816_Bifidobacterium_longum__k141_17130	19056	45649	Bifidobacterium	Bifidobacterium longum
B39_1_month	k141_18107_1_checkv_70654-133769/133769	63116	B39_1_month__47678_Bacteroides_caccae__k141_18107	70654	133769	Bacteroides	Bacteroides caccae
B39_1_month	k141_18341_1_checkv_20352-57971/85615	37620	B39_1_month__48296_Acinetobacter_pittii__k141_18341	20352	57971	Acinetobacter	Acinetobacter pittii
B39_1_month	k141_19286	13102	B39_1_month__1290_Staphylococcus_hominis__k141_19286	1	13102	Staphylococcus	Staphylococcus hominis
B39_1_month	k141_19624	22892	B39_1_month__367928_Bifidobacterium_adolescentis__k141_19624	1	22892	Bifidobacterium	Bifidobacterium adolescentis
B39_1_month	k141_20032_phage273_69646_81581_24_0.76	11936	B39_1_month__137838_Clostridium_neonatale__k141_20032	69647	81582	Clostridium	Clostridium neonatale
B39_1_month	k141_21017	14736	B39_1_month__48296_Acinetobacter_pittii__k141_21017	1	14736	Acinetobacter	Acinetobacter pittii
B39_1_month	k141_21583_phage120_2_25161_49_0.8	25160	B39_1_month__28037_Streptococcus_mitis__k141_21583	3	25162	Streptococcus	Streptococcus mitis
B39_1_month	k141_2290_1_checkv_2122-40267/46613	38146	B39_1_month__28037_Streptococcus_mitis__k141_2290	2122	40267	Streptococcus	Streptococcus mitis
B39_1_month	k141_23071_phage301_1_38959_43_0.72	38959	B39_1_month__1502_Clostridium_perfringens__k141_23071	2	38960	Clostridium	Clostridium perfringens
B39_1_month	k141_23498_phage330_6558_18953_11_0.59	12396	B39_1_month__1768764_Streptococcus_sp._CCH5-D3__k141_23498	6559	18954	Streptococcus	Streptococcus sp. CCH5-D3
B39_1_month	k141_24034_phage20_1_17031_16_0.6	17031	B39_1_month__1502_Clostridium_perfringens__k141_24034	2	17032	Clostridium	Clostridium perfringens
B39_1_month	k141_24317_phage55_88066_109941_18_0.66	21876	B39_1_month__137838_Clostridium_neonatale__k141_24317	88067	109942	Clostridium	Clostridium neonatale
B39_1_month	k141_24515_phage69_12141_25724_15_0.56	13584	B39_1_month__47678_Bacteroides_caccae__k141_24515	12142	25725	Bacteroides	Bacteroides caccae
B39_1_month	k141_25163	19340	B39_1_month__137838_Clostridium_neonatale__k141_25163	1	19340	Clostridium	Clostridium neonatale
B39_1_month	k141_2544	32369	B39_1_month__1680_Bifidobacterium_adolescentis__k141_2544	1	32369	Bifidobacterium	Bifidobacterium adolescentis
B39_1_month	k141_26388_1_checkv_79539-114751/114751	35213	B39_1_month__48296_Acinetobacter_pittii__k141_26388	79539	114751	Acinetobacter	Acinetobacter pittii
B39_1_month	k141_26947_phage7_34024_50337_20_0.75	16314	B39_1_month__137838_Clostridium_neonatale__k141_26947	34025	50338	Clostridium	Clostridium neonatale
B39_1_month	k141_29430_1_checkv_68991-107269/120752	38279	B39_1_month__1689_Bifidobacterium_dentium__k141_29430	68991	107269	Bifidobacterium	Bifidobacterium dentium
B39_1_month	k141_31503_phage233_2180_32474_36_0.66	30295	B39_1_month__1502_Clostridium_perfringens__k141_31503	2181	32475	Clostridium	Clostridium perfringens
B39_1_month	k141_33746	23443	B39_1_month__1328_Streptococcus_anginosus__k141_33746	1	23443	Streptococcus	Streptococcus anginosus
B39_1_month	k141_35049_phage283_2738_13213_18_0.73	10476	B39_1_month__1502_Clostridium_perfringens__k141_35049	2739	13214	Clostridium	Clostridium perfringens
B39_1_month	k141_35783_phage356_23335_78558_61_0.75	55224	B39_1_month__137838_Clostridium_neonatale__k141_35783	23336	78559	Clostridium	Clostridium neonatale
B39_1_month	k141_36375_1_checkv_25824-68497/152478	42674	B39_1_month__1502943_Veillonella_seminalis__k141_36375	25824	68497	Veillonella	Veillonella seminalis
B39_1_month	k141_3642_1_checkv_93246-128262/128262	35017	B39_1_month__735_Haemophilus_parahaemolyticus__k141_3642	93246	128262	Haemophilus	Haemophilus parahaemolyticus
B39_1_month	k141_36487_1_checkv_158085-178164/178164	20080	B39_1_month__1150423_Bifidobacterium_dentium__k141_36487	158085	178164	Bifidobacterium	Bifidobacterium dentium
B39_1_month	k141_36851_1_checkv_2247-16760/16760	14514	B39_1_month__1768764_Streptococcus_sp._CCH5-D3__k141_36851	2247	16760	Streptococcus	Streptococcus sp. CCH5-D3
B39_1_month	k141_37017	23919	B39_1_month__735_Haemophilus_parahaemolyticus__k141_37017	1	23919	Haemophilus	Haemophilus parahaemolyticus
B39_1_month	k141_3782	23306	B39_1_month__735_Haemophilus_parahaemolyticus__k141_3782	1	23306	Haemophilus	Haemophilus parahaemolyticus
B39_1_month	k141_38006_phage325_1864_14652_15_0.54	12789	B39_1_month__1502_Clostridium_perfringens__k141_38006	1865	14653	Clostridium	Clostridium perfringens
B39_1_month	k141_38642	13711	B39_1_month__1502_Clostridium_perfringens__k141_38642	1	13711	Clostridium	Clostridium perfringens
B39_1_month	k141_39147	33893	B39_1_month__1328_Streptococcus_anginosus__k141_39147	1	33893	Streptococcus	Streptococcus anginosus
B39_1_month	k141_39148	22280	B39_1_month__137838_Clostridium_neonatale__k141_39148	1	22280	Clostridium	Clostridium neonatale
B39_1_month	k141_39852	10565	B39_1_month__1282_Staphylococcus_epidermidis__k141_39852	1	10565	Staphylococcus	Staphylococcus epidermidis
B39_1_month	k141_40061_1_checkv_10503-28190/53961	17688	B39_1_month__1689_Bifidobacterium_dentium__k141_40061	10503	28190	Bifidobacterium	Bifidobacterium dentium
B39_1_month	k141_41132_phage338_8427_35294_27_0.57	26868	B39_1_month__137838_Clostridium_neonatale__k141_41132	8428	35295	Clostridium	Clostridium neonatale
B39_1_month	k141_41743_1_checkv_135065-175490/195255	40426	B39_1_month__48296_Acinetobacter_pittii__k141_41743	135065	175490	Acinetobacter	Acinetobacter pittii
B39_1_month	k141_41744_phage362_21963_37456_13_0.51	15494	B39_1_month__137838_Clostridium_neonatale__k141_41744	21964	37457	Clostridium	Clostridium neonatale
B39_1_month	k141_42133	11468	B39_1_month__1328_Streptococcus_anginosus__k141_42133	1	11468	Streptococcus	Streptococcus anginosus
B39_1_month	k141_42171_1_checkv_53911-85394/85394	31484	B39_1_month__3018540_Veillonella_seminalis__k141_42171	53911	85394	Veillonella	Veillonella seminalis
B39_1_month	k141_42209	17838	B39_1_month__1328_Streptococcus_anginosus__k141_42209	1	17838	Streptococcus	Streptococcus anginosus
B39_1_month	k141_42885_phage153_218912_238346_17_0.63	19435	B39_1_month__47678_Bacteroides_caccae__k141_42885	218913	238347	Bacteroides	Bacteroides caccae
B39_1_month	k141_43493	35821	B39_1_month__1128111_Veillonella_atypica__k141_43493	1	35821	Veillonella	Veillonella atypica
B39_1_month	k141_43674_phage239_245_16298_30_0.71	16054	B39_1_month__137838_Clostridium_neonatale__k141_43674	246	16299	Clostridium	Clostridium neonatale
B39_1_month	k141_45317_1_checkv_34506-50864/50864	16359	B39_1_month__48296_Acinetobacter_pittii__k141_45317	34506	50864	Acinetobacter	Acinetobacter pittii
B39_1_month	k141_45409	39681	B39_1_month__48296_Acinetobacter_pittii__k141_45409	1	39681	Acinetobacter	Acinetobacter pittii
B39_1_month	k141_47586_phage319_42_38610_56_0.77	38569	B39_1_month__1318_Streptococcus_parasanguinis__k141_47586	43	38611	Streptococcus	Streptococcus parasanguinis
B39_1_month	k141_5600	11844	B39_1_month__48296_Acinetobacter_pittii__k141_5600	1	11844	Acinetobacter	Acinetobacter pittii
B39_1_month	k141_5767_1_checkv_1-56906/60601	56906	B39_1_month__48296_Acinetobacter_pittii__k141_5767	1	56906	Acinetobacter	Acinetobacter pittii
B39_1_month	k141_7007	23669	B39_1_month__817_Bacteroides_fragilis__k141_7007	1	23669	Bacteroides	Bacteroides fragilis
B39_1_month	k141_7399	13950	B39_1_month__712310_Haemophilus_sp._oral_taxon_036__k141_7399	1	13950	Haemophilus	Haemophilus sp. oral taxon 036
B39_1_month	k141_8262_1_checkv_24474-43742/43742	19269	B39_1_month__1768764_Streptococcus_sp._CCH5-D3__k141_8262	24474	43742	Streptococcus	Streptococcus sp. CCH5-D3
B39_6_months	k141_10233_phage218_1_21644_23_0.76	21644	B39_6_months__137838_Clostridium_neonatale__k141_10233	2	21645	Clostridium	Clostridium neonatale
B39_6_months	k141_10652_1_checkv_1-12774/20210	12774	B39_6_months__2022662_Superficieibacter_electus__k141_10652	1	12774	Superficieibacter	Superficieibacter electus
B39_6_months	k141_11854_phage95_76825_109559_40_0.57	32735	B39_6_months__216816_Bifidobacterium_longum__k141_11854	76826	109560	Bifidobacterium	Bifidobacterium longum
B39_6_months	k141_12259_phage198_11990_43004_30_0.66	31015	B39_6_months__137838_Clostridium_neonatale__k141_12259	11991	43005	Clostridium	Clostridium neonatale
B39_6_months	k141_12670_phage280_28314_63643_30_0.74	35330	B39_6_months__137838_Clostridium_neonatale__k141_12670	28315	63644	Clostridium	Clostridium neonatale
B39_6_months	k141_13927_1_checkv_97507-151755/293685	54249	B39_6_months__817_Bacteroides_fragilis__k141_13927	97507	151755	Bacteroides	Bacteroides fragilis
B39_6_months	k141_14568	47002	B39_6_months__47678_Bacteroides_caccae__k141_14568	1	47002	Bacteroides	Bacteroides caccae
B39_6_months	k141_14650_phage182_1_17546_24_0.86	17546	B39_6_months__137838_Clostridium_neonatale__k141_14650	2	17547	Clostridium	Clostridium neonatale
B39_6_months	k141_14752	23768	B39_6_months__105841_Anaerostipes_caccae__k141_14752	1	23768	Anaerostipes	Anaerostipes caccae
B39_6_months	k141_14872_phage219_311_10794_10_0.77	10484	B39_6_months__137838_Clostridium_neonatale__k141_14872	312	10795	Clostridium	Clostridium neonatale
B39_6_months	k141_14907	20397	B39_6_months__105841_Anaerostipes_caccae__k141_14907	1	20397	Anaerostipes	Anaerostipes caccae
B39_6_months	k141_15507_phage309_31551_54378_24_0.52	22828	B39_6_months__137838_Clostridium_neonatale__k141_15507	31552	54379	Clostridium	Clostridium neonatale
B39_6_months	k141_15635_phage328_8476_22736_12_0.73	14261	B39_6_months__1496_Clostridioides_difficile__k141_15635	8477	22737	Clostridioides	Clostridioides difficile
B39_6_months	k141_16199	15553	B39_6_months__2022662_Superficieibacter_electus__k141_16199	1	15553	Superficieibacter	Superficieibacter electus
B39_6_months	k141_16691_1_checkv_8046-42864/52323	34819	B39_6_months__48296_Acinetobacter_pittii__k141_16691	8046	42864	Acinetobacter	Acinetobacter pittii
B39_6_months	k141_16815_phage115_44161_63540_17_0.61	19380	B39_6_months__47678_Bacteroides_caccae__k141_16815	44162	63541	Bacteroides	Bacteroides caccae
B39_6_months	k141_17045_phage194_7520_18090_13_0.6	10571	B39_6_months__435842_Streptococcus_sp._C150__k141_17045	7521	18091	Streptococcus	Streptococcus sp. C150
B39_6_months	k141_17364_1_checkv_526756-559318/580825	32563	B39_6_months__47678_Bacteroides_caccae__k141_17364	526756	559318	Bacteroides	Bacteroides caccae
B39_6_months	k141_17483	12639	B39_6_months__1496_Clostridioides_difficile__k141_17483	1	12639	Clostridioides	Clostridioides difficile
B39_6_months	k141_17665	10114	B39_6_months__2022662_Superficieibacter_electus__k141_17665	1	10114	Superficieibacter	Superficieibacter electus
B39_6_months	k141_18020_phage374_35095_55493_34_0.82	20399	B39_6_months__137838_Clostridium_neonatale__k141_18020	35096	55494	Clostridium	Clostridium neonatale
B39_6_months	k141_19740	22685	B39_6_months__48296_Acinetobacter_pittii__k141_19740	1	22685	Acinetobacter	Acinetobacter pittii
B39_6_months	k141_19882_phage358_1_25552_30_0.71	25552	B39_6_months__137838_Clostridium_neonatale__k141_19882	2	25553	Clostridium	Clostridium neonatale
B39_6_months	k141_21252_1_checkv_34322-51250/51250	16929	B39_6_months__2022662_Superficieibacter_electus__k141_21252	34322	51250	Superficieibacter	Superficieibacter electus
B39_6_months	k141_21462_1_checkv_134708-175133/194078	40426	B39_6_months__48296_Acinetobacter_pittii__k141_21462	134708	175133	Acinetobacter	Acinetobacter pittii
B39_6_months	k141_2162_phage282_3_13303_13_0.71	13301	B39_6_months__2022662_Superficieibacter_electus__k141_2162	4	13304	Superficieibacter	Superficieibacter electus
B39_6_months	k141_21658	29334	B39_6_months__1502943_Veillonella_seminalis__k141_21658	1	29334	Veillonella	Veillonella seminalis
B39_6_months	k141_22061_phage380_4175_34475_33_0.7	30301	B39_6_months__137838_Clostridium_neonatale__k141_22061	4176	34476	Clostridium	Clostridium neonatale
B39_6_months	k141_22746_phage418_2_10036_16_0.89	10035	B39_6_months__137838_Clostridium_neonatale__k141_22746	3	10037	Clostridium	Clostridium neonatale
B39_6_months	k141_23260_phage100_1_11657_15_0.81	11657	B39_6_months__1496_Clostridioides_difficile__k141_23260	2	11658	Clostridioides	Clostridioides difficile
B39_6_months	k141_23460_phage145_136414_155549_19_0.77	19136	B39_6_months__137838_Clostridium_neonatale__k141_23460	136415	155550	Clostridium	Clostridium neonatale
B39_6_months	k141_23795	11905	B39_6_months__137838_Clostridium_neonatale__k141_23795	1	11905	Clostridium	Clostridium neonatale
B39_6_months	k141_24066	53905	B39_6_months__1502943_Veillonella_seminalis__k141_24066	1	53905	Veillonella	Veillonella seminalis
B39_6_months	k141_240_phage11_3_13293_25_0.91	13290	B39_6_months__1496_Clostridioides_difficile__k141_240	4	13293	Clostridioides	Clostridioides difficile
B39_6_months	k141_25678_phage79_718_19391_20_0.83	18674	B39_6_months__137838_Clostridium_neonatale__k141_25678	719	19392	Clostridium	Clostridium neonatale
B39_6_months	k141_26060_phage141_13686_23751_12_0.56	10066	B39_6_months__47678_Bacteroides_caccae__k141_26060	13687	23752	Bacteroides	Bacteroides caccae
B39_6_months	k141_263_phage16_135_13264_21_0.77	13130	B39_6_months__48296_Acinetobacter_pittii__k141_263	136	13265	Acinetobacter	Acinetobacter pittii
B39_6_months	k141_27873_phage70_2_31113_45_0.86	31112	B39_6_months__137838_Clostridium_neonatale__k141_27873	3	31114	Clostridium	Clostridium neonatale
B39_6_months	k141_28077_phage90_4345_23397_21_0.57	19053	B39_6_months__137838_Clostridium_neonatale__k141_28077	4346	23398	Clostridium	Clostridium neonatale
B39_6_months	k141_28701	21350	B39_6_months__2022662_Superficieibacter_electus__k141_28701	1	21350	Superficieibacter	Superficieibacter electus
B39_6_months	k141_29958	38316	B39_6_months__48296_Acinetobacter_pittii__k141_29958	1	38316	Acinetobacter	Acinetobacter pittii
B39_6_months	k141_30139_phage57_28378_44832_16_0.73	16455	B39_6_months__137838_Clostridium_neonatale__k141_30139	28379	44833	Clostridium	Clostridium neonatale
B39_6_months	k141_30152	23397	B39_6_months__137838_Clostridium_neonatale__k141_30152	1	23397	Clostridium	Clostridium neonatale
B39_6_months	k141_302	10414	B39_6_months__3018540_Veillonella_seminalis__k141_302	1	10414	Veillonella	Veillonella seminalis
B39_6_months	k141_30287_phage113_6427_25460_19_0.66	19034	B39_6_months__1496_Clostridioides_difficile__k141_30287	6428	25461	Clostridioides	Clostridioides difficile
B39_6_months	k141_3041_1_checkv_8270-24555/74067	16286	B39_6_months__435842_Streptococcus_sp._C150__k141_3041	8270	24555	Streptococcus	Streptococcus sp. C150
B39_6_months	k141_30669_phage179_26843_39244_10_0.54	12402	B39_6_months__137838_Clostridium_neonatale__k141_30669	26844	39245	Clostridium	Clostridium neonatale
B39_6_months	k141_31282	20833	B39_6_months__2022662_Superficieibacter_electus__k141_31282	1	20833	Superficieibacter	Superficieibacter electus
B39_6_months	k141_32281	34891	B39_6_months__435842_Streptococcus_sp._C150__k141_32281	1	34891	Streptococcus	Streptococcus sp. C150
B39_6_months	k141_32358_phage72_184_11656_14_0.76	11473	B39_6_months__48296_Acinetobacter_pittii__k141_32358	185	11657	Acinetobacter	Acinetobacter pittii
B39_6_months	k141_32447_phage93_1_12039_11_0.66	12039	B39_6_months__137838_Clostridium_neonatale__k141_32447	2	12040	Clostridium	Clostridium neonatale
B39_6_months	k141_32455	10482	B39_6_months__48296_Acinetobacter_pittii__k141_32455	1	10482	Acinetobacter	Acinetobacter pittii
B39_6_months	k141_33452_phage293_146_21528_12_0.86	21383	B39_6_months__216816_Bifidobacterium_longum__k141_33452	147	21529	Bifidobacterium	Bifidobacterium longum
B39_6_months	k141_33668	26270	B39_6_months__48296_Acinetobacter_pittii__k141_33668	1	26270	Acinetobacter	Acinetobacter pittii
B39_6_months	k141_34410_phage8_1_20100_26_0.66	20100	B39_6_months__47678_Bacteroides_caccae__k141_34410	2	20101	Bacteroides	Bacteroides caccae
B39_6_months	k141_34768	13975	B39_6_months__137838_Clostridium_neonatale__k141_34768	1	13975	Clostridium	Clostridium neonatale
B39_6_months	k141_36909_phage49_162_32232_36_0.71	32071	B39_6_months__137838_Clostridium_neonatale__k141_36909	163	32233	Clostridium	Clostridium neonatale
B39_6_months	k141_37851_1_checkv_52584-84019/84019	31436	B39_6_months__1502943_Veillonella_seminalis__k141_37851	52584	84019	Veillonella	Veillonella seminalis
B39_6_months	k141_37909_1_checkv_177036-213522/284700	36487	B39_6_months__47678_Bacteroides_caccae__k141_37909	177036	213522	Bacteroides	Bacteroides caccae
B39_6_months	k141_39136_1_checkv_186457-224008/293161	37552	B39_6_months__244366_Klebsiella_variicola__k141_39136	186457	224008	Klebsiella	Klebsiella variicola
B39_6_months	k141_39223_1_checkv_72718-87937/87937	15220	B39_6_months__47678_Bacteroides_caccae__k141_39223	72718	87937	Bacteroides	Bacteroides caccae
B39_6_months	k141_40599_phage324_245_16298_30_0.86	16054	B39_6_months__137838_Clostridium_neonatale__k141_40599	246	16299	Clostridium	Clostridium neonatale
B39_6_months	k141_41307_phage18_2_30424_24_0.67	30423	B39_6_months__137838_Clostridium_neonatale__k141_41307	3	30425	Clostridium	Clostridium neonatale
B39_6_months	k141_41804	15131	B39_6_months__2022662_Superficieibacter_electus__k141_41804	1	15131	Superficieibacter	Superficieibacter electus
B39_6_months	k141_42096	22280	B39_6_months__137838_Clostridium_neonatale__k141_42096	1	22280	Clostridium	Clostridium neonatale
B39_6_months	k141_42237	18521	B39_6_months__83427_uncultured_Streptococcus_sp.__k141_42237	1	18521	Streptococcus	uncultured Streptococcus sp.
B39_6_months	k141_43615_1_checkv_669521-709582/841591	40062	B39_6_months__244366_Klebsiella_variicola__k141_43615	669521	709582	Klebsiella	Klebsiella variicola
B39_6_months	k141_44000	41789	B39_6_months__216816_Bifidobacterium_longum__k141_44000	1	41789	Bifidobacterium	Bifidobacterium longum
B39_6_months	k141_44582_phage268_168_18732_21_0.75	18565	B39_6_months__137838_Clostridium_neonatale__k141_44582	169	18733	Clostridium	Clostridium neonatale
B39_6_months	k141_4527_phage363_1_10801_14_0.7	10801	B39_6_months__137838_Clostridium_neonatale__k141_4527	2	10802	Clostridium	Clostridium neonatale
B39_6_months	k141_45732_phage386_1_18657_16_0.74	18657	B39_6_months__48296_Acinetobacter_pittii__k141_45732	2	18658	Acinetobacter	Acinetobacter pittii
B39_6_months	k141_45732_phage387_21244_31631_21_0.62	10388	B39_6_months__48296_Acinetobacter_pittii__k141_45732	21245	31632	Acinetobacter	Acinetobacter pittii
B39_6_months	k141_45732_phage392_86262_97355_22_0.6	11094	B39_6_months__48296_Acinetobacter_pittii__k141_45732	86263	97356	Acinetobacter	Acinetobacter pittii
B39_6_months	k141_45732_phage394_133468_144606_11_0.67	11139	B39_6_months__48296_Acinetobacter_pittii__k141_45732	133469	144607	Acinetobacter	Acinetobacter pittii
B39_6_months	k141_547_phage65_116_21756_32_0.83	21641	B39_6_months__137838_Clostridium_neonatale__k141_547	117	21757	Clostridium	Clostridium neonatale
B39_6_months	k141_6041_phage241_144_25079_24_0.59	24936	B39_6_months__137838_Clostridium_neonatale__k141_6041	145	25080	Clostridium	Clostridium neonatale
B39_6_months	k141_6196_1_checkv_1-11134/15237	11134	B39_6_months__137838_Clostridium_neonatale__k141_6196	1	11134	Clostridium	Clostridium neonatale
B39_6_months	k141_6613_phage378_71028_86435_13_0.64	15408	B39_6_months__435842_Streptococcus_sp._C150__k141_6613	71029	86436	Streptococcus	Streptococcus sp. C150
B39_6_months	k141_7774_1_checkv_1-30740/41263	30740	B39_6_months__2022662_Superficieibacter_electus__k141_7774	1	30740	Superficieibacter	Superficieibacter electus
B39_6_months	k141_7847	26080	B39_6_months__2022662_Superficieibacter_electus__k141_7847	1	26080	Superficieibacter	Superficieibacter electus
B39_6_months	k141_8491_1_checkv_12278-47116/49923	34839	B39_6_months__48296_Acinetobacter_pittii__k141_8491	12278	47116	Acinetobacter	Acinetobacter pittii
B39_6_months	k141_9251_1_checkv_17198-55580/65536	38383	B39_6_months__83427_uncultured_Streptococcus_sp.__k141_9251	17198	55580	Streptococcus	uncultured Streptococcus sp.
B39_6_months	k141_9290_1_checkv_22400-77476/330693	55077	B39_6_months__244366_Klebsiella_variicola__k141_9290	22400	77476	Klebsiella	Klebsiella variicola
B39_6_months	k141_9714_phage116_1_18033_22_0.85	18032	B39_6_months__137838_Clostridium_neonatale__k141_9714	2	18033	Clostridium	Clostridium neonatale
B40_12_months	k141_14170_phage423_3_26887_25_0.63	26885	B40_12_months__1559_Clostridium_tertium__k141_14170	4	26888	Clostridium	Clostridium tertium
B40_12_months	k141_2327_phage316_846_11333_14_0.59	10488	B40_12_months__88431_Dorea_longicatena__k141_2327	847	11334	Dorea	Dorea longicatena
B40_12_months	k141_27905_phage704_79774_108460_30_0.59	28687	B40_12_months__1559_Clostridium_tertium__k141_27905	79775	108461	Clostridium	Clostridium tertium
B40_12_months	k141_29207	23338	B40_12_months__418240_Blautia_wexlerae__k141_29207	1	23338	Blautia	Blautia wexlerae
B40_12_months	k141_30407	31516	B40_12_months__649756_Anaerostipes_hadrus__k141_30407	1	31516	Anaerostipes	Anaerostipes hadrus
B40_12_months	k141_334	29435	B40_12_months__53345_Enterococcus_durans__k141_334	1	29435	Enterococcus	Enterococcus durans
B40_12_months	k141_34247_1_checkv_83781-122188/132394	38408	B40_12_months__53345_Enterococcus_durans__k141_34247	83781	122188	Enterococcus	Enterococcus durans
B40_12_months	k141_36607_1_checkv_9835-42501/42501	32667	B40_12_months__53345_Enterococcus_durans__k141_36607	9835	42501	Enterococcus	Enterococcus durans
B40_12_months	k141_37546	36068	B40_12_months__88431_Dorea_longicatena__k141_37546	1	36068	Dorea	Dorea longicatena
B40_12_months	k141_39126_phage541_3936_24666_18_0.55	20731	B40_12_months__1559_Clostridium_tertium__k141_39126	3937	24667	Clostridium	Clostridium tertium
B40_12_months	k141_43656	12793	B40_12_months__1559_Clostridium_tertium__k141_43656	1	12793	Clostridium	Clostridium tertium
B40_12_months	k141_45489_1_checkv_45517-86855/86855	41339	B40_12_months__116085_Coprococcus_catus__k141_45489	45517	86855	Coprococcus	Coprococcus catus
B40_12_months	k141_46725_phage835_2768_37126_59_0.73	34359	B40_12_months__116085_Coprococcus_catus__k141_46725	2769	37127	Coprococcus	Coprococcus catus
B40_12_months	k141_48242	16492	B40_12_months__53345_Enterococcus_durans__k141_48242	1	16492	Enterococcus	Enterococcus durans
B40_12_months	k141_52523	11590	B40_12_months__1597_Lacticaseibacillus_paracasei__k141_52523	1	11590	Lacticaseibacillus	Lacticaseibacillus paracasei
B40_12_months	k141_52754	48023	B40_12_months__418240_Blautia_wexlerae__k141_52754	1	48023	Blautia	Blautia wexlerae
B40_12_months	k141_56022	42022	B40_12_months__249061_uncultured_Actinomyces_sp.__k141_56022	1	42022	Actinomyces	uncultured Actinomyces sp.
B40_12_months	k141_61749_phage463_173_19769_16_0.69	19597	B40_12_months__418240_Blautia_wexlerae__k141_61749	174	19770	Blautia	Blautia wexlerae
B40_12_months	k141_64590	59847	B40_12_months__649756_Anaerostipes_hadrus__k141_64590	1	59847	Anaerostipes	Anaerostipes hadrus
B40_12_months	k141_65496	18808	B40_12_months__249061_uncultured_Actinomyces_sp.__k141_65496	1	18808	Actinomyces	uncultured Actinomyces sp.
B40_12_months	k141_66879	36901	B40_12_months__53345_Enterococcus_durans__k141_66879	1	36901	Enterococcus	Enterococcus durans
B40_12_months	k141_67564	14950	B40_12_months__249061_uncultured_Actinomyces_sp.__k141_67564	1	14950	Actinomyces	uncultured Actinomyces sp.
B40_12_months	k141_6911_phage176_1_16001_12_0.86	16001	B40_12_months__1559_Clostridium_tertium__k141_6911	2	16002	Clostridium	Clostridium tertium
B40_12_months	k141_71405_phage158_2_26087_26_0.66	26086	B40_12_months__1559_Clostridium_tertium__k141_71405	3	26088	Clostridium	Clostridium tertium
B40_12_months	k141_71673	11017	B40_12_months__249061_uncultured_Actinomyces_sp.__k141_71673	1	11017	Actinomyces	uncultured Actinomyces sp.
B40_12_months	k141_72481	22942	B40_12_months__418240_Blautia_wexlerae__k141_72481	1	22942	Blautia	Blautia wexlerae
B40_12_months	k141_74114_2_checkv_24146-39915/39915	15770	B40_12_months__1597_Lacticaseibacillus_paracasei__k141_74114	24146	39915	Lacticaseibacillus	Lacticaseibacillus paracasei
B40_12_months	k141_76455_phage46_1_12920_13_0.77	12920	B40_12_months__1559_Clostridium_tertium__k141_76455	2	12921	Clostridium	Clostridium tertium
B40_12_months	k141_85181	19066	B40_12_months__249061_uncultured_Actinomyces_sp.__k141_85181	1	19066	Actinomyces	uncultured Actinomyces sp.
B40_12_months	k141_87994_phage14_12156_23949_20_0.71	11793	B40_12_months__649756_Anaerostipes_hadrus__k141_87994	12157	23949	Anaerostipes	Anaerostipes hadrus
B40_12_months	k141_90253	25773	B40_12_months__649756_Anaerostipes_hadrus__k141_90253	1	25773	Anaerostipes	Anaerostipes hadrus
B40_12_months	k141_93234_phage753_16287_33984_18_0.59	17698	B40_12_months__1559_Clostridium_tertium__k141_93234	16288	33985	Clostridium	Clostridium tertium
B41_12_months	k141_100428_phage386_51984_62345_12_0.56	10362	B41_12_months__1912855_Faecalimonas_umbilicata__k141_100428	51985	62346	Faecalimonas	Faecalimonas umbilicata
B41_12_months	k141_101077_phage481_186_24792_20_0.56	24607	B41_12_months__1335613_Gordonibacter_urolithinfaciens__k141_101077	187	24793	Gordonibacter	Gordonibacter urolithinfaciens
B41_12_months	k141_101285_phage521_121082_159745_37_0.72	38664	B41_12_months__1262839_Clostridium_sp._CAG:780__k141_101285	121083	159746	Clostridium	Clostridium sp. CAG:780
B41_12_months	k141_10169_phage451_56109_74684_17_0.58	18576	B41_12_months__1262839_Clostridium_sp._CAG:780__k141_10169	56110	74685	Clostridium	Clostridium sp. CAG:780
B41_12_months	k141_105051_phage1015_26486_37444_11_0.63	10959	B41_12_months__187326_Megasphaera_micronuciformis__k141_105051	26487	37445	Megasphaera	Megasphaera micronuciformis
B41_12_months	k141_107142_phage264_2_10684_10_0.54	10683	B41_12_months__1502_Clostridium_perfringens__k141_107142	3	10685	Clostridium	Clostridium perfringens
B41_12_months	k141_107951_phage341_252_25340_22_0.53	25089	B41_12_months__28025_Bifidobacterium_animalis__k141_107951	253	25341	Bifidobacterium	Bifidobacterium animalis
B41_12_months	k141_108016_phage359_14717_28898_13_0.54	14182	B41_12_months__1502_Clostridium_perfringens__k141_108016	14718	28899	Clostridium	Clostridium perfringens
B41_12_months	k141_108797	20537	B41_12_months__105841_Anaerostipes_caccae__k141_108797	1	20537	Anaerostipes	Anaerostipes caccae
B41_12_months	k141_110659	15356	B41_12_months__1492_Clostridium_butyricum__k141_110659	1	15356	Clostridium	Clostridium butyricum
B41_12_months	k141_111730	34888	B41_12_months__187326_Megasphaera_micronuciformis__k141_111730	1	34888	Megasphaera	Megasphaera micronuciformis
B41_12_months	k141_115692_phage456_1_12727_28_0.71	12727	B41_12_months__1912855_Faecalimonas_umbilicata__k141_115692	2	12728	Faecalimonas	Faecalimonas umbilicata
B41_12_months	k141_116893	16437	B41_12_months__1496_Clostridioides_difficile__k141_116893	1	16437	Clostridioides	Clostridioides difficile
B41_12_months	k141_118188_phage788_1_21988_31_0.73	21988	B41_12_months__411470_[Ruminococcus]_gnavus__k141_118188	2	21989	Mediterraneibacter	[Ruminococcus] gnavus
B41_12_months	k141_12529_1_checkv_1-33926/217608	33926	B41_12_months__1522_[Clostridium]_innocuum__k141_12529	1	33926	Erysipelatoclostridium	[Clostridium] innocuum
B41_12_months	k141_12529_phage803_6238_39104_48_0.8	32867	B41_12_months__1522_[Clostridium]_innocuum__k141_12529	6239	39105	Erysipelatoclostridium	[Clostridium] innocuum
B41_12_months	k141_12606	93293	B41_12_months__360807_Roseburia_inulinivorans__k141_12606	1	93293	Roseburia	Roseburia inulinivorans
B41_12_months	k141_13266_1_checkv_12444-66774/148992	54331	B41_12_months__360807_Roseburia_inulinivorans__k141_13266	12444	66774	Roseburia	Roseburia inulinivorans
B41_12_months	k141_13443_1_checkv_14737-36880/36880	22144	B41_12_months__571_Klebsiella_oxytoca__k141_13443	14737	36880	Klebsiella	Klebsiella oxytoca
B41_12_months	k141_1368_1_checkv_1-39444/42246	39444	B41_12_months__159268_uncultured_Veillonella_sp.__k141_1368	1	39444	Veillonella	uncultured Veillonella sp.
B41_12_months	k141_13716	30371	B41_12_months__166486_Roseburia_intestinalis__k141_13716	1	30371	Roseburia	Roseburia intestinalis
B41_12_months	k141_17387	23800	B41_12_months__573_Klebsiella_pneumoniae__k141_17387	1	23800	Klebsiella	Klebsiella pneumoniae
B41_12_months	k141_18412	18142	B41_12_months__571_Klebsiella_oxytoca__k141_18412	1	18142	Klebsiella	Klebsiella oxytoca
B41_12_months	k141_18515	12660	B41_12_months__1628085_Agathobaculum_butyriciproducens__k141_18515	1	12660	Agathobaculum	Agathobaculum butyriciproducens
B41_12_months	k141_18762_1_checkv_28571-63015/109301	34445	B41_12_months__29361_Tyzzerella_nexilis__k141_18762	28571	63015	Tyzzerella	Tyzzerella nexilis
B41_12_months	k141_18762_2_checkv_99237-109301/109301	10065	B41_12_months__29361_Tyzzerella_nexilis__k141_18762	99237	109301	Tyzzerella	Tyzzerella nexilis
B41_12_months	k141_18958_1_checkv_49169-94292/98689	45124	B41_12_months__187326_Megasphaera_micronuciformis__k141_18958	49169	94292	Megasphaera	Megasphaera micronuciformis
B41_12_months	k141_19477	57975	B41_12_months__2305242_Clostridium_sp._AM34-11AC__k141_19477	1	57975	Clostridium	Clostridium sp. AM34-11AC
B41_12_months	k141_19925	40051	B41_12_months__216816_Bifidobacterium_longum__k141_19925	1	40051	Bifidobacterium	Bifidobacterium longum
B41_12_months	k141_21228_phage862_1827_20455_16_0.68	18629	B41_12_months__1496_Clostridioides_difficile__k141_21228	1828	20456	Clostridioides	Clostridioides difficile
B41_12_months	k141_24302	31149	B41_12_months__571_Klebsiella_oxytoca__k141_24302	1	31149	Klebsiella	Klebsiella oxytoca
B41_12_months	k141_24321_phage273_18114_33440_10_0.59	15327	B41_12_months__1579_Lactobacillus_acidophilus__k141_24321	18115	33441	Lactobacillus	Lactobacillus acidophilus
B41_12_months	k141_24464_phage289_1_10649_12_0.71	10649	B41_12_months__1351_Enterococcus_faecalis__k141_24464	2	10650	Enterococcus	Enterococcus faecalis
B41_12_months	k141_25443	10309	B41_12_months__33039_[Ruminococcus]_torques__k141_25443	1	10309	Mediterraneibacter	[Ruminococcus] torques
B41_12_months	k141_25974_phage515_45_11384_19_0.72	11340	B41_12_months__137838_Clostridium_neonatale__k141_25974	46	11385	Clostridium	Clostridium neonatale
B41_12_months	k141_26211_1_checkv_1-16307/21460	16307	B41_12_months__571_Klebsiella_oxytoca__k141_26211	1	16307	Klebsiella	Klebsiella oxytoca
B41_12_months	k141_27055_1_checkv_34184-68346/156141	34163	B41_12_months__216816_Bifidobacterium_longum__k141_27055	34184	68346	Bifidobacterium	Bifidobacterium longum
B41_12_months	k141_27451_phage761_3_10351_16_0.7	10349	B41_12_months__1628085_Agathobaculum_butyriciproducens__k141_27451	4	10352	Agathobaculum	Agathobaculum butyriciproducens
B41_12_months	k141_27557	24845	B41_12_months__1628085_Agathobaculum_butyriciproducens__k141_27557	1	24845	Agathobaculum	Agathobaculum butyriciproducens
B41_12_months	k141_29711	12960	B41_12_months__342942_Mediterraneibacter_glycyrrhizinilyticus__k141_29711	1	12960	Mediterraneibacter	Mediterraneibacter glycyrrhizinilyticus
B41_12_months	k141_29720_phage1043_62_14951_11_0.66	14890	B41_12_months__1502_Clostridium_perfringens__k141_29720	63	14952	Clostridium	Clostridium perfringens
B41_12_months	k141_30987_1_checkv_10731-26913/26913	16183	B41_12_months__571_Klebsiella_oxytoca__k141_30987	10731	26913	Klebsiella	Klebsiella oxytoca
B41_12_months	k141_31285_phage164_184589_211499_22_0.68	26911	B41_12_months__1262839_Clostridium_sp._CAG:780__k141_31285	184590	211500	Clostridium	Clostridium sp. CAG:780
B41_12_months	k141_31716_phage235_1_24586_26_0.73	24586	B41_12_months__1496_Clostridioides_difficile__k141_31716	2	24587	Clostridioides	Clostridioides difficile
B41_12_months	k141_3423_phage474_18047_28525_10_0.8	10479	B41_12_months__1492_Clostridium_butyricum__k141_3423	18048	28526	Clostridium	Clostridium butyricum
B41_12_months	k141_34600	11418	B41_12_months__47715_Lacticaseibacillus_rhamnosus__k141_34600	1	11418	Lacticaseibacillus	Lacticaseibacillus rhamnosus
B41_12_months	k141_35228	60770	B41_12_months__216816_Bifidobacterium_longum__k141_35228	1	60770	Bifidobacterium	Bifidobacterium longum
B41_12_months	k141_35845_phage801_2_24164_29_0.72	24163	B41_12_months__105841_Anaerostipes_caccae__k141_35845	3	24165	Anaerostipes	Anaerostipes caccae
B41_12_months	k141_37192	21332	B41_12_months__1496_Clostridioides_difficile__k141_37192	1	21332	Clostridioides	Clostridioides difficile
B41_12_months	k141_37979	12327	B41_12_months__33038_[Ruminococcus]_gnavus__k141_37979	1	12327	Mediterraneibacter	[Ruminococcus] gnavus
B41_12_months	k141_38354	19175	B41_12_months__1628085_Agathobaculum_butyriciproducens__k141_38354	1	19175	Agathobaculum	Agathobaculum butyriciproducens
B41_12_months	k141_38944_phage225_2_13469_11_0.64	13468	B41_12_months__159268_uncultured_Veillonella_sp.__k141_38944	3	13470	Veillonella	uncultured Veillonella sp.
B41_12_months	k141_39335_phage267_15335_34688_20_0.52	19354	B41_12_months__1502_Clostridium_perfringens__k141_39335	15336	34689	Clostridium	Clostridium perfringens
B41_12_months	k141_39459	13590	B41_12_months__1685_Bifidobacterium_breve__k141_39459	1	13590	Bifidobacterium	Bifidobacterium breve
B41_12_months	k141_39619_phage301_2_10716_14_0.53	10715	B41_12_months__360807_Roseburia_inulinivorans__k141_39619	3	10717	Roseburia	Roseburia inulinivorans
B41_12_months	k141_39973_phage375_69972_100342_22_0.57	30371	B41_12_months__1335613_Gordonibacter_urolithinfaciens__k141_39973	69973	100343	Gordonibacter	Gordonibacter urolithinfaciens
B41_12_months	k141_40557	11828	B41_12_months__1492_Clostridium_butyricum__k141_40557	1	11828	Clostridium	Clostridium butyricum
B41_12_months	k141_40634_1_checkv_88874-100361/100361	11488	B41_12_months__29361_Tyzzerella_nexilis__k141_40634	88874	100361	Tyzzerella	Tyzzerella nexilis
B41_12_months	k141_43573_phage795_1285_12357_11_0.7	11073	B41_12_months__360807_Roseburia_inulinivorans__k141_43573	1286	12358	Roseburia	Roseburia inulinivorans
B41_12_months	k141_44218_phage881_13714_24014_14_0.63	10301	B41_12_months__292800_Flavonifractor_plautii__k141_44218	13715	24015	Flavonifractor	Flavonifractor plautii
B41_12_months	k141_45557_1_checkv_49353-66356/66356	17004	B41_12_months__1522_[Clostridium]_innocuum__k141_45557	49353	66356	Erysipelatoclostridium	[Clostridium] innocuum
B41_12_months	k141_46174	14275	B41_12_months__1492_Clostridium_butyricum__k141_46174	1	14275	Clostridium	Clostridium butyricum
B41_12_months	k141_46756	14509	B41_12_months__29361_Tyzzerella_nexilis__k141_46756	1	14509	Tyzzerella	Tyzzerella nexilis
B41_12_months	k141_51614	12642	B41_12_months__360807_Roseburia_inulinivorans__k141_51614	1	12642	Roseburia	Roseburia inulinivorans
B41_12_months	k141_51969	22291	B41_12_months__1628085_Agathobaculum_butyriciproducens__k141_51969	1	22291	Agathobaculum	Agathobaculum butyriciproducens
B41_12_months	k141_52924	11267	B41_12_months__820_Bacteroides_uniformis__k141_52924	1	11267	Bacteroides	Bacteroides uniformis
B41_12_months	k141_5303_phage708_8285_21617_13_0.65	13333	B41_12_months__1496_Clostridioides_difficile__k141_5303	8286	21618	Clostridioides	Clostridioides difficile
B41_12_months	k141_54938	18624	B41_12_months__33039_[Ruminococcus]_torques__k141_54938	1	18624	Mediterraneibacter	[Ruminococcus] torques
B41_12_months	k141_57650_phage601_414_26029_29_0.71	25616	B41_12_months__1128111_Veillonella_atypica__k141_57650	415	26030	Veillonella	Veillonella atypica
B41_12_months	k141_6068	65785	B41_12_months__2305242_Clostridium_sp._AM34-11AC__k141_6068	1	65785	Clostridium	Clostridium sp. AM34-11AC
B41_12_months	k141_61100	12577	B41_12_months__1352_Enterococcus_faecium__k141_61100	1	12577	Enterococcus	Enterococcus faecium
B41_12_months	k141_61204_phage172_1178_23930_23_0.6	22753	B41_12_months__1496_Clostridioides_difficile__k141_61204	1179	23931	Clostridioides	Clostridioides difficile
B41_12_months	k141_62541	11207	B41_12_months__1492_Clostridium_butyricum__k141_62541	1	11207	Clostridium	Clostridium butyricum
B41_12_months	k141_63174_phage459_31_18935_15_0.77	18905	B41_12_months__1335613_Gordonibacter_urolithinfaciens__k141_63174	32	18936	Gordonibacter	Gordonibacter urolithinfaciens
B41_12_months	k141_63279	10733	B41_12_months__1502_Clostridium_perfringens__k141_63279	1	10733	Clostridium	Clostridium perfringens
B41_12_months	k141_64937_phage672_194_13583_13_0.72	13390	B41_12_months__1522_[Clostridium]_innocuum__k141_64937	195	13584	Erysipelatoclostridium	[Clostridium] innocuum
B41_12_months	k141_65026_phage686_1431_17328_13_0.72	15898	B41_12_months__1502_Clostridium_perfringens__k141_65026	1432	17329	Clostridium	Clostridium perfringens
B41_12_months	k141_67770	57138	B41_12_months__2305242_Clostridium_sp._AM34-11AC__k141_67770	1	57138	Clostridium	Clostridium sp. AM34-11AC
B41_12_months	k141_68565	27147	B41_12_months__2305242_Clostridium_sp._AM34-11AC__k141_68565	1	27147	Clostridium	Clostridium sp. AM34-11AC
B41_12_months	k141_69652	28069	B41_12_months__1496_Clostridioides_difficile__k141_69652	1	28069	Clostridioides	Clostridioides difficile
B41_12_months	k141_72493_1_checkv_7365-35207/122402	27843	B41_12_months__29361_Tyzzerella_nexilis__k141_72493	7365	35207	Tyzzerella	Tyzzerella nexilis
B41_12_months	k141_73066	22670	B41_12_months__195103_Clostridium_perfringens__k141_73066	1	22670	Clostridium	Clostridium perfringens
B41_12_months	k141_7454	17620	B41_12_months__1628085_Agathobaculum_butyriciproducens__k141_7454	1	17620	Agathobaculum	Agathobaculum butyriciproducens
B41_12_months	k141_74810	10884	B41_12_months__2305242_Clostridium_sp._AM34-11AC__k141_74810	1	10884	Clostridium	Clostridium sp. AM34-11AC
B41_12_months	k141_74903_1_checkv_26151-45868/63708	19718	B41_12_months__1496_Clostridioides_difficile__k141_74903	26151	45868	Clostridioides	Clostridioides difficile
B41_12_months	k141_75136_phage991_53665_64380_10_0.55	10716	B41_12_months__1579_Lactobacillus_acidophilus__k141_75136	53666	64381	Lactobacillus	Lactobacillus acidophilus
B41_12_months	k141_75458_1_checkv_163360-194614/256037	31255	B41_12_months__1262839_Clostridium_sp._CAG:780__k141_75458	163360	194614	Clostridium	Clostridium sp. CAG:780
B41_12_months	k141_75474_1_checkv_30276-64423/64423	34148	B41_12_months__571_Klebsiella_oxytoca__k141_75474	30276	64423	Klebsiella	Klebsiella oxytoca
B41_12_months	k141_75832_phage108_77485_99635_17_0.55	22151	B41_12_months__216816_Bifidobacterium_longum__k141_75832	77486	99636	Bifidobacterium	Bifidobacterium longum
B41_12_months	k141_76106	15235	B41_12_months__33039_[Ruminococcus]_torques__k141_76106	1	15235	Mediterraneibacter	[Ruminococcus] torques
B41_12_months	k141_76610_phage219_324_10827_11_0.62	10504	B41_12_months__39485_Lachnospira_eligens__k141_76610	325	10828	Lachnospira	Lachnospira eligens
B41_12_months	k141_77061	18568	B41_12_months__2305242_Clostridium_sp._AM34-11AC__k141_77061	1	18568	Clostridium	Clostridium sp. AM34-11AC
B41_12_months	k141_77101	29998	B41_12_months__1676614_Prevotella_rara__k141_77101	1	29998	Prevotella	Prevotella rara
B41_12_months	k141_77238	20385	B41_12_months__1262802_Clostridium_sp._CAG:411__k141_77238	1	20385	Clostridium	Clostridium sp. CAG:411
B41_12_months	k141_77666	21357	B41_12_months__1502_Clostridium_perfringens__k141_77666	1	21357	Clostridium	Clostridium perfringens
B41_12_months	k141_80202_phage707_29919_41548_11_0.6	11630	B41_12_months__1496_Clostridioides_difficile__k141_80202	29920	41549	Clostridioides	Clostridioides difficile
B41_12_months	k141_8181	41874	B41_12_months__2305242_Clostridium_sp._AM34-11AC__k141_8181	1	41874	Clostridium	Clostridium sp. AM34-11AC
B41_12_months	k141_83502_phage113_151_10390_10_0.59	10240	B41_12_months__292800_Flavonifractor_plautii__k141_83502	152	10391	Flavonifractor	Flavonifractor plautii
B41_12_months	k141_84716_1_checkv_1-41727/123922	41727	B41_12_months__573_Klebsiella_pneumoniae__k141_84716	1	41727	Klebsiella	Klebsiella pneumoniae
B41_12_months	k141_84716_2_checkv_74366-110964/123922	36599	B41_12_months__573_Klebsiella_pneumoniae__k141_84716	74366	110964	Klebsiella	Klebsiella pneumoniae
B41_12_months	k141_84943	13849	B41_12_months__53345_Enterococcus_durans__k141_84943	1	13849	Enterococcus	Enterococcus durans
B41_12_months	k141_86161	33840	B41_12_months__28025_Bifidobacterium_animalis__k141_86161	1	33840	Bifidobacterium	Bifidobacterium animalis
B41_12_months	k141_87076_1_checkv_1-39917/44083	39917	B41_12_months__159268_uncultured_Veillonella_sp.__k141_87076	1	39917	Veillonella	uncultured Veillonella sp.
B41_12_months	k141_87288_1_checkv_1-19482/26853	19482	B41_12_months__571_Klebsiella_oxytoca__k141_87288	1	19482	Klebsiella	Klebsiella oxytoca
B41_12_months	k141_88800	50282	B41_12_months__2305242_Clostridium_sp._AM34-11AC__k141_88800	1	50282	Clostridium	Clostridium sp. AM34-11AC
B41_12_months	k141_89281	100132	B41_12_months__166486_Roseburia_intestinalis__k141_89281	1	100132	Roseburia	Roseburia intestinalis
B41_12_months	k141_89388	43810	B41_12_months__33039_[Ruminococcus]_torques__k141_89388	1	43810	Mediterraneibacter	[Ruminococcus] torques
B41_12_months	k141_90377	32825	B41_12_months__1308_Streptococcus_thermophilus__k141_90377	1	32825	Streptococcus	Streptococcus thermophilus
B41_12_months	k141_91160	11433	B41_12_months__195103_Clostridium_perfringens__k141_91160	1	11433	Clostridium	Clostridium perfringens
B41_12_months	k141_91597_phage238_408_30390_21_0.63	29983	B41_12_months__28025_Bifidobacterium_animalis__k141_91597	409	30391	Bifidobacterium	Bifidobacterium animalis
B41_12_months	k141_91733	24951	B41_12_months__1676614_Prevotella_rara__k141_91733	1	24951	Prevotella	Prevotella rara
B41_12_months	k141_91844	40244	B41_12_months__2305242_Clostridium_sp._AM34-11AC__k141_91844	1	40244	Clostridium	Clostridium sp. AM34-11AC
B41_12_months	k141_92200	11052	B41_12_months__1628085_Agathobaculum_butyriciproducens__k141_92200	1	11052	Agathobaculum	Agathobaculum butyriciproducens
B41_12_months	k141_9287	15801	B41_12_months__292800_Flavonifractor_plautii__k141_9287	1	15801	Flavonifractor	Flavonifractor plautii
B41_12_months	k141_93823	13960	B41_12_months__1492_Clostridium_butyricum__k141_93823	1	13960	Clostridium	Clostridium butyricum
B41_12_months	k141_94355_phage593_423_31431_43_0.82	31009	B41_12_months__1502_Clostridium_perfringens__k141_94355	424	31432	Clostridium	Clostridium perfringens
B41_12_months	k141_94356	24470	B41_12_months__1628085_Agathobaculum_butyriciproducens__k141_94356	1	24470	Agathobaculum	Agathobaculum butyriciproducens
B41_12_months	k141_94776	11800	B41_12_months__1352_Enterococcus_faecium__k141_94776	1	11800	Enterococcus	Enterococcus faecium
B41_12_months	k141_9548_phage307_1702_35177_33_0.6	33476	B41_12_months__1496_Clostridioides_difficile__k141_9548	1703	35178	Clostridioides	Clostridioides difficile
B41_12_months	k141_97074	11301	B41_12_months__1502_Clostridium_perfringens__k141_97074	1	11301	Clostridium	Clostridium perfringens
B41_12_months	k141_989	18883	B41_12_months__1628085_Agathobaculum_butyriciproducens__k141_989	1	18883	Agathobaculum	Agathobaculum butyriciproducens
B41_12_months	k141_98945_phage149_10927_27379_14_0.59	16453	B41_12_months__2305242_Clostridium_sp._AM34-11AC__k141_98945	10928	27380	Clostridium	Clostridium sp. AM34-11AC
B41_12_months	k141_99525_1_checkv_1-16843/30399	16843	B41_12_months__1496_Clostridioides_difficile__k141_99525	1	16843	Clostridioides	Clostridioides difficile
B41_12_months	k141_99653_1_checkv_1-32447/46907	32447	B41_12_months__2305242_Clostridium_sp._AM34-11AC__k141_99653	1	32447	Clostridium	Clostridium sp. AM34-11AC
B41_12_months	k141_99754_phage287_16887_30270_17_0.59	13384	B41_12_months__1308_Streptococcus_thermophilus__k141_99754	16888	30271	Streptococcus	Streptococcus thermophilus
